GARCIA,1420072
RODRIGUEZ,895062
GONZALEZ,894207
FERNANDEZ,889029
LOPEZ,840535
MARTINEZ,803440
SANCHEZ,792679
PEREZ,753100
MARTIN,476094
GOMEZ,474999
JIMENEZ,387925
RUIZ,356957
HERNANDEZ,350725
DIAZ,327814
MORENO,313715
MUÑOZ,274806
ALVAREZ,269703
ROMERO,214840
ALONSO,190574
GUTIERREZ,186734
NAVARRO,173899
TORRES,162638
DOMINGUEZ,153099
VAZQUEZ,143226
RAMOS,139198
GIL,135796
RAMIREZ,129507
SERRANO,128198
BLANCO,118688
MOLINA,117504
MORALES,115728
SUAREZ,115069
ORTEGA,114109
DELGADO,112887
CASTRO,110406
ORTIZ,102177
RUBIO,101477
MARIN,98931
SANZ,89752
NUÑEZ,86865
IGLESIAS,86322
CORTES,85553
MEDINA,84203
GARRIDO,83466
CASTILLO,80063
SANTOS,79536
LOZANO,77643
GUERRERO,76573
CANO,75093
PRIETO,71303
MENDEZ,68735
CALVO,67489
GALLEGO,67363
CRUZ,67179
MARQUEZ,67016
LEON,66499
VIDAL,66254
HERRERA,65974
PEÑA,65762
CABRERA,65215
FLORES,64750
CAMPOS,64174
VEGA,62441
FUENTES,62001
CARRASCO,61433
DIEZ,60301
NIETO,58612
CABALLERO,58609
REYES,58038
AGUILAR,56518
SANTANA,56186
PASCUAL,55926
HERRERO,55919
LORENZO,54897
HIDALGO,54630
MONTERO,54552
GIMENEZ,54477
SANTIAGO,54396
IBAÑEZ,53284
FERRER,52282
DURAN,52057
CARMONA,50871
MORA,50621
VICENTE,50544
BENITEZ,50516
VARGAS,50348
ARIAS,49222
CRESPO,47879
PASTOR,46371
SOTO,46019
ROMAN,45790
SAEZ,45492
VELASCO,45100
MOYA,44576
SOLER,43973
GALLARDO,43799
PARRA,43548
ESTEBAN,43469
BRAVO,42953
PARDO,42293
MERINO,41314
ROJAS,40955
LARA,40506
ESPINOSA,40103
FRANCO,39942
IZQUIERDO,39772
RIVAS,39446
CAMACHO,39109
CASADO,39015
REDONDO,38712
RIVERA,38672
ARROYO,38655
LUQUE,38441
GALAN,38307
REY,38137
OTERO,37762
MONTES,37705
VERA,37659
SEGURA,37361
SIERRA,37199
CARRILLO,37095
RIOS,37069
HEREDIA,36709
SILVA,36572
MARCOS,36378
SORIANO,35686
BERNAL,35332
MARTI,35248
MENDOZA,35115
ROBLES,35064
VALERO,34726
VILA,34104
EXPOSITO,34098
MACIAS,33730
PALACIOS,33555
BENITO,33188
ROLDAN,33063
GUERRA,32959
VARELA,32720
CONTRERAS,32616
BUENO,32588
MATEO,32581
ANDRES,32557
VILLAR,31791
GUILLEN,31526
MATEOS,31470
ESCUDERO,31466
MIRANDA,30826
AGUILERA,30670
CASAS,30305
APARICIO,30093
ESTEVEZ,29752
RIVERO,29680
GALVEZ,29359
PADILLA,29182
JURADO,29068
BELTRAN,29000
RICO,28978
MENENDEZ,28930
CALDERON,28737
SALAS,28609
CONDE,28582
BERMUDEZ,28531
PLAZA,28429
ARANDA,28353
ABAD,28322
GRACIA,28295
QUINTANA,28179
BLAZQUEZ,27924
PEREIRA,27784
ACOSTA,27777
SALAZAR,27527
MANZANO,27417
SANTAMARIA,27109
GUZMAN,26955
ROCA,26914
TRUJILLO,26855
RUEDA,26690
CUESTA,26552
SERRA,26452
MIGUEL,26448
VILLANUEVA,26351
HURTADO,26263
TOMAS,26171
AVILA,26144
DE LA FUENTE,26000
MESA,25992
PACHECO,25949
COSTA,25853
DEL RIO,25655
LAZARO,25228
PONS,25222
SANCHO,25175
MILLAN,25127
SIMON,25024
LUNA,24861
ALARCON,24842
ESCOBAR,24825
ZAMORA,24663
BLASCO,24453
CASTAÑO,24453
BERMEJO,24080
SALVADOR,24015
BALLESTEROS,23880
VALVERDE,23731
MALDONADO,23690
BAUTISTA,23551
PAREDES,23177
OLIVA,22998
PONCE,22922
CORDERO,22898
DE LA CRUZ,22883
MONTOYA,22869
VALLE,22843
LORENTE,22827
ANTON,22565
RODRIGO,22401
MARTOS,22318
COLLADO,22261
POZO,22226
AMADOR,22134
MAS,22030
CUEVAS,21978
CUENCA,21967
JUAN,21912
MURILLO,21850
QUESADA,21831
BARROSO,21775
DE LA TORRE,21643
BARRERA,21473
ROS,21236
PULIDO,21142
MARCO,21126
NAVAS,21034
CABELLO,21012
ALBA,20955
ORDOÑEZ,20909
ARENAS,20706
CORRAL,20642
ROJO,20558
AGUADO,20440
GIMENO,20431
ESCRIBANO,20412
SORIA,20359
MENA,20356
CARO,20261
GALINDO,20243
SAIZ,20207
PUIG,20186
ASENSIO,20067
DOMINGO,20004
VALLEJO,19945
LUCAS,19859
REINA,19754
POLO,19677
NARANJO,19632
MATA,19533
RAMON,19485
LINARES,19276
VALENCIA,19041
VILLALBA,18941
LEAL,18875
OJEDA,18740
CARRETERO,18717
PAZ,18670
MORAN,18668
AGUIRRE,18509
BURGOS,18376
MOHAMED,18075
BONILLA,18048
ARAGON,18004
OLIVER,17957
CASTELLANO,17545
CARRION,17506
CORDOBA,17505
CLEMENTE,17398
SOSA,17378
ROIG,17301
CALERO,17189
ROSA,17053
VILLA,17007
ANDREU,17002
HERNANDO,16987
CHACON,16981
CARRERA,16851
ALCARAZ,16825
COBO,16776
SAAVEDRA,16677
CACERES,16664
JUAREZ,16657
CARDENAS,16656
VELAZQUEZ,16605
TOLEDO,16559
SOLA,16453
MORAL,16364
VELA,16351
DOMENECH,16309
RIERA,16282
LLORENTE,16265
CARBONELL,16187
CORREA,16104
REQUENA,16014
ZAPATA,15992
SEVILLA,15794
VILLEGAS,15794
LUIS,15735
ARRIBAS,15731
ALFONSO,15678
SALGADO,15674
PELAEZ,15542
OLIVARES,15538
BARRIOS,15505
PIÑEIRO,15493
CARBALLO,15489
PRADO,15404
FONT,15328
DE LA ROSA,15297
SOLIS,15181
ESTEVE,15159
PEREA,15124
QUINTERO,15109
CASTILLA,15037
AYALA,14967
MARRERO,14945
GRAU,14923
PINEDA,14877
CANTERO,14752
BOSCH,14745
BAENA,14656
CID,14655
BALLESTER,14652
SALINAS,14626
SANCHIS,14556
PALOMO,14538
PORRAS,14409
BELMONTE,14372
RINCON,14289
CASANOVA,14264
RECIO,14248
MIRALLES,14234
NICOLAS,14198
LAGO,14182
PALMA,14175
AREVALO,14163
PINO,14127
BARBA,14092
COBOS,14034
HERRANZ,13895
ARRANZ,13835
MUÑIZ,13830
SALA,13736
CUADRADO,13634
VENTURA,13629
VAQUERO,13604
MADRID,13603
PINTO,13591
CABEZAS,13539
COLL,13520
BARREIRO,13492
MARQUES,13487
OCAÑA,13474
CERVERA,13469
CARDONA,13431
ANGULO,13308
NAVARRETE,13255
GRANADOS,13206
PUENTE,13123
CAMARA,13032
ALFARO,13007
GAMEZ,12999
VELEZ,12963
BECERRA,12949
BELLO,12907
ALCANTARA,12885
MEJIAS,12812
EGEA,12773
LOSADA,12744
FALCON,12740
PUJOL,12714
OCHOA,12707
LATORRE,12688
BARRAGAN,12670
CORRALES,12660
CASTELLANOS,12658
VALLS,12657
RUANO,12639
TAPIA,12608
VERGARA,12585
ROVIRA,12501
CEBRIAN,12483
SASTRE,12473
FAJARDO,12460
HUERTAS,12438
PERALTA,12433
FRAILE,12412
CEREZO,12400
CATALAN,12385
ARJONA,12349
BORREGO,12344
PAVON,12289
MORCILLO,12270
ARIZA,12262
BARBERO,12252
CAMPO,12249
SEGOVIA,12247
ESTRADA,12238
GUIJARRO,12170
DEL VALLE,12140
GODOY,12056
AZNAR,12050
PEINADO,12031
ROMERA,12004
VALENZUELA,11988
CANOVAS,11976
ALCAIDE,11954
MORILLO,11944
MELERO,11923
FERREIRO,11897
TORO,11878
CARVAJAL,11837
LOBATO,11826
AMAYA,11744
LLAMAS,11741
TEJERO,11737
AGUDO,11723
GALVAN,11694
ESPEJO,11691
GORDILLO,11677
TIRADO,11673
JORGE,11620
REAL,11591
SOLE,11586
SAINZ,11573
VALDES,11466
FERREIRA,11428
DORADO,11427
CRIADO,11415
PORTILLO,11357
GRANDE,11354
DE MIGUEL,11350
ROSALES,11308
BARRIO,11293
GONZALO,11289
ROYO,11249
DAVILA,11229
CHAMORRO,11189
DUQUE,11152
ROSADO,11143
SALGUERO,11104
MOYANO,11102
FRIAS,11071
PIZARRO,11070
SOLANO,11032
FREIRE,11015
CALLEJA,10996
ALCAZAR,10981
OLMEDO,10956
BORJA,10951
FIGUEROA,10930
DUARTE,10909
DEL POZO,10907
AVILES,10864
ALCALA,10859
TENA,10852
ALCALDE,10820
PLA,10779
MOSQUERA,10744
FERRERO,10736
ZAMBRANO,10662
PANIAGUA,10661
HUERTA,10647
LLORENS,10619
REBOLLO,10583
PAZOS,10581
PIÑERO,10579
SAENZ,10548
GARZON,10513
ABELLAN,10471
NOGUERA,10469
CHAVES,10458
HERAS,10440
SALCEDO,10435
HERVAS,10412
LAFUENTE,10407
VIVES,10403
BARRANCO,10367
BONET,10349
SERNA,10345
OLMO,10339
PAEZ,10321
POVEDA,10298
QUIROS,10278
BRITO,10250
HARO,10229
BARTOLOME,10226
MATEU,10222
CABEZA,10184
VALIENTE,10153
PENA,10130
MELLADO,10103
VALLES,10044
LLOPIS,10029
BORRAS,10024
GINER,9987
BARCELO,9969
LAGUNA,9966
MOLERO,9963
OSUNA,9952
ARCE,9940
MIRA,9937
PALOMARES,9902
SOUTO,9896
PALOMINO,9861
DEL CASTILLO,9849
DEL PINO,9847
BILBAO,9804
YAÑEZ,9803
MAESTRE,9792
FUERTES,9781
AFONSO,9763
GARCES,9758
CARREÑO,9734
VILCHEZ,9668
ARAUJO,9656
SAN JOSE,9634
MONTESINOS,9630
CASTELLO,9588
ZAFRA,9580
CEBALLOS,9514
CALLE,9510
BAEZA,9469
URBANO,9461
ANDRADE,9448
OROZCO,9443
BELLIDO,9442
OLMOS,9424
RIBAS,9420
PRATS,9417
PUERTAS,9384
FELIPE,9375
ALVARADO,9368
OSORIO,9365
JAEN,9359
CASTAÑEDA,9342
PERALES,9341
MINGUEZ,9336
VIZCAINO,9332
PAREJA,9327
MURCIA,9324
LEIVA,9313
ZARAGOZA,9244
CARRERAS,9226
MONTORO,9199
GASCON,9177
CAMPILLO,9150
LUENGO,9143
PERIS,9059
GAGO,9045
BUSTAMANTE,9031
SEBASTIAN,9029
TEJADA,8983
BAÑOS,8982
ARCOS,8958
VALERA,8929
CASAL,8912
MONGE,8899
ALEGRE,8885
CAÑAS,8875
ENRIQUEZ,8872
FUSTER,8859
DE CASTRO,8820
SOBRINO,8804
VILAR,8767
CAZORLA,8757
NADAL,8732
ACEVEDO,8700
MAYA,8699
SANJUAN,8691
TEJEDOR,8683
LEDESMA,8679
DE LEON,8678
SALMERON,8657
CONESA,8647
SEOANE,8636
JEREZ,8635
BUSTOS,8615
TELLO,8565
BAREA,8540
ARMAS,8509
PALLARES,8508
SARMIENTO,8455
FERRE,8454
VERDU,8453
MONTIEL,8397
PRADOS,8364
PADRON,8353
LOBO,8347
TORTOSA,8345
BARRERO,8336
DEL CAMPO,8333
RIPOLL,8323
CLIMENT,8309
CATALA,8293
MORON,8293
AYUSO,8270
MARI,8268
MAYOR,8263
FERRANDO,8262
ZABALA,8260
VEIGA,8243
PEÑALVER,8218
PRADA,8189
TABOADA,8178
ALEMAN,8164
AMOROS,8153
BEJARANO,8144
ABRIL,8122
SAN MARTIN,8118
MORO,8116
GALERA,8093
FRAGA,8084
DIEGUEZ,8053
BAEZ,8045
ARTEAGA,8043
JORDAN,8037
JARA,8027
CHAVEZ,8014
ORELLANA,7989
YUSTE,7972
MAROTO,7943
PATIÑO,7937
TAMAYO,7928
ALVARO,7923
MANSO,7917
LUCENA,7904
NOGALES,7877
INFANTE,7869
SANDOVAL,7860
PINILLA,7824
BERENGUER,7814
MANRIQUE,7811
PEDROSA,7784
ATIENZA,7769
CERDA,7757
DEL OLMO,7736
MOTA,7721
SAMPEDRO,7720
VILLENA,7720
ALBERT,7715
MIGUEZ,7705
ROCHA,7683
VILLAVERDE,7681
RAYA,7678
DUEÑAS,7634
ALMAGRO,7627
SEVILLANO,7624
UBEDA,7623
MIRO,7608
CANALES,7605
VIÑAS,7585
BATISTA,7569
MORILLAS,7569
TERUEL,7567
MANZANARES,7561
DIEGO,7560
ECHEVERRIA,7533
DE LAS HERAS,7531
ORTUÑO,7529
BARROS,7527
VASQUEZ,7519
CIFUENTES,7516
INIESTA,7492
CHECA,7486
MEDRANO,7464
ACEDO,7453
RIBERA,7444
MERCHAN,7423
ESPAÑA,7416
PERDOMO,7410
AHMED,7398
PUERTO,7375
TRIGO,7367
CAPARROS,7360
ECHEVARRIA,7347
DE DIEGO,7337
NOVOA,7323
ARES,7318
ROBLEDO,7314
HERREROS,7302
BOLAÑOS,7298
TALAVERA,7262
GRANADO,7259
LUJAN,7255
DA SILVA,7253
FRANCES,7245
MATAS,7241
MACIA,7235
MONTILLA,7220
ALMEIDA,7219
BALAGUER,7203
BERNABE,7199
MONTAÑO,7198
HERMIDA,7194
ESPADA,7186
QUEVEDO,7171
SEGARRA,7171
FRANCISCO,7138
MOREIRA,7132
CUBERO,7106
ZAMORANO,7102
PERAL,7093
MACHADO,7089
PUERTA,7068
TELLEZ,7051
DE LOS SANTOS,7050
MOLINERO,7050
BERNABEU,7040
TOME,7039
TORIBIO,7037
BUENDIA,7035
MONZON,7025
PINA,7023
MARIÑO,7005
BARBERA,6999
MELIAN,6993
PRAT,6963
CORONADO,6953
MAYO,6948
JARAMILLO,6930
ENCINAS,6910
IBARRA,6890
LAMAS,6890
RODENAS,6887
ARANA,6877
PARRILLA,6866
LLORET,6834
SAURA,6823
CERVANTES,6806
VIVAS,6797
PEIRO,6797
VALDIVIA,6796
CARRO,6788
COSTAS,6783
SANMARTIN,6782
MAYORAL,6761
MARISCAL,6758
GABARRI,6756
PIQUERAS,6753
BADIA,6753
TOVAR,6744
TORRE,6728
MARTORELL,6712
QUILES,6689
BOIX,6686
CAÑETE,6684
HINOJOSA,6675
PALACIO,6671
MELENDEZ,6655
UREÑA,6652
MEJIA,6650
CARRERO,6641
COCA,6638
ANDUJAR,6624
GAMERO,6616
REVUELTA,6615
FARIÑA,6594
PEDRAZA,6593
CAMPS,6590
CAÑADAS,6559
GIRALDO,6506
FIDALGO,6486
PICAZO,6484
NARVAEZ,6477
PERERA,6461
PLANAS,6457
ZURITA,6452
SEPULVEDA,6452
GOÑI,6422
GUISADO,6406
MIR,6406
ACUÑA,6387
AMORES,6376
ALAMO,6359
DOS SANTOS,6351
TORREGROSA,6349
RIAL,6347
GORDO,6342
AMOR,6327
ROMO,6322
VILCHES,6317
CARRASCOSA,6289
SOLANA,6283
FRUTOS,6279
SEGUI,6265
PALAU,6259
GIRON,6254
PALAZON,6248
ADAN,6247
BOTELLA,6242
SABATER,6238
CALATAYUD,6237
SALES,6226
CODINA,6226
DE DIOS,6225
LEMA,6219
PICO,6217
VEGAS,6215
ARELLANO,6213
MESTRE,6209
RIQUELME,6204
QUERO,6192
LORA,6187
PARADA,6176
ARNAU,6173
PAREJO,6171
TOLEDANO,6170
NEVADO,6168
HERMOSO,6132
HERRAIZ,6131
LABRADOR,6122
MERA,6121
VIERA,6120
NOVO,6118
CHICO,6101
CUELLAR,6090
CANTOS,6069
POSTIGO,6069
BELDA,6040
ANTOLIN,6032
RIBES,6029
DEL MORAL,6025
NIEVES,6017
PELLICER,6014
GUIRADO,6014
VICO,6011
CESPEDES,6008
MEGIAS,6007
REVILLA,6005
JIMENO,5997
CAAMAÑO,5994
JAIME,5991
ANTUNEZ,5990
FUENTE,5989
SEMPERE,5983
TORRALBA,5978
RAMIRO,5976
VERDUGO,5964
NEIRA,5942
CORDON,5927
CENTENO,5925
GALIANO,5899
SILVESTRE,5898
GUARDIOLA,5894
ELVIRA,5882
SACRISTAN,5862
FARRE,5861
PIÑA,5841
QUIROGA,5838
BENAVIDES,5825
YAGUE,5821
SINGH,5808
ALEMANY,5806
CABANILLAS,5777
CANTO,5756
ROSELL,5752
BERROCAL,5745
MANSILLA,5740
COMAS,5723
COLOMER,5723
AROCA,5720
GILABERT,5707
URIARTE,5701
CAÑIZARES,5687
ESPIN,5663
ARNAIZ,5662
FEIJOO,5641
TRILLO,5637
MAÑAS,5610
HOYOS,5609
CAPDEVILA,5603
ROSELLO,5599
FIGUERAS,5598
CERDAN,5594
PERELLO,5594
GISBERT,5579
SANS,5574
BETANCOR,5573
TORREJON,5557
MONTEAGUDO,5543
MONTENEGRO,5514
TUDELA,5512
PORTELA,5508
LLANOS,5488
AMAT,5488
CORNEJO,5486
CAMPOY,5482
GUEVARA,5480
MAZA,5471
CRISTOBAL,5469
FONSECA,5451
FLOREZ,5449
GARRIGA,5439
SAN JUAN,5434
CHAPARRO,5434
MORILLA,5420
HOLGADO,5419
AMADO,5418
MESEGUER,5418
MARMOL,5418
BASTIDA,5417
TEJERA,5416
SECO,5399
QUIÑONES,5396
REIG,5391
ALIAGA,5386
RIO,5386
ESPINO,5373
MURIEL,5367
PLASENCIA,5326
GABARRE,5294
ABREU,5291
BARRIENTOS,5279
CARPIO,5278
VALCARCEL,5274
SAN MIGUEL,5271
CAMINO,5265
JULIAN,5263
SAMPER,5256
ESPINOZA,5254
CARRANZA,5254
SALDAÑA,5248
GUIRAO,5240
RUZ,5238
DE HARO,5234
GAVILAN,5217
VACA,5203
MORERA,5201
FLORIDO,5196
MATOS,5174
JULIA,5164
CASTELLS,5159
LILLO,5157
BENAVENTE,5146
ANAYA,5128
OVIEDO,5121
DORTA,5119
MORATO,5104
CHICA,5075
FERRERA,5067
OLIVERA,5064
LORCA,5061
SOUSA,5053
PARIS,5047
CASARES,5043
RECHE,5041
CASALS,5038
VALDERRAMA,5037
HIGUERAS,5013
PAJARES,4981
CALZADA,4975
PEREDA,4968
DE LA IGLESIA,4966
JOVER,4966
MERIDA,4960
AGULLO,4956
DENIZ,4948
CABRERO,4942
VERDEJO,4938
CONEJO,4932
URRUTIA,4932
FERRERAS,4929
TUR,4913
JORDA,4908
MONTALVO,4908
CANDELA,4897
SALAMANCA,4895
ROPERO,4894
CASERO,4894
DE LA PEÑA,4888
ALBALADEJO,4884
ELIAS,4882
MELGAR,4876
ASENJO,4874
CUETO,4872
BENAVENT,4869
ARRIETA,4860
GASPAR,4854
UGARTE,4850
CORBACHO,4844
DEL AMO,4842
PUEYO,4840
VARA,4832
GOMIS,4831
NOGUEIRA,4830
MERCADO,4828
CERRO,4827
MATO,4817
DAZA,4803
ARAGONES,4802
MARTEL,4793
ESPINAR,4792
MAESTRO,4785
LLORCA,4779
COELLO,4778
PUGA,4770
LARREA,4766
BAYON,4762
FERRANDEZ,4761
VADILLO,4752
TORRADO,4742
ESPARZA,4740
DE ANDRES,4739
DE LA VEGA,4729
PALOMAR,4728
BRIONES,4727
RIUS,4722
GARMENDIA,4720
SALIDO,4714
TORMO,4695
MONTALBAN,4694
SIMO,4685
MADRIGAL,4684
MATIAS,4677
BERNARDO,4669
PAGES,4668
HIERRO,4664
DE PABLO,4661
BARRIGA,4660
AYLLON,4654
VILLALOBOS,4648
ESCALANTE,4647
MANCEBO,4639
TRIVIÑO,4636
MONJE,4636
PINTADO,4632
DE LA CALLE,4628
CASANOVAS,4625
QUINTANILLA,4617
ANGUITA,4613
RAMA,4604
CAPILLA,4601
MILAN,4596
DONOSO,4596
CABO,4596
DONAIRE,4592
LARRAÑAGA,4590
VILANOVA,4584
GIRALDEZ,4583
BOU,4568
CADENAS,4562
CARPINTERO,4559
PORTERO,4555
MOLLA,4538
CASTILLEJO,4535
SABATE,4534
UTRERA,4533
GUARDIA,4532
ANTEQUERA,4525
POZA,4524
IRIARTE,4512
TORRENT,4509
ALVES,4501
RABADAN,4501
BLAS,4500
GALLO,4498
PORCEL,4490
BUSTO,4490
PICON,4488
DALMAU,4468
BUITRAGO,4467
ZUÑIGA,4461
CASCALES,4458
CORTIJO,4458
MONREAL,4456
ALBARRAN,4451
PALMERO,4446
MIQUEL,4445
LIMA,4437
CAÑADA,4431
AMIGO,4429
PITA,4429
TERRON,4419
MEDIAVILLA,4417
CLAVIJO,4413
GARAY,4410
PORTA,4409
BERLANGA,4408
VALENTIN,4404
PELAYO,4401
SARABIA,4397
PAYA,4391
GREGORIO,4377
GARROTE,4376
POZUELO,4369
RONCERO,4369
MONTESDEOCA,4368
PARRAGA,4367
VAL,4366
ALMANSA,4355
PRIEGO,4351
JODAR,4346
MONTAÑES,4345
ALBERDI,4345
CARBAJO,4342
GEA,4338
MIGUELEZ,4338
MENESES,4333
BLANCH,4333
COMPANY,4333
ZORRILLA,4329
DE FRUTOS,4324
CARDOSO,4323
BARRETO,4322
GINES,4314
ANGEL,4312
CUERVO,4308
LLUCH,4308
RODA,4303
MORALEDA,4297
ESCRIVA,4293
CISNEROS,4292
SANABRIA,4287
PUCHE,4278
REGUERA,4269
NORIEGA,4261
TRIGUERO,4253
INFANTES,4245
PIÑOL,4236
AGUERA,4235
MICO,4228
BARAHONA,4226
MORELL,4214
RAPOSO,4207
PORTO,4204
JUSTO,4201
ARCAS,4199
GAZQUEZ,4191
MAQUEDA,4189
MORANTE,4185
CARABALLO,4183
PEÑAS,4180
AGUIAR,4175
BAYO,4168
SILES,4160
MORGADO,4155
POMARES,4150
TENORIO,4148
MULERO,4136
VALLADARES,4135
PANADERO,4132
MILLA,4129
MONROY,4128
VACAS,4127
GRANDA,4124
REGUEIRO,4124
CONCEPCION,4122
DE PAZ,4122
ESCALONA,4113
PLATA,4112
ZAMBRANA,4109
BERTRAN,4104
CARAVACA,4102
MANJON,4102
CASTRILLO,4099
QUEROL,4097
OLIVEIRA,4089
ALMAZAN,4086
ROCAMORA,4086
GRANERO,4084
ABELLA,4081
CARRACEDO,4066
CASTEJON,4066
ASENCIO,4063
MURO,4061
PLANA,4059
CABAÑAS,4054
MACHO,4053
TORNERO,4047
ALCON,4044
CANTON,4042
PRADAS,4041
BOLIVAR,4032
ROSILLO,4032
TEBAR,4031
BARBOSA,4027
CEPEDA,4012
VILAS,4001
AMARO,3999
CERRATO,3998
GANDIA,3997
CALZADO,3988
FORTES,3984
CARBO,3984
CASTELL,3983
MACHIN,3981
SEDANO,3971
MOLINER,3968
MIRAS,3960
MOTOS,3959
ARREGUI,3931
TORRIJOS,3927
BARCO,3924
ROA,3924
VILLARREAL,3914
HENRIQUEZ,3914
CAMPAÑA,3912
LLEDO,3906
SOTELO,3905
ARGUELLES,3904
RIVEIRO,3904
VENEGAS,3904
CUTILLAS,3886
PARRAS,3885
RUS,3883
ARTILES,3863
BARON,3861
ESCAMILLA,3854
DEL BARRIO,3854
CUARTERO,3851
CONEJERO,3851
BAZAN,3849
VARO,3846
DE PEDRO,3837
TRINIDAD,3835
LOUREIRO,3831
FABREGAT,3829
TORRECILLAS,3828
COZAR,3827
MANGAS,3826
ABADIA,3826
CANAL,3822
BARRENA,3813
VILARIÑO,3811
URIBE,3802
MENGUAL,3799
OLLER,3797
AGUAYO,3793
CASILLAS,3793
FONTAN,3793
PEDRERO,3790
RAMIS,3789
VIGO,3783
ARMENGOL,3782
MARIA,3778
DURA,3777
MONFORT,3777
ABASCAL,3775
UCEDA,3774
PARRADO,3772
SENDRA,3771
QUILEZ,3770
JAUREGUI,3768
ORTA,3765
QUINTAS,3765
MORATA,3765
BEJAR,3763
ALSINA,3760
IÑIGUEZ,3759
CANALS,3755
PABLOS,3755
SEIJAS,3745
FERRI,3743
TERAN,3742
BARCIA,3740
GALIANA,3739
DIZ,3733
COLOM,3731
BREA,3729
YANES,3725
ANDRADES,3721
ORTS,3721
CARNERO,3711
PANTOJA,3711
TORRENTE,3706
LAVADO,3705
ROQUE,3701
CAMARERO,3699
GONZALVEZ,3682
NEBOT,3679
TORRECILLA,3673
VELASQUEZ,3672
PABLO,3671
NICOLAU,3666
DEVESA,3663
ROSAS,3658
ANTELO,3658
DE JUAN,3658
CAYUELA,3656
BUSQUETS,3652
LANDA,3652
FELIX,3649
AGUILA,3649
HUGUET,3640
ROMANO,3638
MUGICA,3628
ALCOLEA,3622
LAHOZ,3619
LIEBANA,3619
NIÑO,3608
SAN ROMAN,3608
LLANO,3603
ALGUACIL,3602
CASES,3598
FERRO,3598
IBORRA,3595
VIEJO,3586
ARNAL,3586
VICENT,3584
ARAMBURU,3582
DEL REY,3582
DURO,3581
ROSARIO,3573
BORRERO,3573
VALBUENA,3568
LASO,3561
SIMARRO,3556
GRAÑA,3554
AMO,3554
POSADA,3552
LASTRA,3551
HIGUERA,3549
SALVATIERRA,3549
BAQUERO,3545
ROSSELLO,3544
REINOSO,3538
NUÑO,3533
RUA,3528
COUTO,3526
FERRANDIZ,3522
BLANES,3522
FUNES,3519
TOSCANO,3517
GADEA,3506
NAVALON,3501
BARRIONUEVO,3498
MASIP,3495
ORTIGOSA,3491
ARRABAL,3490
PEREIRO,3490
IRANZO,3484
VIVANCOS,3482
BLANCA,3478
BAS,3478
RANGEL,3477
CORONEL,3474
LAGE,3468
MENDIZABAL,3466
MATAMOROS,3465
NEGRIN,3457
MORENTE,3457
VENDRELL,3455
BARRAL,3447
PARREÑO,3443
SABORIDO,3442
MATILLA,3438
CURBELO,3438
MARINA,3437
LIÑAN,3430
BARQUERO,3430
MOLL,3429
ROZAS,3427
VIANA,3426
CARREIRA,3424
EGIDO,3423
CANET,3416
ROMEO,3416
PASTRANA,3412
ARTERO,3412
DE LOS REYES,3410
ACERO,3409
PINTOR,3409
CRUCES,3407
CORREAS,3405
REGALADO,3398
ARAQUE,3398
POMBO,3397
MONDEJAR,3397
BALLESTA,3394
ALMENDROS,3392
SELLES,3389
ESTEBANEZ,3389
DE LUCAS,3388
ALI,3379
ARTIGAS,3378
LLINARES,3378
BELLON,3375
ROMEU,3369
DEL VAL,3365
ALBERO,3357
PAGAN,3357
HUETE,3348
OLEA,3348
CORCOLES,3347
LASA,3345
DE BLAS,3343
YEPES,3342
SALADO,3340
SAMANIEGO,3337
FRANCH,3332
CURTO,3330
CALVENTE,3328
PINEDO,3327
SOLERA,3325
CURIEL,3323
FELIU,3323
NOTARIO,3321
MONZO,3321
PALENCIA,3321
CORTINA,3315
DE JESUS,3310
COTO,3310
MERCADER,3306
HITA,3303
FRESNEDA,3302
BARREDA,3300
GALISTEO,3292
CORBALAN,3291
BERNARDEZ,3291
PAJUELO,3290
EDO,3289
CHINCHILLA,3287
TORRICO,3287
LOSA,3285
VELARDE,3285
ACEITUNO,3283
TOLOSA,3279
MULET,3275
BAJO,3268
OLTRA,3264
COLMENERO,3261
CALABUIG,3258
VICARIO,3256
ALGABA,3255
GIJON,3254
IZAGUIRRE,3246
GUASCH,3244
GABALDON,3243
CORPAS,3242
PACHON,3237
TERCERO,3234
ALLER,3234
CLAVERO,3231
ALBEROLA,3228
BERNAD,3220
VARONA,3218
MATE,3217
GUILLAMON,3216
BARRUL,3212
BORREGUERO,3207
NOYA,3203
HERRAEZ,3200
TORRAS,3200
GUILLEM,3199
BRENES,3199
ESPINA,3195
IÑIGO,3195
HUESO,3191
MARCH,3185
RODERO,3180
LLADO,3176
MARCHENA,3175
ALCOCER,3173
DEL TORO,3173
BARRADO,3172
BAYONA,3171
PATON,3168
AZORIN,3167
BARRACHINA,3165
FELIZ,3164
LAVIN,3155
TRIGUEROS,3147
REGO,3146
ETXEBERRIA,3146
SIRVENT,3145
VALDIVIESO,3144
CUADROS,3141
BOZA,3140
MANCERA,3138
ESCOLANO,3137
PIEDRA,3133
GAITAN,3132
ALEGRIA,3132
TABARES,3125
POSE,3124
PITARCH,3124
QUINTELA,3123
DE LA HOZ,3121
GOICOECHEA,3119
ZARZA,3119
BERTOMEU,3119
ASENSI,3116
AGUERO,3115
MONEDERO,3104
CHAMIZO,3104
DEL CERRO,3103
TAMARIT,3102
MAGAN,3101
BERRIO,3100
SERRAT,3099
BORRELL,3095
VICENS,3094
CASTIÑEIRA,3093
BALBOA,3092
ZARCO,3091
COLOMA,3088
HERNANZ,3088
VIVO,3084
TORRALBO,3080
ARACIL,3075
SOLSONA,3075
CALLEJO,3073
CEJUDO,3071
BARO,3070
CUEVA,3067
ESCOBEDO,3067
ZARATE,3065
MIRON,3065
ESTEPA,3064
PERONA,3062
GANDARA,3062
TORAL,3060
SOMOZA,3058
CALLEJAS,3054
RENDON,3051
SEIJO,3050
COMESAÑA,3045
QUIJADA,3045
CABRERIZO,3043
VILLAESCUSA,3043
TREJO,3040
JAREÑO,3040
BEDOYA,3040
BORGES,3040
MAESO,3038
GONZALES,3035
POU,3033
LERMA,3033
MALAGON,3032
AVALOS,3030
AMENGUAL,3030
RODRIGUES,3029
GARGALLO,3026
BARCENA,3025
DEL HOYO,3023
TORTAJADA,3017
LARROSA,3016
MOURE,3015
REQUEJO,3014
ARMENTEROS,3012
MOLANO,3007
HEVIA,3006
ARANGO,2996
PELEGRIN,2993
LLACER,2991
BATLLE,2990
TEJEDA,2984
MELO,2983
BROTONS,2981
MUR,2980
SICILIA,2979
FABRA,2976
GIRONA,2976
AGUSTI,2962
PRADES,2962
LLOP,2960
LUMBRERAS,2952
GELABERT,2951
MESAS,2949
BAUZA,2945
PIQUER,2944
MARQUINA,2943
DIOS,2938
TRONCOSO,2936
GASCO,2933
CANDEL,2930
MAYORGA,2926
GALDEANO,2924
MAGRO,2924
GALDON,2922
COLLANTES,2915
URBINA,2914
PIMENTEL,2914
ALCAÑIZ,2913
BERNAT,2910
BERBEL,2910
MIÑANA,2909
LOPERA,2904
DARIAS,2904
CRUZADO,2903
LEYVA,2902
CIUDAD,2902
GAMBOA,2900
MACHUCA,2898
CAMARENA,2897
FLOR,2895
CEDEÑO,2891
BOUZAS,2891
CAO,2888
NOVILLO,2885
ADAME,2885
HERNAN,2885
CORONA,2878
COLLAZO,2875
VILLALON,2874
MADUEÑO,2872
REVERTE,2871
GAMARRA,2870
LEDO,2866
MUNUERA,2863
HERMOSILLA,2861
AZCONA,2861
UTRILLA,2859
REGUEIRA,2859
ILLAN,2857
GOMARIZ,2857
GONGORA,2857
GAVIRA,2855
CLAVERIA,2852
CUBAS,2850
MOSCOSO,2844
PUENTES,2844
ETXEBARRIA,2843
ARANGUREN,2842
CEA,2836
MONTAÑEZ,2835
QUISPE,2830
ENRIQUE,2828
VINUESA,2828
ESPI,2828
MORANT,2825
ZABALETA,2822
MALLO,2821
CREMADES,2821
BELENGUER,2820
OLIVERAS,2810
GARATE,2810
BATALLA,2806
CAÑELLAS,2805
CASTELLON,2804
ESCOLAR,2800
VERDE,2797
MONTSERRAT,2796
MAYORDOMO,2795
VIÑA,2793
RIOJA,2792
ORTIN,2791
IVARS,2790
JUSTICIA,2787
MARCHANTE,2786
VARAS,2785
ROURA,2785
VILALTA,2783
LABORDA,2782
BAZ,2782
URIA,2781
LECHUGA,2777
BOLUDA,2776
PIERA,2774
BONILLO,2774
FABREGAS,2772
CANOSA,2771
RICART,2768
TROYA,2768
GALARZA,2767
MUELA,2766
CARRASCAL,2766
GALLEGOS,2765
PONT,2765
MAGDALENO,2764
LASHERAS,2764
ILLESCAS,2759
RUBIALES,2758
TEIJEIRO,2757
CASTELLA,2755
FANDIÑO,2754
ADELL,2752
TRUEBA,2751
JOVE,2751
BOADA,2751
PUEBLA,2750
PADIN,2745
RODAS,2740
MULA,2739
PORTILLA,2738
JUNQUERA,2737
ALEJO,2735
ALMODOVAR,2735
PALENZUELA,2734
GALEANO,2733
FOLCH,2733
RAYO,2732
VILAPLANA,2729
TEROL,2725
BENEDICTO,2723
SALVADO,2721
PALACIN,2720
GREGORI,2719
HORTELANO,2717
OBREGON,2714
ELENA,2713
MENDIETA,2713
LARIOS,2711
ORIHUELA,2711
DOBLAS,2709
ADROVER,2705
OCAMPO,2703
CACHO,2702
CAPEL,2700
DONCEL,2699
LLOBET,2698
POLANCO,2696
VILLARROEL,2696
PALLAS,2696
CANTARERO,2689
INSUA,2682
FORNES,2682
MARZO,2682
BOUZA,2679
GOMILA,2677
NOGUES,2673
COROMINAS,2673
ARREBOLA,2672
ALBARRACIN,2669
ARMERO,2666
AGUSTIN,2665
CORREDOR,2665
ELORZA,2663
GUAL,2656
MELGAREJO,2655
MAGAÑA,2655
MARTINS,2654
ARNEDO,2648
ORGAZ,2645
CUADRA,2645
CALVIÑO,2641
RUBIA,2634
DIALLO,2634
MORAGA,2633
MONSERRAT,2631
DE LOS RIOS,2628
GOMES,2627
MOLINS,2626
OÑATE,2624
RIESCO,2624
ESCALERA,2622
ARCO,2616
JUEZ,2614
BOCANEGRA,2610
PRESA,2610
GALA,2607
LEMOS,2605
PLATERO,2605
ZAPICO,2604
PAÑOS,2602
CALLEJON,2600
LIGERO,2599
CARCELES,2599
CARAZO,2597
MARFIL,2594
LUGO,2592
VAZ,2592
POYATOS,2590
SALOM,2587
TARIN,2585
FARIÑAS,2583
SOLORZANO,2582
ARIÑO,2581
PINTOS,2577
CAVERO,2574
OVEJERO,2572
CAÑO,2572
LANZA,2570
DEL ROSARIO,2568
GAYA,2568
VILLAREJO,2567
SANTAELLA,2567
SILLERO,2566
GRANELL,2566
MESTRES,2565
ASTORGA,2565
CORREDERA,2563
PEÑARANDA,2563
CORDOVA,2562
ARREDONDO,2562
CRESPI,2561
SEBASTIA,2557
HOLGUIN,2554
BATALLER,2552
CASTELO,2548
RISCO,2543
TEIXEIRA,2543
LLAMAZARES,2536
ODRIOZOLA,2536
DOMENE,2532
ANTONIO,2530
RIBA,2529
VIGIL,2527
TEIXIDO,2527
ELIZALDE,2525
CAVA,2525
ARMENDARIZ,2519
CABALEIRO,2518
SUERO,2516
MELCHOR,2515
AUGUSTO,2515
EZQUERRA,2514
LAMA,2514
ROJANO,2513
FALCO,2513
SESMA,2512
CUELLO,2509
HUMANES,2509
FEITO,2508
OLIVEROS,2507
CHINEA,2507
MALO,2506
SARRIA,2506
MATUTE,2505
ALLENDE,2503
DOPICO,2503
TORRENS,2497
DUAL,2494
ESTRELLA,2494
MENACHO,2493
BETHENCOURT,2493
SUREDA,2492
COMINO,2492
GODINO,2492
MOLTO,2491
CALVET,2491
BEL,2490
DOVAL,2486
PEDREIRA,2483
VILLARROYA,2483
COLAS,2480
POL,2479
LIMON,2477
GARRIGOS,2473
CAMARASA,2473
VASCO,2473
SALGUEIRO,2471
MONTANER,2469
PIRIS,2466
TINOCO,2466
CARRIL,2465
OLIVE,2463
ULLOA,2462
VALENCIANO,2460
GUEDES,2459
ARRIZABALAGA,2455
GAMIZ,2453
BOHORQUEZ,2452
CUBILLO,2451
BARBER,2450
CAMPUZANO,2450
OLALLA,2449
NAVA,2449
HERRADOR,2448
TENDERO,2448
ABARCA,2448
RUFO,2447
ADRIAN,2446
MANRESA,2446
CARA,2441
BUZON,2438
SANGUINO,2438
PARIENTE,2434
MOZO,2434
CAPITAN,2430
SANJURJO,2427
BUSTILLO,2426
BAÑON,2426
ESQUINAS,2424
ZAPATERO,2423
CERON,2423
MIÑANO,2414
MANCHON,2413
PERNAS,2409
LORITE,2407
PARES,2407
RESTREPO,2405
ARTOLA,2405
ESTRUCH,2405
GARIJO,2405
BAILON,2405
LLABRES,2405
VIVAR,2403
ISLA,2401
EZQUERRO,2400
OLIVAS,2399
VILLALTA,2397
GIBERT,2397
CABANES,2397
BENET,2394
ARENCIBIA,2392
BARQUIN,2390
LOIS,2390
BLESA,2386
DOLZ,2384
KHAN,2384
ARRIAGA,2383
BORRALLO,2383
OLLE,2383
JAUME,2379
DEL AGUILA,2378
MADARIAGA,2376
VILLEN,2376
MORATALLA,2375
LAINEZ,2370
MAYOL,2369
FORTUNY,2368
GALLART,2367
DEL ALAMO,2364
NOVAS,2360
SAN EMETERIO,2359
RECUERO,2358
CANCELA,2356
GAONA,2356
ALMENARA,2355
DE PRADO,2355
LEBRON,2354
NAVAJAS,2353
MANCHADO,2349
VILLALONGA,2348
SALVA,2345
VERGES,2344
ORTI,2343
GRAS,2340
LOMAS,2339
COUSO,2338
LAGARES,2337
IGUAL,2337
ARGUELLO,2334
ALAMEDA,2333
MONTEJO,2333
BELLVER,2329
DE FRANCISCO,2329
MATESANZ,2328
BRUNO,2325
MANCILLA,2325
PLANELLS,2324
BERNA,2319
ALDEA,2319
GOIKOETXEA,2319
VIEDMA,2316
BERMUDO,2315
GAY,2314
BRIZ,2313
MAURI,2312
BRU,2312
DE LA PUENTE,2312
CARNICERO,2310
ANDREO,2308
SANTACRUZ,2307
MONTAÑA,2305
AMATE,2305
VICTORIA,2304
ARQUES,2303
SARRION,2300
BELINCHON,2299
FERIA,2295
CAPO,2295
ALEJANDRE,2294
FILGUEIRA,2293
ROMA,2292
CABRAL,2292
SANTISTEBAN,2292
SANTANDER,2291
AGUILO,2290
MENOR,2288
NUEZ,2284
GORDON,2284
BENJUMEA,2284
MIÑARRO,2284
VIZUETE,2281
MINGORANCE,2279
CASELLAS,2278
COLORADO,2276
MARAÑON,2275
PICHARDO,2274
MOHEDANO,2273
FRESNO,2268
NAHARRO,2266
CERRILLO,2263
GAMBIN,2262
QUERALT,2260
CHUECA,2259
BIELSA,2257
ISERN,2256
IRIGOYEN,2255
JARQUE,2255
OSES,2255
PERNIA,2254
ALTUNA,2251
FRUCTUOSO,2249
AGIRRE,2248
BERZOSA,2246
OLIVAN,2245
PALAO,2244
MORAGUES,2243
UGALDE,2242
TRENADO,2239
ZAZO,2238
DONATE,2238
DE LA PAZ,2234
OLMEDA,2234
LACALLE,2231
GIRONES,2231
PADIAL,2231
LLERA,2230
BARAJAS,2229
ESPINOLA,2225
COMA,2222
PARERA,2222
MASCARO,2221
RAVELO,2221
RIAÑO,2219
DOBLADO,2215
ACEBES,2214
GARRO,2211
LONDOÑO,2211
BORONAT,2211
ANGLADA,2211
DE LUIS,2209
VECINO,2206
AÑON,2205
ITURBE,2204
PAYAN,2203
GUAMAN,2203
AVENDAÑO,2203
VIEIRA,2199
SEDEÑO,2198
BACHILLER,2197
MAÑEZ,2197
RIZO,2192
OLLERO,2186
BELLES,2186
SAN SEGUNDO,2184
BENEYTO,2184
ALDANA,2183
MEDEL,2183
FERRANDIS,2183
BARBERAN,2182
CASTAÑON,2182
TATO,2179
ARBELO,2178
BLAYA,2176
PEDREÑO,2175
BONO,2175
URREA,2174
MOROTE,2174
AMOEDO,2171
BOTE,2171
MORTE,2169
ZAYAS,2168
VIVANCO,2168
PINAR,2165
CASTAN,2163
CELDRAN,2162
GIRALT,2162
CHICHARRO,2162
ESCRIG,2161
ALOS,2160
MERLO,2159
MONCADA,2158
CAMARGO,2156
PAMIES,2152
CORCHERO,2152
SANDE,2151
OSPINA,2150
NOGUERAS,2150
VALDEZ,2148
CLAROS,2148
VICEDO,2148
SANTIN,2147
SORO,2143
ARMESTO,2142
MASA,2141
BUJAN,2140
SAHUQUILLO,2138
PARDOS,2138
JUANES,2136
SAÑUDO,2135
MIER,2134
AIZPURUA,2134
GRAGERA,2133
MOLES,2132
CECILIA,2132
LAHUERTA,2131
FABREGA,2129
MEROÑO,2129
MOURIÑO,2129
PI,2128
LIZARRAGA,2127
SAUCEDO,2125
ATENCIA,2122
LARGO,2121
FERNANDES,2121
FAUS,2118
DIAGO,2117
BECERRIL,2115
DE ARRIBA,2115
DE VICENTE,2113
MONCAYO,2112
ARMADA,2111
NUEVO,2111
YESTE,2110
JOSE,2109
FUMERO,2108
OLAYA,2107
MAZON,2105
GORRIZ,2104
TORRENTS,2104
CAMBRA,2104
MECA,2104
FLEITAS,2103
MUIÑO,2103
HUERGA,2103
PRIOR,2100
GUITART,2099
CHAO,2098
SOLLA,2097
FORES,2095
LAPEÑA,2088
BALSERA,2087
VILELA,2085
YEBRA,2084
ZUBIZARRETA,2083
BERGES,2082
FIGUEIRAS,2081
MOREJON,2080
PONTE,2080
BURILLO,2079
DE VEGA,2079
ROUCO,2075
PAZO,2074
MEDEROS,2073
ABAL,2073
FAYOS,2072
ABDESELAM,2071
POVEDANO,2070
TRAPERO,2068
GARRE,2067
SANAHUJA,2067
VAQUERIZO,2067
BOTANA,2066
ALBIOL,2066
PALOMERO,2064
EXTREMERA,2061
MONTERDE,2061
FORMOSO,2060
TARRAGA,2060
ALBERCA,2059
GUELL,2057
ZURDO,2055
CORES,2053
MANUEL,2052
BASCUÑANA,2051
FIOL,2051
ALIAS,2049
ARTACHO,2048
MUELAS,2046
ROCHE,2044
CABANAS,2042
VINAGRE,2041
SAYAGO,2041
DE GRACIA,2041
MONSALVE,2041
FORTEA,2041
ORIA,2040
RENEDO,2040
LEO,2040
DE PABLOS,2040
CINTAS,2038
SOCORRO,2030
BIOSCA,2029
APARISI,2029
ANTUÑA,2028
PALMER,2028
PENAS,2022
SELVA,2019
MARUGAN,2017
PRECIADO,2017
PEÑAFIEL,2017
FORT,2016
REGIDOR,2016
FIERRO,2014
MAGDALENA,2014
GAYOSO,2011
SOLDEVILA,2009
DOÑA,2008
NAJERA,2008
ESPADAS,2008
SUBIRATS,2006
NAYA,2005
CORZO,2003
AVELLANEDA,2000
COSANO,1999
CABEZUELO,1999
DE LA MATA,1996
FORNER,1995
HEREDERO,1995
LENDINEZ,1994
ESCANDELL,1993
ESCODA,1993
OLANO,1992
BALBUENA,1991
REVERT,1991
MONASTERIO,1988
ARRIOLA,1987
PIQUE,1987
HAMED,1983
BRAGADO,1982
MINGO,1982
LORES,1978
RUIPEREZ,1973
PENALVA,1972
PANDO,1971
FARRES,1970
AGUDELO,1969
PUJADAS,1967
SANTANO,1965
TARAZONA,1965
ARDILA,1962
CAÑAMERO,1957
GABRIEL,1956
DE OLIVEIRA,1953
ALMELA,1953
TROYANO,1952
VALIDO,1951
TABERNERO,1951
RONDA,1951
ALGARRA,1950
MAMANI,1946
MANEIRO,1946
DA COSTA,1946
ALBERTO,1946
VALLINA,1946
CEJAS,1945
GOYA,1942
BENLLOCH,1942
PUJANTE,1942
CABAÑERO,1939
CAPELLA,1939
BUIL,1938
VILLARES,1938
PORCAR,1932
MONCHO,1931
FERRERES,1930
VELILLA,1928
IMAZ,1927
PEÑATE,1926
VIEITES,1926
BURGUEÑO,1926
REGUERO,1925
TEJERINA,1923
DE LA RUBIA,1922
SOJO,1922
BALLESTERO,1919
PAIS,1919
RIBEIRO,1918
BELLOSO,1917
VIÑALS,1916
LLANES,1916
CARRIO,1914
BAÑULS,1914
VAÑO,1914
BOSQUE,1914
ROGER,1913
BEATO,1910
MACARRO,1910
COLOMINA,1909
BARRO,1907
CAICEDO,1907
HUSSAIN,1906
ESCAMEZ,1905
CANTALEJO,1905
PUCHADES,1905
ESQUIVEL,1904
CALVILLO,1903
SIGUENZA,1902
SOLANAS,1901
VILLARRUBIA,1900
TELLERIA,1897
DOPAZO,1897
ABDELKADER,1897
CIFRE,1894
RANDO,1894
CUMPLIDO,1892
INGLES,1891
BRUNET,1889
MASO,1885
CABERO,1884
VALIÑO,1883
CARTAGENA,1883
MANCHEÑO,1882
URANGA,1879
MANZANERA,1879
BAÑO,1879
FIGUEROLA,1879
DOCAMPO,1879
REPISO,1878
MANCHA,1878
SERVERA,1878
CABEZON,1877
ORIVE,1877
RIGO,1877
HERRAN,1875
NEGRO,1875
ANDUEZA,1875
PAN,1874
CLARAMUNT,1874
CALONGE,1872
CALLES,1870
HUARTE,1870
HENARES,1869
FERRON,1868
MOMPO,1867
BADIOLA,1867
MUIÑOS,1866
VERDAGUER,1865
PINILLOS,1863
FERRAN,1863
MASCARELL,1862
LINDE,1862
MARCHAL,1862
CARBAJAL,1860
LUCIO,1860
RIESGO,1859
HORMIGO,1858
LIDON,1857
GUINEA,1857
ARGUDO,1855
BETANCORT,1852
MONTON,1851
CHAVARRIA,1850
PEDROS,1850
LEZCANO,1848
PEON,1846
COLOME,1846
LAMELA,1845
BARREDO,1845
AGRA,1843
CORROCHANO,1842
DE BENITO,1842
BAYARRI,1841
MOÑINO,1840
SUEIRO,1840
LAO,1840
PARAMO,1839
GARDE,1839
YUBERO,1838
BRAÑA,1836
COLON,1835
SOTOMAYOR,1835
VAREA,1834
YANEZ,1834
COBAS,1832
FABIAN,1831
CARRAL,1831
RUPEREZ,1830
FORCADA,1827
ANTA,1827
DE TORRES,1826
CARRATALA,1826
GONZALVO,1824
VILASECA,1823
TORNE,1823
BARREIRA,1823
MANERO,1821
ARRIAZA,1821
QUIJANO,1819
ESLAVA,1818
CADIZ,1818
PIÑON,1817
ESPAÑOL,1817
MASSO,1817
ESTELLES,1814
VILELLA,1814
LOJO,1813
MURCIANO,1812
PEDRO,1810
BARBEITO,1810
LANGA,1808
AQUINO,1808
POMAR,1807
MAILLO,1806
LIZANA,1805
DEL ARCO,1805
MENDIOLA,1804
ESPIGARES,1804
RAMALLO,1804
BARRANTES,1804
PAMPIN,1803
PATO,1801
VIÑUELA,1798
VALDERAS,1797
PARGA,1797
GERMAN,1796
GRIMA,1796
ALTAMIRANO,1793
BENGOA,1791
FONTANET,1791
TAPIAS,1790
FOLGADO,1788
BORT,1786
ENCISO,1784
GUIU,1784
LOZA,1783
SOCAS,1782
DE TORO,1782
BEITIA,1780
CAZALLA,1777
CONSUEGRA,1776
CHEN,1775
PIÑERA,1774
DACOSTA,1774
PEREGRINA,1773
MARIMON,1773
DELICADO,1773
ALBACETE,1772
IRIONDO,1772
BOLADO,1770
MENCIA,1769
PALOU,1768
ZAPATER,1766
CREUS,1766
ALEJANDRO,1765
CLARES,1765
LUPIAÑEZ,1763
MUHAMMAD,1762
SABIO,1761
DE SANTIAGO,1761
ALES,1755
VIGARA,1754
POYATO,1754
RAGA,1753
LACASA,1752
ROY,1752
NACHER,1751
CELADA,1750
ORENES,1746
POZAS,1746
RAVENTOS,1743
LACRUZ,1740
CABRE,1739
CEREZUELA,1738
GRANJA,1737
BALCELLS,1737
ITURRALDE,1736
MERCADAL,1736
ROSIQUE,1735
MEZQUITA,1734
DE MINGO,1734
JERONIMO,1732
POCH,1732
HENAO,1731
GOZALO,1731
ALAMINOS,1731
FERRIZ,1730
PLAZAS,1730
EGAÑA,1730
QUIÑONERO,1729
LUCERO,1728
NOVELLA,1727
CIVERA,1727
LAZCANO,1726
CARCELLER,1724
RULL,1721
DE LA MORENA,1721
AMAR,1718
CASAÑAS,1718
ABUIN,1717
RENTERO,1716
SINTES,1716
MOSTEIRO,1716
NDIAYE,1715
MELIA,1714
GAÑAN,1713
BERENGUEL,1713
ISIDRO,1713
BEA,1713
CELAYA,1712
CAMUÑAS,1711
URDIALES,1711
JANE,1711
HOYO,1710
RABANAL,1710
OCON,1710
DIOP,1710
NEGRETE,1709
CALA,1708
MONLEON,1707
CORUJO,1706
RODES,1706
TALENS,1704
MANZANERO,1703
NIEVA,1702
PIRIZ,1700
TUBIO,1698
JORQUERA,1698
COLINO,1697
MOLINO,1696
CULEBRAS,1696
ROBAINA,1693
RASCON,1693
MONFORTE,1692
CARBALLIDO,1691
CIDONCHA,1690
HONRUBIA,1688
MAZO,1688
MASIA,1688
VALOR,1687
RECASENS,1687
TRAVER,1687
MEZA,1686
BENEITEZ,1685
COTS,1685
FEMENIA,1683
MURGA,1682
TUÑON,1682
NOVA,1680
SUÑE,1678
CENTELLES,1678
BALSALOBRE,1678
DE SANTOS,1678
SERANTES,1675
PORTAS,1674
REMON,1674
GASTON,1673
SUÑER,1672
BASTOS,1670
VILLARINO,1669
PEGUERO,1668
MUDARRA,1668
FLORIT,1667
SORRIBES,1667
LUZON,1666
FIGUEREDO,1666
PISA,1664
CLAVER,1664
BORRAJO,1663
BORDON,1663
BALADO,1661
ESPIÑEIRA,1660
MORUNO,1659
LIÑARES,1659
FENOLL,1659
TRIAS,1659
GARAU,1657
PESCADOR,1657
OLAIZOLA,1655
MADRAZO,1654
CABALLE,1654
YEBENES,1653
MIRET,1652
CUERVA,1652
ABAJO,1652
VELO,1651
JUNCAL,1651
CEVALLOS,1651
ORTOLA,1650
TERRONES,1649
FUSTE,1647
VILLAMOR,1647
DEL PRADO,1646
CORCHADO,1643
PRIMO,1643
BLAY,1643
RIU,1642
LLOMPART,1642
BLEDA,1641
ESTUPIÑAN,1640
MALLEN,1640
QUIROZ,1639
TASCON,1638
MONTOLIU,1638
IRIBARREN,1637
VELOSO,1637
ORTEGO,1636
MOLDES,1636
TARRES,1635
GANCEDO,1635
BENGOECHEA,1634
MUNAR,1634
CADENA,1632
TARRAGO,1631
PALOP,1630
FONS,1629
CASTIÑEIRAS,1625
OGANDO,1624
CASQUERO,1624
GUIJO,1621
MANTECON,1620
PIRES,1618
GATO,1618
BEDMAR,1618
URQUIJO,1618
GOMAR,1618
ESTUDILLO,1616
CESAR,1616
SENA,1616
APARICI,1616
HORRILLO,1615
CASTRILLON,1615
VILLAGRASA,1615
PASTORIZA,1615
MEGIA,1615
CERVILLA,1613
PECO,1613
BANDERA,1613
SOCIAS,1612
RUIBAL,1612
CASO,1611
QUINTANS,1611
OLVERA,1608
SALINERO,1607
MOREY,1607
CARLOS,1606
TORT,1606
LODEIRO,1605
PERAZA,1605
LARRINAGA,1604
CANELA,1604
GAYO,1603
CARBALLEIRA,1603
BARRIUSO,1603
MADERO,1602
SUBIRANA,1602
CALVETE,1601
QUEZADA,1599
PORTOLES,1598
DE LA RIVA,1598
BRICEÑO,1597
CARCELEN,1596
TARDIO,1595
ESPINAL,1594
NISTAL,1594
SEGADO,1593
LERA,1591
ZABALZA,1591
CORCUERA,1590
SAN PEDRO,1589
CERVERO,1588
CARDO,1587
VILLAFRANCA,1587
ACHA,1587
TORREBLANCA,1586
MENDES,1586
ESCRIBA,1585
ARGENTE,1584
FONTENLA,1584
PORTALES,1581
NAVEIRA,1581
DOÑATE,1580
JUSTE,1580
ORDUÑA,1580
AUÑON,1577
ABENZA,1577
OCHANDO,1577
ASIN,1577
MASEDA,1574
CARRIZO,1573
FEBRER,1572
LAPUENTE,1572
AZCARATE,1571
TAMARGO,1571
SENRA,1570
IVORRA,1570
SOBRADO,1569
VAQUER,1568
FIGUEIRA,1568
OJEA,1568
MARSAL,1567
PLANELLES,1567
MENDO,1566
FENOY,1566
PREGO,1566
SAN MILLAN,1566
CABA,1565
TEMPRANO,1565
MORRO,1564
MEJUTO,1563
REBOREDO,1561
FEBLES,1560
ALBERTOS,1560
AYMERICH,1559
BERZAL,1557
MARICHAL,1556
FURIO,1554
LAZO,1553
CARBONERO,1552
LADO,1551
EIZAGUIRRE,1550
RISUEÑO,1550
MINAYA,1550
CARAMES,1549
PERDIGUERO,1548
VITORIA,1548
BASCON,1548
LLULL,1548
HERNAIZ,1547
LLINAS,1546
CELIS,1546
ANGLES,1546
TEIXIDOR,1544
RAJA,1544
LARIO,1543
CARLES,1543
OÑA,1542
GALMES,1542
MOSCARDO,1542
FELICES,1541
HERCE,1540
MARZAL,1540
VILLACORTA,1540
ASTUDILLO,1539
SERRADILLA,1538
MONTEJANO,1537
FELIP,1537
PLIEGO,1537
HIGUERO,1535
OSA,1535
ARA,1535
SELMA,1534
MADERA,1533
MOLINOS,1532
GILI,1532
ESCALADA,1532
ORIOL,1532
SARASOLA,1531
RIPOLLES,1531
MORETA,1531
RIBOT,1530
MESQUIDA,1528
RUBI,1528
CASTELLVI,1526
ORDAS,1526
BARCALA,1526
TARIFA,1523
CELA,1522
CRESPILLO,1522
NAVIO,1522
COLLADOS,1521
CARPENA,1521
DE LA FLOR,1521
ARMARIO,1520
CAPOTE,1517
GARIN,1517
BUGALLO,1514
SERENA,1514
SIGNES,1513
SARDA,1513
SORDO,1513
CERRADA,1512
FAURA,1512
LOAIZA,1511
PERIAÑEZ,1510
CEDRES,1510
CELMA,1508
VALLEJOS,1506
CAMBRONERO,1506
OSTOS,1506
LOPES,1505
ARRUTI,1503
BUJALANCE,1503
MARRON,1503
ROZALEN,1502
REYERO,1502
FULLANA,1502
ALAVA,1501
MARGALEF,1501
BARQUILLA,1500
CARIDE,1500
RENGEL,1499
PARRONDO,1499
TEJADO,1499
CALATRAVA,1499
CASAMAYOR,1498
JORNET,1498
LUACES,1497
TARANCON,1497
SOLDADO,1496
MAGALLON,1496
ZARZUELA,1496
BUTRON,1493
ANDRADA,1491
LANZAS,1489
ZUBILLAGA,1489
GUARDADO,1488
ANGUERA,1488
ALFEREZ,1487
MELGUIZO,1486
POLONIO,1480
GARNICA,1479
BOTELLO,1478
ALBALAT,1478
VALERIO,1477
PINOS,1477
LAGOS,1476
SOTOS,1475
ALCOVER,1475
CASCO,1474
MURIAS,1472
PARRON,1472
CORTEZ,1471
BENEDI,1470
ALLUE,1470
ELORRIAGA,1470
SOLAZ,1469
BAIXAULI,1469
BARRASA,1469
ROSENDO,1467
ENCARNACION,1466
COLOMO,1466
BANEGAS,1465
PALOS,1464
CAMPANARIO,1464
MANTILLA,1464
PASCUA,1464
SANCHA,1463
ROMAY,1462
PANCORBO,1462
SETIEN,1461
PARICIO,1461
LLOPART,1461
VERCHER,1460
RICHART,1460
INSA,1460
ESCUDER,1460
CLADERA,1459
FERRAGUT,1458
NODA,1458
GALVE,1458
ORMAZABAL,1458
TIZON,1458
COLINA,1457
SOTILLO,1457
PEDREGOSA,1457
OLCINA,1456
SIXTO,1455
NARBONA,1454
VARON,1453
BERRUEZO,1453
VILLODRES,1452
BARRA,1451
UCLES,1451
CABOT,1450
SANTISO,1450
ARENAL,1449
SESE,1449
BALSA,1449
PINEL,1448
CREGO,1447
VISO,1446
TOBAR,1446
RISQUEZ,1445
VELIZ,1445
BARONA,1445
CUSTODIO,1444
CANTALAPIEDRA,1444
MUNERA,1444
FRAU,1444
CORDOBES,1443
VALLADOLID,1440
QUETGLAS,1440
GUADALUPE,1440
ZORNOZA,1439
NAVAL,1439
ALEJOS,1438
COVES,1438
PENADES,1437
HERNAEZ,1437
LOURIDO,1436
CIRERA,1436
DAMAS,1436
PEDRAJAS,1435
SOLAR,1435
CEPERO,1434
CUBELLS,1432
IRAOLA,1431
ESCRICHE,1431
CARDENAL,1431
VILLORIA,1431
DOS ANJOS,1429
CASAIS,1429
MILIAN,1429
SUTIL,1428
PUCHOL,1427
TALLON,1427
NEBREDA,1426
COMPTE,1426
LAVILLA,1425
COMELLAS,1425
BODAS,1424
LORO,1423
HERMOSA,1423
TEVAR,1423
RECALDE,1422
BURON,1422
PETIT,1422
CURRAS,1422
CERVIÑO,1420
TABERNER,1419
COMES,1419
COUCEIRO,1419
OUBIÑA,1418
BARANDIARAN,1418
MONDRAGON,1418
SOLANS,1418
ARTES,1417
ESCOLA,1417
BIBILONI,1414
IGNACIO,1413
BLANQUEZ,1413
AIBAR,1413
CHIVA,1413
DE ANTONIO,1413
MENDIA,1412
PULGAR,1412
BESADA,1412
LLARENA,1411
ECHARRI,1410
MANZANEQUE,1410
ESCAÑO,1410
PAVIA,1409
DAVID,1408
FORTEZA,1408
ILLANA,1406
MORIANA,1406
CABREJAS,1405
CEGARRA,1405
CATALINA,1405
RUEDAS,1404
ROBLEDILLO,1404
CANEDO,1403
LASSO,1403
BALBAS,1403
SAFONT,1402
BARNES,1401
BARRULL,1401
SANTA CRUZ,1400
CARCEL,1400
USERO,1400
ARTAL,1400
COTELO,1400
TORRA,1400
MESONERO,1398
FRAGOSO,1398
ESCARTIN,1397
EGUIA,1397
RONDON,1396
HERRERIAS,1396
LADRON DE GUEVARA,1396
VALL,1395
ABELLO,1395
MONFERRER,1395
ELIZONDO,1393
ALEIXANDRE,1393
VIEITEZ,1392
PACHO,1392
REUS,1392
SAZ,1392
FANJUL,1392
LEIS,1391
MARCHAN,1391
CARNERERO,1391
NOVAL,1390
FEREZ,1390
BACA,1387
UMPIERREZ,1385
CARBALLAL,1385
VALES,1385
PECES,1385
SAGREDO,1384
ALMARCHA,1383
MERAYO,1383
ALGAR,1382
BISBAL,1382
PEÑARRUBIA,1382
ARANEGA,1381
MIELGO,1380
AMEZCUA,1379
LEMUS,1379
DEL SAZ,1379
RIVILLA,1379
ALMENDRO,1377
BRETON,1377
ORTIZ DE ZARATE,1377
DE ARMAS,1377
ZUBELDIA,1376
HORCAJO,1376
ISASI,1375
DE LA HERA,1374
IRASTORZA,1374
GUILLERMO,1374
ARRUFAT,1374
AGUT,1371
LLERENA,1371
PELLEJERO,1371
ARGIBAY,1371
CERNADAS,1370
MOREDA,1369
GALEOTE,1368
PORRES,1368
BASANTA,1368
ONIEVA,1368
MELLA,1368
MAYANS,1366
REDON,1366
JARILLO,1365
TOUS,1365
PAYO,1364
CAMPRUBI,1364
PROL,1364
OYARZABAL,1363
LOMBARDO,1363
BENNASAR,1363
MARCILLA,1363
VALLECILLO,1361
ARBOLEDA,1361
MORIN,1361
MEANA,1361
BRETONES,1360
CHAVERO,1360
BAILEN,1360
TOCINO,1358
BEDIA,1358
DE SOUSA,1357
MOROCHO,1355
BARCENILLA,1354
DE LA CASA,1353
BARRANQUERO,1353
AHUMADA,1353
GABARRON,1352
GRUESO,1352
JAVIER,1352
SIVERIO,1349
ESNAOLA,1349
BARRON,1347
CASCON,1347
TELLECHEA,1346
CARDENES,1346
CEBOLLA,1346
CABALLER,1346
ARROCHA,1345
BERNARDINO,1344
VIUDEZ,1344
MARAVER,1343
GURREA,1343
BETETA,1342
BOLAÑO,1342
ROTGER,1341
FORTE,1341
LANCHO,1341
PARDAL,1341
DE LAMO,1341
MOR,1340
CANTERA,1340
PUERTOLAS,1339
DEL FRESNO,1339
SANTAMARINA,1338
CORELLA,1338
LOBERA,1337
SANTACREU,1337
GISPERT,1337
BRUN,1337
SANCHIZ,1337
SANSANO,1337
VILLATORO,1336
CHILLON,1336
BETANCOURT,1334
MURUA,1333
ALBIÑANA,1332
COSTALES,1332
JUNCO,1332
GUALDA,1330
ALHAMBRA,1330
PINAZO,1329
SANTOME,1329
ARBONA,1329
LUDEÑA,1328
MANTECA,1328
YANGUAS,1328
BALAGUE,1328
SANTONJA,1328
VALDIVIELSO,1328
MIGUENS,1327
BADILLO,1326
MONTOLIO,1326
DARRIBA,1326
YAGO,1326
PALOMEQUE,1325
CASASOLA,1325
TERRERO,1324
HERMO,1323
RAFAEL,1321
CHICANO,1320
CARNICER,1319
BASTANTE,1318
CALO,1317
MORAIS,1317
NEGRE,1316
FONTECHA,1316
NOMBELA,1314
CARRALERO,1312
CAÑAVERAS,1312
CIRIA,1312
ZAMUDIO,1311
LLAURADO,1311
BADENES,1310
MILLET,1310
HOMS,1308
SANTANDREU,1307
RACERO,1306
TINEO,1306
PALANCA,1306
APONTE,1305
MELON,1305
JESUS,1304
RESINA,1304
HORCAJADA,1302
CATENA,1301
TURON,1300
GUIMERA,1300
MADROÑAL,1300
CAMPANO,1299
COLADO,1299
HERRADA,1299
CASANUEVA,1299
VILARDELL,1299
MACEIRAS,1298
CASTAÑER,1298
PENEDO,1298
ALMIÑANA,1297
ALCOBA,1297
TORNER,1297
CHIMENO,1297
DE ALBA,1296
URETA,1295
TARRIO,1295
BUCETA,1294
UNANUE,1294
LLANEZA,1294
GUIL,1294
VILLAMAYOR,1293
MUNARRIZ,1293
FRAGUAS,1293
CASTEL,1293
MUT,1293
RIESTRA,1293
CAMPAYO,1292
TRISTAN,1292
COBACHO,1291
ALBERTI,1291
PIÑAR,1291
DESCALZO,1289
GALIAN,1289
PANIZO,1289
MASEGOSA,1288
CARMENA,1288
ALBURQUERQUE,1288
IZA,1288
MASDEU,1284
RESA,1284
CISCAR,1283
VILARO,1283
CABEZUDO,1279
CUERDA,1279
BONNIN,1279
HORTAL,1279
GIRO,1279
NEILA,1278
LOMBA,1278
VIQUEIRA,1278
ROLLAN,1277
FORNIELES,1276
COLOMAR,1276
ARAN,1276
FREIXAS,1275
AYORA,1275
TERNERO,1275
SAN NICOLAS,1275
CAMINERO,1275
VENTOSA,1274
TREVIÑO,1274
POSADAS,1274
CARNEIRO,1273
CIVICO,1273
LESTON,1272
MONCLUS,1272
TRAVIESO,1271
MONLLOR,1271
RASERO,1271
ZALDIVAR,1270
MOLAS,1270
SANTALLA,1269
MERCADE,1269
POUS,1269
ARTECHE,1268
SIMBAÑA,1268
DE GREGORIO,1268
BAHAMONDE,1267
DE LA OSA,1267
RUBIRA,1266
LEIRA,1266
GORRIN,1265
ESTELLER,1265
RAMAJO,1265
DIAS,1264
FORNOS,1264
LUCIA,1263
MULLOR,1263
TADEO,1261
LEGAZ,1261
AZURMENDI,1260
BARRENO,1259
CAÑERO,1259
CASELLES,1259
LAGUNAS,1259
ABALO,1259
USON,1258
RUZAFA,1257
DONIZ,1257
AJA,1256
CONCHA,1256
RABASCO,1256
LERIDA,1255
CAL,1255
MONTERRUBIO,1255
EGUREN,1254
TORRO,1254
BARJA,1254
PARRO,1254
ALDAMA,1254
MUJICA,1253
ALACID,1253
CORTIZO,1253
RIEGO,1252
LIAÑO,1252
CANDELAS,1251
GONÇALVES,1251
DAPENA,1251
SEGADE,1251
FARIAS,1250
CHICOTE,1250
ESPARCIA,1250
CALDERA,1249
CAMIÑA,1249
DE LA LLAVE,1249
BOSCA,1249
CAMPELLO,1248
LOZOYA,1248
EGUILUZ,1247
CANCHO,1247
OLIVERO,1246
MAIZ,1246
CANCIO,1245
BLANQUER,1245
IMBERNON,1244
FARFAN,1241
PAU,1241
GRIÑAN,1241
BONMATI,1241
ALFAGEME,1240
GOITIA,1240
ONTIVEROS,1240
IRISARRI,1240
ENCABO,1240
URBANEJA,1239
CAMBA,1238
MORATILLA,1238
UROZ,1238
CABANA,1237
LIZARRALDE,1237
VALCARCE,1237
OROZ,1236
CANALEJO,1236
ISABEL,1236
HELLIN,1235
SEQUERA,1234
EUGENIO,1234
HORNERO,1234
SILVEIRA,1234
LOOR,1233
MOROS,1233
ABALOS,1233
CALAVIA,1233
BUESO,1233
SAN VICENTE,1232
CLARO,1231
JIMENA,1231
PATRICIO,1231
DE CELIS,1230
OBRADOR,1230
RASO,1230
PLATAS,1230
BELCHI,1229
AZPIAZU,1228
CANDAL,1228
ALEDO,1226
BARANDA,1225
CORDEIRO,1225
PARTIDA,1225
FANDOS,1224
MONTAGUT,1223
SANROMAN,1223
ASCANIO,1221
SERRET,1221
FERRADAS,1221
BESCOS,1220
REBOLLEDO,1219
IGLESIA,1218
JACOME,1218
SARASA,1218
PLANES,1217
MERLOS,1217
FITO,1217
JANEIRO,1216
PULGARIN,1215
BALTASAR,1215
ANIORTE,1215
BORDAS,1215
BALDO,1215
BEAS,1214
PEÑUELA,1213
ARRIERO,1213
URBIETA,1213
PICADO,1212
ROBERT,1212
ALQUEZAR,1212
CABEDO,1212
CARACUEL,1211
REVERTER,1208
OLARTE,1208
RODILLA,1208
COS,1208
BOYERO,1207
OLIAS,1207
QUINTO,1206
MULAS,1206
ESPESO,1206
CHOQUE,1205
VERGEL,1205
BOLEA,1205
GUAITA,1204
MONTESINO,1203
SOARES,1202
SAN SEBASTIAN,1202
HILARIO,1202
CORTAZAR,1202
BAÑUELOS,1201
JORDANA,1201
BARCELONA,1201
ALZATE,1200
URQUIZA,1200
MODREGO,1199
DOLS,1198
CAMERO,1198
BRULL,1198
SALVAT,1198
FERRIS,1197
MARQUINEZ,1197
ARZA,1197
MENCHON,1196
PIZA,1196
AUSIN,1196
TORRERO,1195
GOENAGA,1195
VILLASANTE,1195
MARCE,1194
SEARA,1193
LISTE,1193
PINDADO,1193
COSTOYA,1192
SABARIEGO,1192
PEREYRA,1192
MONTOTO,1191
ROMAGUERA,1191
BECERRO,1190
LEIRO,1190
CAÑAVATE,1190
ESTEVAN,1190
BELMAR,1189
SILVAN,1189
PEDROCHE,1189
MATURANA,1188
NIEVAS,1188
PUNZANO,1187
DEZA,1187
TIMON,1187
REBOLLAR,1187
BURGUERA,1187
POUSA,1185
PRETEL,1185
MARTE,1185
BRUNA,1184
CALDERIN,1184
MELENDO,1184
TITOS,1184
CEDILLO,1183
MOHAND,1182
BOO,1181
MANTEROLA,1181
LASERNA,1181
VIZOSO,1180
LANA,1180
PORRO,1179
BOULLOSA,1179
REIXACH,1177
BARRENECHEA,1176
CHUMILLAS,1175
ALMARAZ,1175
GRIMALT,1175
MARMOLEJO,1175
SANTAMARTA,1175
CARRILERO,1175
DE LA CONCEPCION,1174
GRELA,1173
TOBAJAS,1173
ROSAL,1172
ARQUERO,1171
SANSO,1171
AJENJO,1171
REVENGA,1170
ZORITA,1170
JOYA,1169
ARMIJOS,1169
ROSERO,1169
ANEIROS,1169
ABELLEIRA,1169
CARDIEL,1168
DE MARCOS,1168
ALFAYA,1168
BASTIDAS,1167
VICH,1167
MOLEDO,1167
CORTIÑAS,1166
OLIVAR,1166
ECIJA,1165
TRIANA,1164
FORERO,1164
BOFILL,1163
URRA,1161
LLOBERA,1160
BASTERRA,1160
OLIVELLA,1160
BERRAL,1159
VALLVERDU,1159
CAMPA,1158
OREA,1158
SANTILLAN,1158
RELAÑO,1158
OSMA,1157
ALCONCHEL,1157
MONTEIRO,1156
GAVALDA,1156
SARRIO,1156
BESTARD,1155
SERRATO,1155
ALABAU,1155
SERROUKH,1155
HUIDOBRO,1152
PACIOS,1151
CORTADA,1151
VILLACAMPA,1151
CABALLO,1150
HERRUZO,1150
PEÑALBA,1150
ZULUAGA,1148
GALEA,1148
ARRONDO,1147
CANDON,1147
PUYOL,1147
URBAN,1146
TORIJA,1146
SANTOLARIA,1146
BOVER,1146
GATA,1145
VELAYOS,1145
LIARTE,1144
MONTE,1143
BALLARIN,1143
ZABALLOS,1143
ARRAEZ,1143
MAHIQUES,1142
ALIA,1142
RANZ,1141
DIESTE,1141
SAA,1139
CAMPELO,1139
ABELENDA,1139
BOTIA,1138
ALAPONT,1138
GILA,1137
ALOY,1137
GALVAÑ,1137
MARTINO,1137
RAEZ,1137
MORANO,1137
BELLA,1136
ACEBO,1135
GANUZA,1135
ZUAZO,1135
MONEO,1134
LUPION,1134
ABALDE,1134
NOGUEROL,1134
TABOAS,1134
LIRIA,1133
LAIN,1133
COLMENAR,1133
ANGUIANO,1133
EL AMRANI,1133
SANTA,1132
CORBELLA,1132
ANADON,1132
CASADEVALL,1132
CERDEIRA,1131
MANZANEDO,1130
SANTILLANA,1130
LIZCANO,1129
NOLASCO,1129
CARABIAS,1129
TORRANO,1128
LANDETE,1128
BUIGUES,1128
SILLA,1128
AMBROSIO,1127
VERDES,1127
JACINTO,1126
CAGIGAS,1126
TOCA,1125
GONCALVES,1125
GENE,1125
EL IDRISSI,1125
LIMONES,1125
SAORIN,1125
MORET,1125
VIÑUALES,1125
ENTRENA,1124
TAVIO,1124
LINERO,1123
RETAMERO,1123
PERICAS,1123
UCHA,1122
CAPELLAN,1122
BAQUEDANO,1122
CHICAIZA,1122
BROCAL,1122
ROSSI,1120
CARCEDO,1120
MENGIBAR,1119
QUILIS,1119
NORTES,1119
BEGINES,1118
CALIZ,1118
ZANON,1117
IPARRAGUIRRE,1117
PINZON,1116
IBARZ,1116
LORENZANA,1116
OCA,1115
SENDIN,1115
AIZPURU,1114
GAREA,1114
GABARRO,1114
GALLASTEGUI,1113
CHARRO,1113
GARI,1112
TEBA,1111
JULVE,1110
VIDALES,1110
TRAVE,1109
MAÑE,1109
GRILLO,1108
BRAOJOS,1108
VILLADA,1108
BUADES,1107
BARCA,1107
RIBELLES,1107
VAAMONDE,1107
PUBILL,1106
ROSES,1106
PIQUERO,1105
MONTANE,1105
ANGOSTO,1105
DEL BARCO,1104
CALZON,1104
MASERO,1103
BORRULL,1103
GUEROLA,1103
LASARTE,1103
ENCINAR,1103
ARAUZ,1102
OSSORIO,1102
BOVEDA,1102
CARDOZO,1100
COPADO,1100
PESQUERA,1100
QUINTEIRO,1099
NARRO,1099
CHAFER,1099
EIRAS,1098
TACORONTE,1098
AGREDA,1098
CAYON,1098
MARHUENDA,1097
RIVES,1097
IBARROLA,1096
TAUSTE,1096
BOUZON,1096
JUSTINIANO,1095
CROS,1095
CORBI,1095
AISA,1095
BENALI,1095
ADAMUZ,1094
ECHANIZ,1094
RUBERT,1094
BARDAJI,1093
DASI,1093
REVIRIEGO,1092
MONTES DE OCA,1091
BENEDITO,1091
BUISAN,1090
SARANGO,1090
SANGUESA,1090
ARCA,1090
DE SOUZA,1089
PADROS,1088
LIRIO,1088
MALLOL,1088
JOFRE,1088
RADA,1087
ALDEGUER,1087
CERECEDA,1087
FERREIROS,1087
CAMPOVERDE,1087
BAO,1086
ACEBAL,1086
OLAZABAL,1086
NOLLA,1086
DEL SOL,1085
BELANDO,1085
MURIANA,1085
TARREGA,1085
CARDEÑOSA,1084
GALLEN,1084
AGENJO,1084
CORRERO,1082
MON,1082
CAMBEIRO,1082
ZURERA,1082
DE LA CAL,1081
LARRAURI,1081
DOCE,1081
BORDES,1081
HOYAS,1081
BAUTE,1080
PAUL,1080
COLLAZOS,1079
VERANO,1079
ORO,1079
ALTES,1079
FRESCO,1079
FABRE,1079
VIRGILI,1079
BARCIELA,1078
ASUNCION,1077
SORROCHE,1076
GINE,1076
ALMONTE,1076
LIZASO,1076
CIURANA,1075
LUZ,1075
SOLDEVILLA,1075
ESTELA,1075
ALDAZ,1074
SUCH,1073
MARCELO,1073
MUSTAFA,1073
CASIMIRO,1072
GARRIGUES,1072
CHULIA,1072
TAPIADOR,1072
GALARRAGA,1071
SUBIRA,1071
GUEMES,1071
CASAÑ,1071
AROSTEGUI,1070
ASTIGARRAGA,1070
CABRA,1070
GAMO,1069
CERCOS,1069
FRADE,1069
RIBALTA,1069
HERENCIA,1068
LECUONA,1068
CURADO,1068
BOTO,1068
CALPE,1067
LOURO,1066
PERPIÑA,1066
DEL REAL,1066
MACIAN,1066
ORTELLS,1065
PELLON,1065
TIERNO,1064
FREITAS,1064
MEMBRIVES,1062
RON,1061
MICHELENA,1060
VICIOSO,1060
NADALES,1060
BELLOT,1060
JAIMEZ,1060
JORBA,1060
MONTAGUD,1060
RUBIÑO,1060
FREIRIA,1060
CABAL,1060
MOUZO,1059
ALBIZU,1059
CAÑON,1058
ALBORS,1058
JUANOLA,1057
COPETE,1057
CAMBERO,1057
FERRES,1056
CARNEROS,1055
RABOSO,1055
FIBLA,1055
ENRICH,1055
TAJUELO,1055
CENDON,1054
SIMANCAS,1054
OLIVENCIA,1053
FERRIOL,1053
BURGUETE,1053
PERA,1053
ENGUIDANOS,1053
LAMARCA,1053
PAULINO,1052
ALCEDO,1052
CORONIL,1052
CHORRO,1051
RONDAN,1050
PARADELA,1050
CANSECO,1050
AMER,1050
ROYUELA,1050
DEL PUERTO,1050
DE GEA,1049
FORNELL,1049
MOGOLLON,1048
LOUZAO,1048
SANFELIX,1048
BERGA,1047
VILLAMARIN,1047
LIROLA,1047
FEO,1046
LARRAZABAL,1046
SOTOCA,1046
ANTONA,1045
IBARS,1044
ABRANTE,1044
SEGUNDO,1044
TURPIN,1044
NAVIA,1043
MAGARIÑOS,1043
ARASA,1042
FARRAS,1042
BARGALLO,1042
RENAU,1042
GARCIA MORENO,1042
ETXABE,1042
NAVASCUES,1041
GARCIAS,1041
VILLASEÑOR,1041
CANSINO,1040
LERIN,1040
TIENDA,1040
INSAUSTI,1040
VALENTI,1039
CAYETANO,1038
TERRAZAS,1038
ZAPLANA,1037
OTEGUI,1036
JAÑEZ,1036
OLVEIRA,1036
PILAR,1036
AZOR,1036
MILA,1036
ARBIZU,1035
LOMBARDIA,1035
DE LARA,1034
BALDE,1034
IRUELA,1033
DEL CURA,1033
CHAVARRI,1033
DEL BLANCO,1032
GALDOS,1032
VEGARA,1032
ERAZO,1032
CASTILLERO,1031
ITURRIOZ,1031
DAVO,1030
ESPERT,1030
TOBOSO,1030
POUSO,1029
RUBIANO,1029
BASCONES,1029
CANTILLO,1028
ESTEVA,1027
LOSILLA,1027
SAIDI,1027
COCERA,1027
CASTRESANA,1027
HASSAN,1027
ESPASANDIN,1026
CAMPILLOS,1025
FOLGUEIRA,1025
FRIGOLA,1025
LARRAZ,1025
MANTEIGA,1024
VOZMEDIANO,1024
ANIDO,1024
PELEGRI,1023
GINARD,1023
MARGARIT,1022
ALMENAR,1022
ARMIJO,1021
TORICES,1021
DONAT,1021
EL MOUSSAOUI,1020
POUSADA,1020
MENCHERO,1020
PLANTON,1020
ROCH,1020
OREJA,1019
ILLA,1019
CALVACHE,1019
ARRUABARRENA,1017
FRANCOS,1017
GASCA,1017
ABASOLO,1017
AIRA,1016
ARAMENDI,1014
SALAR,1013
PATERNA,1013
SENTIS,1012
TOAPANTA,1011
FERRAZ,1011
MOMPEAN,1010
BORDOY,1010
RESINO,1010
BOMBIN,1009
CUBILLAS,1009
BETANZOS,1008
LEMES,1008
SANMIGUEL,1008
BERASATEGUI,1008
LANCHA,1008
RIVADULLA,1008
TRILLA,1008
HABA,1007
ALVARIÑO,1007
COVELO,1007
BARRERAS,1005
SOLANES,1005
CUÑAT,1005
BENGOETXEA,1005
DUCH,1004
PICHEL,1004
GASSO,1004
FLORENCIO,1003
PARAMIO,1002
ADAM,1002
FARO,1002
CAJA,1000
ALEN,1000
MASSANET,999
RICA,999
NOGUERO,998
RIBO,998
LANUZA,997
BACH,997
ALBERICH,996
EIROA,996
AMORIN,995
INGELMO,995
LAREDO,994
ESCLAPEZ,994
BARCOS,993
LLUIS,993
NOGUEIRAS,993
ENGUIX,993
MARIANO,992
GRANADA,992
ALMARZA,992
BUIZA,991
MARES,991
ALBUIXECH,990
CEREIJO,990
BARBADO,990
DENGRA,990
EMBID,989
ARTIGUES,989
CANEDA,988
HERRERAS,987
CORRALIZA,987
ABADIAS,987
BIEDMA,986
RAMIL,986
VILLOSLADA,985
PAGOLA,983
ARAUZO,982
COSSIO,982
ARRONIZ,982
VILLANOVA,982
MORCUENDE,982
ECHAVARRI,982
RAÑA,981
MORIANO,981
PIÑAS,981
ALBELDA,981
CHIA,980
CINTADO,980
COUÑAGO,980
DEL HIERRO,980
AMIL,979
CASAUS,979
CALDENTEY,979
BALMASEDA,979
CIENFUEGOS,979
FREIXA,978
ESTESO,978
PEDRERA,978
DEL CORRAL,978
ZULUETA,978
CORIA,977
CARRIZOSA,976
FARRAN,976
TABUENCA,976
CAMPINS,975
PALLEJA,975
SUBIAS,975
MASFERRER,975
CARRERES,974
ALAMILLO,974
TORREMOCHA,974
CANTADOR,973
TORMOS,973
CARRASQUILLA,972
ELICES,972
COTAN,972
ABDEL LAH,972
ACEÑA,972
GUERREIRO,971
OLID,971
LEONARDO,971
SOLIÑO,970
MOLPECERES,970
CEBRIA,970
VILLAPLANA,969
SALTO,969
CAYUELAS,969
CALAFAT,969
CALAFELL,969
RABAL,969
MONTELONGO,968
ARAMENDIA,968
FLORENSA,968
SALOMON,967
DAMIAN,967
CASTANEDO,967
VILLORA,967
AROCHA,967
CORREIA,966
SAN ANDRES,966
PECHARROMAN,966
DIONISIO,966
ALMENA,966
HERGUEDAS,966
ALDA,966
AZOFRA,966
MUNICIO,966
SEISDEDOS,966
CASARRUBIOS,965
ALAYON,965
REALES,965
COTILLAS,965
PRENDES,964
ALOMAR,964
RUFINO,963
LEANDRO,963
MAGRANER,963
ONRUBIA,963
GUILLOT,963
FERNANDEZ PACHECO,962
PELLITERO,962
FORCADELL,962
ROSENDE,961
GERPE,961
BUSTELO,961
GALCERAN,961
ADALID,960
PESO,960
JUARISTI,960
CAIZA,960
VICIANA,960
MOVILLA,960
VILLACAÑAS,960
REYNES,960
NOGUER,959
MORENA,959
ALVITE,959
PAYERAS,959
GINESTA,959
TERRES,958
TOQUERO,958
GANDULLO,958
OLIVO,957
ARTIME,957
SOMOLINOS,957
DORRONSORO,957
LINDO,957
ARAGONESES,957
SOTERAS,956
CHAPELA,956
AÑO,956
PLEGUEZUELOS,956
TRIANO,954
EGUIZABAL,954
SOLARES,954
PORTUGUES,954
LECUMBERRI,954
CALAHORRO,954
ILLANES,954
GAVIÑO,954
YUSTA,954
ALBALA,954
RIAZA,954
LACAMBRA,953
CERVELLO,953
SOBRAL,953
JARDON,953
TOURIÑO,953
DUVAL,952
CABELLOS,952
CUÑADO,952
DRIS,952
QUIÑONEZ,951
POLA,951
ZUBIETA,951
SOL,951
SERENO,951
CALLADO,951
AGUINAGA,951
SIEIRA,950
PIJUAN,950
SEVA,949
AZPIROZ,949
SOSPEDRA,949
KAUR,948
BRONCANO,948
ARROJO,948
BRINGAS,948
HIJANO,947
TORA,947
BAGUENA,947
AL LAL,945
BORGE,945
CERPA,945
ROCES,944
TAIBO,944
LEBRERO,944
OTEO,944
IQBAL,944
SORRIBAS,943
MOCHOLI,943
LIBERAL,942
ARILLA,942
MADRUGA,942
NEGREIRA,941
GUISASOLA,941
CAÑIBANO,941
MIÑAMBRES,941
LOBON,941
RAMBLA,940
NIEBLA,939
LLOVERAS,939
ALMIRALL,939
MASSANA,939
HORNOS,939
ENSEÑAT,939
BURGUILLOS,938
MORE,938
MARZA,938
ARDURA,938
SUAU,937
SERVAN,937
CANDELARIO,937
CASASNOVAS,936
ARBOS,936
MUNNE,936
UNZUETA,935
MAICAS,935
RUBIN,935
URIBARRI,934
BARRIL,934
ARVELO,934
PORTAL,933
COGOLLUDO,933
FALAGAN,933
SIMAL,933
VIZCAYA,933
BEIRO,933
AHMAD,933
LISON,932
ARGEMI,932
COLETO,931
FUEYO,931
ERASO,931
COSME,931
OYA,930
HINOJO,930
CALDAS,930
LAMELAS,929
BERTOLIN,929
ARAÑA,929
RODADO,929
SAMPAYO,929
ANDIA,929
GESTO,928
CONDORI,927
ALCIVAR,927
PARRALES,927
ARCHILLA,927
BOBADILLA,927
GUALLAR,927
HONRADO,927
GARVI,927
DEL ROSAL,927
FENOLLOSA,926
CHIRIVELLA,926
LANDEIRA,925
RIOBO,925
DASILVA,925
PONCE DE LEON,925
ALMIRON,924
REINO,924
OREJUELA,924
CORROTO,924
GRASA,924
BENAGES,924
RAFOLS,924
MEIJIDE,924
RAMO,923
GILES,923
VILLUENDAS,923
BONASTRE,923
HORTA,922
ALBAREDA,922
ERRASTI,922
DE LA CUESTA,922
BAÑEZ,921
DACAL,921
ALCORTA,921
JAVALOYES,921
ZEA,921
BAILO,920
LUZARDO,920
REJON,920
MARINO,920
SILVENTE,920
MONTEALEGRE,919
PALOMERA,919
MECO,919
BERNALDEZ,918
COLINAS,918
JAPON,918
ITURRIAGA,917
JOAQUIN,917
CLOTET,917
MARCET,917
BARBANCHO,917
REMACHA,917
VALADES,917
JUNCOSA,916
PLACERES,916
CIA,915
OBIOLS,915
COUSELO,914
CUNILL,914
GARZA,914
SANCHIDRIAN,914
LAJARA,913
BAH,913
ZAS,912
REOLID,912
MOSTAZO,912
VILLAMIL,912
MADRONA,911
REMESAL,911
CAÑABATE,911
MATAIX,911
LLOBREGAT,910
ALAEZ,910
DENIA,910
ABELEDO,910
CLAPES,910
OBANDO,909
HIPOLITO,909
CERNUDA,909
ILLERA,909
ORRIOLS,909
ROSON,909
DE LA SERNA,909
GOROSTIZA,908
FRANCIA,908
THOMAS,908
ACIN,907
GAVILANES,907
CARVALHO,906
ESPINEL,906
CLUA,905
GENOVES,905
MASANA,905
SMITH,904
AYESTARAN,904
IRAZABAL,904
GALI,904
BERNARDOS,904
YEPEZ,903
GARRUCHO,903
TAHIRI,903
MAQUIEIRA,903
DEL CAÑO,902
COUCE,902
ARANBURU,902
IRIZAR,902
RICHARTE,901
AZUAGA,901
ORMEÑO,901
GOMA,901
ZUBIA,901
MARCELINO,901
ORBEGOZO,901
GUILLO,901
DEL CANTO,901
MARBAN,901
OBRERO,900
PRADILLO,900
BARRAJON,900
VIGUERA,900
TENREIRO,900
ACEBEDO,899
SUESCUN,899
CERQUEIRA,899
GALILEA,898
ATIENZAR,898
GARCIA CONSUEGRA,898
AGEA,897
YOLDI,897
BELLMUNT,896
TISCAR,896
LAS HERAS,895
NOGUE,895
CANCELO,895
ESPINOS,895
PLANS,894
FENOLLAR,894
GALICIA,894
GOMEZ CALCERRADA,894
LLAVERO,894
CALDUCH,894
RANCHAL,893
CLARAMONTE,893
BULLON,893
MARCOTE,893
SERON,892
AGUNDEZ,892
RENGIFO,891
PARENTE,891
TORAN,891
DONET,891
MOURELLE,891
LINO,891
ARRILLAGA,891
CASTAÑOS,891
FUNEZ,890
MARDONES,890
CUBO,890
ARLANDIS,890
ZALDUA,890
JUNYENT,889
CAMUS,889
ALBO,889
BERISTAIN,888
ORAMAS,888
GAVIN,888
BRAÑAS,888
AGUILELLA,888
MATAMALA,888
JAUREGI,888
IRLES,887
LARUMBE,887
RACIONERO,887
IBEAS,887
PERIBAÑEZ,887
FERRA,886
ESMORIS,886
SARRIAS,886
ESCUDE,885
ESCUER,885
ALCAINA,885
PACO,885
FALL,885
MONTAVEZ,885
MIRAVET,885
BADA,884
COSIN,884
LEPE,883
ESCABIAS,883
AZPEITIA,882
BURRIEL,882
FORONDA,882
GULLON,882
COMIN,882
ARGOTE,882
ROCHER,881
OVALLE,881
CARCAMO,881
MAÑES,881
ESCORIHUELA,880
ZUGASTI,880
EL OUAHABI,880
TATAY,880
GAVIRIA,879
BALSEIRO,879
GABILONDO,879
LOZADA,879
EVANGELISTA,879
ROSSELL,879
PERDIGON,878
RUESCAS,878
BONACHE,878
WANG,877
EZCURRA,877
BORREGA,877
VERGE,877
BUJ,877
DANIEL,877
BONED,877
RENTERIA,876
HUELAMO,876
ARREGI,876
FEAL,875
BAZO,874
CORBERA,874
VILLAVICENCIO,874
VIA,874
ZARRAGA,873
LLOBELL,873
OTEIZA,873
OTAL,872
AYERBE,872
ALCAINE,872
DIAZ MAROTO,872
GRAN,872
IBARRONDO,872
PODADERA,872
GUARDEÑO,871
ROBAYNA,871
LAX,871
ETXANIZ,871
PERDIGONES,870
BENAIGES,870
TURRADO,870
DEL AMOR,870
CHICON,870
MISA,870
FONTANA,869
PERTUSA,869
MARROQUIN,869
GRANDAL,869
DE LA PLAZA,869
CAÑADILLAS,869
CAROL,869
ALBIACH,869
LECHON,868
TOBIAS,868
AROCAS,868
TAVIRA,868
BURGUILLO,868
VILLAJOS,868
ZAMARREÑO,868
MACEIRA,868
MAIQUEZ,867
BESTEIRO,867
BANDA,867
QUIRANTE,867
SANTOLAYA,867
SALHI,866
PRESAS,866
CALLAU,866
CORREDOIRA,866
TENZA,865
OTAMENDI,865
LLANA,865
GRAELLS,865
SANTOYO,864
HUESCA,864
INTRIAGO,863
PEQUEÑO,863
ERRO,863
LOPE,863
TORTOLA,863
SARDON,863
BASURTO,863
RICOTE,863
GRAO,862
BENEITO,862
ZAVALA,861
CANAS,861
VERNET,860
ALLEGUE,860
JOVEN,860
PARRES,860
MUNTANER,860
BAILE,860
BOX,860
CANDIL,859
MAINAR,859
QUER,859
SENDINO,859
LAGAR,858
CAMBON,858
PENIN,858
ECHAVE,857
PERIÑAN,857
AGREDANO,857
ESQUIVA,857
MUROS,857
REVERON,857
BECEIRO,857
CARULLA,857
EL HARRAK,856
REJAS,856
ZUDAIRE,856
ETAYO,856
NAJARRO,855
MUNGUIA,855
ROMANOS,855
PALAZUELOS,855
BERNET,855
ALCACER,855
TERROBA,855
ABEIJON,854
LANCHAS,854
BELTRE,853
RABANEDA,853
JANER,853
MOZOS,852
RAMILO,852
TOURAY,852
DOLERA,851
MORENILLA,851
TORNEL,851
PUÑAL,851
BOJ,850
VIVERO,849
HUESCAR,849
PLANELLA,849
FRASQUET,849
RIUTORT,849
GRANIZO,849
PUYUELO,848
ARRUE,848
AHEDO,848
FERRERUELA,848
BASTERRECHEA,847
BULNES,847
CARDEÑA,847
MIRETE,846
BAU,846
LLEO,846
PAJARO,846
BRUGUERA,845
MONTERROSO,845
VICTORIO,845
MEDINILLA,845
RODIL,845
AYATS,845
LISTA,844
SAMBLAS,844
GALDO,844
SANDIN,844
BALDA,843
COSIO,843
JAMBRINA,843
BEN,843
SENENT,842
PUMAR,841
FLECHA,841
RETAMAL,841
VERDEGUER,841
BIZCOCHO,840
CAMBLOR,840
SELFA,840
PELAZ,840
SIRERA,840
SOPEÑA,839
GUEYE,839
MONTOSA,839
GARDUÑO,838
MERINERO,838
PUIGVERT,838
VALLECILLOS,838
MOLIST,838
SOROLLA,837
ENCINA,837
VIOQUE,837
LEGARRETA,837
VASALLO,836
MUGURUZA,836
TEJON,836
ROLLON,836
DE LA ASUNCION,835
MONTAÑANA,835
GOZALBO,835
TRIBALDOS,835
TAJES,834
ARROBA,834
PEDREGAL,834
MARTA,833
SABIDO,833
SARAVIA,833
LERENA,833
ESCRIHUELA,832
ANDRINO,832
AROCENA,832
FERRETE,832
CASTELAO,831
URCELAY,831
BABIANO,830
HORTIGUELA,830
MUNIESA,830
CODES,830
MELGOSA,830
SABORIT,830
ZUMAQUERO,829
GASULLA,829
LONGO,829
ZAHONERO,829
SACO,829
OUTEIRAL,828
BARTUAL,828
QUEIPO,828
GUITIAN,828
ALZOLA,828
TROITIÑO,827
ALIJA,827
SESMERO,827
VILORIA,827
CASTREJON,827
ANILLO,827
DE PRADA,827
PORTUGAL,826
URRACA,826
ABIA,826
MIÑO,826
REMIRO,825
ANTOÑANZAS,825
OLIVES,825
ROGEL,825
LLEIXA,825
BATUECAS,825
OLMEDILLA,825
LAMEIRO,825
MONTESERIN,825
SOLTERO,824
AGRAMUNT,824
ALLO,824
BATET,824
GALVIN,823
GURRUCHAGA,822
VIGUERAS,822
CLAVEL,822
COLMENAREJO,821
GOMARA,821
JARABA,821
OLABARRIA,821
PIN,821
RODIÑO,821
FRANQUESA,821
DE LA NUEZ,821
BRAZA,821
AZNAREZ,820
MARCEN,820
MORALEJO,820
IGARTUA,820
BAIGORRI,819
LANCHARRO,819
PUJALTE,819
BOQUETE,819
PUY,819
DE CABO,819
ESTARLICH,819
GRIMALDI,818
ARAGO,818
MOLINE,818
LIN,817
LLOVERA,817
BATANERO,817
QUINTANO,817
BALSELLS,817
ALZAMORA,816
AMBROS,816
CHOZAS,816
PICOS,815
BERGUA,815
GALBIS,815
FONTANALS,815
ARIZMENDI,815
EZPELETA,815
ALCANTUD,814
SOLIZ,814
SEGUROLA,814
PADRO,814
SISO,814
CIVIT,814
MIRAVETE,814
ZABALLA,814
GARRETA,814
AVIÑO,814
URUEÑA,813
BARDON,813
LORIENTE,812
LIRA,812
YELAMOS,812
COMENDADOR,812
HERRANDO,812
VITERI,812
TERRASA,812
CAPELO,812
YARZA,811
LLEONART,811
SANTACANA,811
MENDIVIL,810
FELGUERA,810
MEMBRILLA,809
INES,809
RONCAL,809
CLAR,809
RIDAO,809
VIDA,808
BAZAGA,808
CILLERO,808
CASTEDO,808
MOZAS,808
BRIZUELA,807
ALBALATE,807
BARGUEÑO,807
VANRELL,806
URIZAR,806
TRIPIANA,806
BERNAUS,806
MANZANAS,806
CAPA,805
UZAL,805
ENGUITA,805
ANTOLI,805
TOJO,805
REMEDIOS,805
BOVE,805
GOYANES,805
TELLADO,805
GROS,804
MALIA,804
TORREÑO,804
TORRUBIA,804
PENSADO,803
ESPASA,803
ORFILA,803
DE VERA,802
CORTELL,802
PENALBA,802
VENTOSO,802
PINTEÑO,802
EJARQUE,801
HINAREJOS,801
CELDA,801
URIZ,801
ALMANZA,800
GRIJALBA,800
PANADES,800
ROMERAL,800
ALCOBENDAS,799
ARGILES,799
BUCH,799
CALCERRADA,798
RIOFRIO,798
LABELLA,798
TORIO,798
ROMANI,798
CORRO,797
PELEGRINA,797
LANAU,797
CLOS,797
SADABA,797
FERMIN,796
ROMERO DE AVILA,796
GROBA,796
PARRAMON,796
ALDAY,796
BALADA,796
GIRBES,796
SANTAFE,795
BERAZA,794
MURGUI,794
ARISTIZABAL,793
ALCANTARILLA,793
MINGUET,793
LLORACH,793
REPULLO,792
LAHERA,791
OBISPO,791
CES,791
BURGUES,791
SAUGAR,791
OROSA,791
CALZADILLA,791
PURAS,791
MIMUN,791
MANZANEDA,790
MORLA,790
VISIEDO,790
ROEL,790
LACUEVA,790
ZARZOSO,790
BALTANAS,790
ROSET,790
GABAS,789
BORDA,789
GRANDIO,789
DEL BOSQUE,789
CANGA,788
MARINAS,788
MEIZOSO,788
PILA,787
PEIDRO,787
BRUÑA,787
MUNTANE,787
HERVIAS,786
HUELVA,786
ALMEDA,786
MENCHEN,786
CEACERO,786
PONTES,785
RILO,785
BELLAS,785
RUMBO,785
SANROMA,785
TRUJILLANO,784
URDA,784
CARTON,784
DE CARLOS,784
ALANIS,784
MOHAMMAD,784
CARROZA,783
LARRIBA,783
COTE,783
CEBOLLADA,783
URTASUN,783
ARRATIBEL,782
PORCUNA,782
MARIJUAN,782
HUAMAN,781
DURANGO,781
TORVISCO,780
SANTIBAÑEZ,780
LLOVET,780
SAMPOL,780
CAMPON,780
DIESTRO,780
FERRUS,780
MANTAS,779
SOLBES,779
MARINE,779
RIBE,779
BARBON,779
FRADEJAS,779
CAPELL,779
GARVIN,779
DELTELL,778
ESCRICH,778
ORERO,778
ROIZ,778
LABARTA,778
ADELANTADO,778
ALISEDA,778
SOW,778
BUA,777
SANTESTEBAN,777
ORUE,777
DE COS,777
SELLARES,777
TORREIRO,776
TOYOS,776
JUST,775
BODI,774
BLANC,774
VILLAGRA,774
BERGILLOS,774
TUSET,774
RAMAL,773
YUS,773
FIGUERES,773
TOSTADO,773
CUQUERELLA,772
GUIX,772
MACHIO,772
CANA,772
SANCHEZ MIGALLON,771
COLLAR,771
CARNE,771
BERJANO,770
CASTELLET,770
GOROSTIAGA,770
CASTELLAR,769
VANEGAS,769
FONTES,769
PRUDENCIO,769
FACAL,769
COY,769
CHIVITE,769
TERESA,768
RUSO,768
REMIREZ,768
CALABRIA,768
CANOS,768
PAZMIÑO,768
CLARA,768
TALON,768
PERAN,768
PIMIENTA,768
AGRELO,767
SOUZA,767
JOSA,767
PEDRON,767
ROZA,767
ANDALUZ,767
CAÑEDO,767
MIRAGAYA,767
VILLAGRAN,767
TUREGANO,767
GIGANTE,766
PABON,766
SECADES,766
GARCERAN,766
CALAHORRA,766
BANDRES,766
DE LA CHICA,766
PUJOLS,765
RUFIAN,765
UBACH,765
BENAYAS,765
PEREIRAS,765
RUIZ DE AZUA,765
LUZURIAGA,765
AZKUE,765
LIJO,764
RUFETE,764
GUIO,764
SANFELIU,764
NIUBO,764
ARTETA,763
DEL CID,763
BAHILLO,762
BORQUE,762
BLASI,762
FELEZ,762
NIN,762
CALVAR,761
VAYA,761
CANDO,761
LAIZ,761
BERRAQUERO,761
VILLAFAÑE,761
SALMON,761
FARGAS,761
TORRUELLA,760
PARDILLO,760
CARRICONDO,760
ROALES,760
MUNILLA,760
HUALDE,759
ANTICH,759
SAMPERE,759
QUINTANAR,758
CORTE,758
DONADO,758
AMUEDO,757
VENTEO,757
UTRERO,757
GALVIS,757
MAGALLANES,757
FERRARI,757
MATARRANZ,756
FORTUÑO,756
LLONA,755
CASTAÑE,755
VIÑOLO,755
TORREZ,754
RECUENCO,754
ESPERON,754
FEMENIAS,753
SAHAGUN,753
GARBAYO,753
RASTROJO,752
CALDERO,752
REVUELTO,752
MIRAVALLES,752
ARGUESO,752
JARABO,752
CONCA,752
ARBIOL,752
DEVORA,752
CALVA,751
GAMA,751
TORRESANO,751
BALTAR,751
ORTE,750
PERUJO,750
BONA,750
LASIERRA,750
VALDEPEÑAS,750
MANGADO,750
BALLESTE,750
ARCONADA,750
AHIJADO,750
SIEIRO,750
CLOQUELL,750
ZERPA,750
MINA,750
YERGA,750
PIEDRAFITA,750
NOGAL,749
BAÑA,749
ZAMBUDIO,749
SEGADOR,749
BAZTAN,749
BELTRA,749
ALLOZA,749
ARDANAZ,748
FILGUEIRAS,748
MAROÑO,748
DIAZ DE CERIO,748
MENARGUEZ,747
ALEPUZ,747
FERNANDO,747
PAINO,747
COLLELL,747
BRIOSO,746
SAURI,746
TERES,746
SUSO,746
SAGUES,746
IBARGUREN,745
AMIEVA,744
BES,744
RAGEL,744
GUMIEL,744
DARDER,744
MORAGON,743
LLAGOSTERA,743
DEL MONTE,743
LLAMBRICH,743
ALVEAR,743
NIANG,743
DE FELIPE,743
FIGUERA,742
CANELO,742
HERGUETA,742
FRONTERA,742
JALON,742
LOPETEGUI,741
BARCENAS,741
CIVANTOS,741
CAÑESTRO,741
GUNDIN,741
AMARILLA,740
LEZA,740
CABADO,740
CASTELLOTE,740
CAMESELLE,740
CANADELL,740