ANTONIO,29.771
MANUEL,26.365
JOSE,25.061
FRANCISCO,21.657
DAVID,17.757
JUAN,15.137
JAVIER,15.001
DANIEL,14.460
JOSE ANTONIO,14.402
FRANCISCO JAVIER,13.752
JOSE LUIS,13.373
CARLOS,13.336
ALEJANDRO,12.949
JESUS,12.768
MIGUEL,11.397
JOSE MANUEL,11.389
PABLO,10.919
MIGUEL ANGEL,10.801
RAFAEL,10.743
SERGIO,10.167
ANGEL,10.074
PEDRO,10.006
JOSE MARIA,9.407
JORGE,9.400
FERNANDO,9.396
LUIS,8.680
ALBERTO,8.595
ALVARO,8.135
ADRIAN,7.659
DIEGO,7.514
JUAN CARLOS,7.500
JUAN JOSE,7.141
RAUL,6.849
IVAN,6.412
RUBEN,6.319
JUAN ANTONIO,6.245
OSCAR,5.963
ENRIQUE,5.891
RAMON,5.373
ANDRES,5.334
JUAN MANUEL,5.324
MARIO,5.243
VICENTE,5.147
SANTIAGO,5.115
VICTOR,5.048
JOAQUIN,5.008
EDUARDO,4.924
MARCOS,4.714
HUGO,4.653
JAIME,4.611
ROBERTO,4.601
FRANCISCO JOSE,4.593
IGNACIO,4.290
JORDI,3.994
ALFONSO,3.850
RICARDO,3.710
SALVADOR,3.636
MARC,3.586
GUILLERMO,3.537
MARTIN,3.451
GONZALO,3.398
GABRIEL,3.350
EMILIO,3.207
JOSE MIGUEL,3.073
JULIO,3.014
JULIAN,2.942
TOMAS,2.890
NICOLAS,2.873
LUCAS,2.854
AGUSTIN,2.774
SAMUEL,2.727
JOSE RAMON,2.714
ISMAEL,2.679
JOAN,2.619
AITOR,2.575
CRISTIAN,2.545
HECTOR,2.488
FELIX,2.438
IKER,2.380
ALEX,2.375
MATEO,2.240
JUAN FRANCISCO,2.234
JOSE CARLOS,2.131
CESAR,2.064
JOSEP,2.040
RODRIGO,1.976
JOSE ANGEL,1.954
ALFREDO,1.941
MARIANO,1.933
SEBASTIAN,1.911
DOMINGO,1.897
JOSE IGNACIO,1.867
VICTOR MANUEL,1.859
FELIPE,1.807
LUIS MIGUEL,1.745
PAU,1.666
XAVIER,1.644
JOSE FRANCISCO,1.625
JUAN LUIS,1.617
ALBERT,1.614
IZAN,1.600
AARON,1.555
ERIC,1.495
BORJA,1.484
LEO,1.478
ANTONIO JOSE,1.459
GREGORIO,1.432
ARTURO,1.396
LORENZO,1.382
ESTEBAN,1.367
JOEL,1.364
CRISTOBAL,1.362
MOHAMED,1.356
ASIER,1.350
ISAAC,1.334
BRUNO,1.326
JOSE JAVIER,1.323
DARIO,1.317
ANTONIO JESUS,1.298
JUAN MIGUEL,1.278
FRANCISCO MANUEL,1.265
UNAI,1.263
JESUS MARIA,1.228
JAUME,1.203
ABEL,1.200
EUGENIO,1.184
MARCO,1.181
MIKEL,1.172
GERMAN,1.150
PEDRO JOSE,1.140
SERGI,1.130
JONATHAN,1.123
JOSE VICENTE,1.115
POL,1.113
MOISES,1.092
JON,1.080
GERARD,1.049
JUAN RAMON,1.035
CHRISTIAN,1.033
ARNAU,1.029
JUAN PEDRO,1.008
MANUEL JESUS,1.007
OLIVER,1.002
VALENTIN,0.968
ORIOL,0.963
ADOLFO,0.963
ISRAEL,0.956
MIQUEL,0.936
JONATAN,0.925
ENZO,0.917
ELOY,0.905
ANTONIO MANUEL,0.905
ERNESTO,0.894
ISIDRO,0.876
SAUL,0.857
GERARDO,0.851
BERNARDO,0.845
BENITO,0.844
ALONSO,0.839
ADRIA,0.835
JESUS MANUEL,0.831
FRANCESC,0.826
CARMELO,0.821
MARTI,0.819
JOSE ALBERTO,0.808
ERIK,0.801
JUAN JESUS,0.798
ROGER,0.787
ANDER,0.787
FEDERICO,0.769
PASCUAL,0.765
MATIAS,0.756
GUILLEM,0.753
JULEN,0.746
ELIAS,0.744
CARLES,0.744
KEVIN,0.740
OMAR,0.729
ADAM,0.727
JOSEP MARIA,0.725
LUIS ALBERTO,0.712
ALEIX,0.704
BARTOLOME,0.703
PERE,0.703
ABRAHAM,0.696
PEDRO ANTONIO,0.695
LLUIS,0.694
JOSE ENRIQUE,0.686
BENJAMIN,0.682
ANTONI,0.682
ANGEL LUIS,0.676
FERMIN,0.671
JUAN PABLO,0.666
XABIER,0.658
FRANCISCO JESUS,0.657
JUAN IGNACIO,0.652
MARCELINO,0.650
MARCO ANTONIO,0.649
GORKA,0.646
FERRAN,0.637
YERAY,0.626
JAN,0.613
AURELIO,0.605
MANUEL ANGEL,0.597
IAN,0.593
JOSE JUAN,0.591
GAEL,0.587
JERONIMO,0.578
GUSTAVO,0.576
CARLOS JAVIER,0.570
DAMIAN,0.568
LUIS MANUEL,0.564
DYLAN,0.562
THIAGO,0.559
JACINTO,0.559
ALEXANDER,0.558
BIEL,0.555
ENRIC,0.555
NIL,0.554
CARLOS ALBERTO,0.550
EUSEBIO,0.548
ENEKO,0.546
JOSE DAVID,0.545
PEDRO LUIS,0.543
LEONARDO,0.537
JAIRO,0.536
LUIS FERNANDO,0.534
VICTORIANO,0.526
LUCA,0.514
JUAN BAUTISTA,0.514
ISIDORO,0.512
JOSE JOAQUIN,0.511
BLAS,0.503
ARMANDO,0.502
GINES,0.501
JUAN MARIA,0.498
ROMAN,0.494
EDUARD,0.484
SANTOS,0.483
EMILIO JOSE,0.481
FRANCISCO ANTONIO,0.477
EDGAR,0.477
TEODORO,0.477
DIONISIO,0.476
CANDIDO,0.471
JUSTO,0.471
JESUS ANGEL,0.462
JACOBO,0.462
JOSE ANDRES,0.459
YAGO,0.459
FLORENCIO,0.457
MAXIMO,0.453
LUIS ANGEL,0.443
SIMON,0.440
ALEXIS,0.438
LUIS MARIA,0.436
IBAI,0.434
SERAFIN,0.431
EZEQUIEL,0.430
LUIS ANTONIO,0.430
EMILIANO,0.424
FRANCISCO MIGUEL,0.422
ANDREU,0.420
IAGO,0.418
AIMAR,0.411
ARITZ,0.411
FAUSTINO,0.409
MAURO,0.405
FIDEL,0.404
PEDRO MANUEL,0.404
ALEXANDRE,0.400
AMADOR,0.399
RAMIRO,0.392
JULIO CESAR,0.390
MANUEL ANTONIO,0.389
JUAN DIEGO,0.388
AHMED,0.386
MOHAMMED,0.383
CAYETANO,0.378
JUAN DIOS,0.378
JOSE DANIEL,0.377
ANTONIO JAVIER,0.377
JOSE FERNANDO,0.375
JOSUE,0.375
ROGELIO,0.375
JUAN VICENTE,0.373
MANUEL JOSE,0.368
ANTONIO MIGUEL,0.368
CLAUDIO,0.365
MARKEL,0.364
JUAN ANDRES,0.360
LIAM,0.359
JOAQUIM,0.359
LUIS JAVIER,0.359
ILDEFONSO,0.358
ANTONIO LUIS,0.356
IGOR,0.354
PEDRO JESUS,0.351
MANEL,0.351
ALAN,0.350
OIER,0.342
CARLOS MANUEL,0.341
MODESTO,0.341
LUCIANO,0.338
PEDRO MARIA,0.336
NESTOR,0.336
FABIAN,0.336
FRANCESC XAVIER,0.335
LEANDRO,0.335
BRAIS,0.333
ANGEL MANUEL,0.330
FLORENTINO,0.330
IMANOL,0.327
JUAN ANGEL,0.324
YOUSSEF,0.322
LUIS CARLOS,0.322
CONSTANTINO,0.318
JORGE LUIS,0.318
ELADIO,0.314
PAULINO,0.313
BERNAT,0.309
RICARD,0.309
ANDONI,0.308
NOEL,0.308
AVELINO,0.306
CELESTINO,0.306
FABIO,0.304
DIDAC,0.302
JOSU,0.299
NOAH,0.299
AXEL,0.295
RAYAN,0.295
GASPAR,0.292
SATURNINO,0.291
MARCELO,0.287
RUFINO,0.284
FERNANDO JOSE,0.280
JOSEBA,0.280
JUAN ALBERTO,0.279
MAX,0.276
JESUS ANTONIO,0.276
ANGEL MARIA,0.273
CLEMENTE,0.271
ADAN,0.271
BASILIO,0.267
RAIMUNDO,0.264
ROBERTO CARLOS,0.261
ANTONIO FRANCISCO,0.258
PEDRO PABLO,0.257
PELAYO,0.255
FELICIANO,0.251
FRANCISCO LUIS,0.250
HILARIO,0.250
LUIS ENRIQUE,0.248
EVARISTO,0.248
PEDRO JAVIER,0.246
MARCIAL,0.246
LLUC,0.245
TEO,0.244
ANTON,0.241
ROQUE,0.241
PATRICIO,0.239
ELISEO,0.239
ALAIN,0.238
LAUREANO,0.237
MARCEL,0.233
MANUEL ALEJANDRO,0.233
FRANCISCO BORJA,0.233
ELOI,0.232
NARCISO,0.232
CECILIO,0.227
LEOPOLDO,0.227
ADAY,0.227
FRANCISCO ASIS,0.225
BENIGNO,0.224
BERNARDINO,0.224
ROBERT,0.223
CARLOS JOSE,0.222
CAMILO,0.220
JOSE GABRIEL,0.216
JESUS MIGUEL,0.216
JOSE FELIX,0.215
SEGUNDO,0.215
BRIAN,0.213
JUAN DAVID,0.212
VALERIANO,0.212
ALI,0.211
MAURICIO,0.209
KILIAN,0.209
CESAREO,0.208
OCTAVIO,0.207
LUIS FRANCISCO,0.207
DEMETRIO,0.207
JOSE PEDRO,0.206
MANUEL FRANCISCO,0.206
UNAX,0.206
SAID,0.206
IGNASI,0.206
PEDRO MIGUEL,0.205
BERNABE,0.201
JOSE RAFAEL,0.200
NOE,0.199
ALBERTO JOSE,0.198
JESUS JAVIER,0.197
LAZARO,0.197
VICENT,0.197
PABLO JOSE,0.197
IBON,0.196
ROC,0.196
JUAN ENRIQUE,0.196
RODOLFO,0.195
BIENVENIDO,0.195
JORGE JUAN,0.195
BALTASAR,0.194
JOSE DOMINGO,0.194
IBAN,0.190
ANIBAL,0.190
CIPRIANO,0.189
ANSELMO,0.189
ANAS,0.189
VICTOR JOSE,0.188
ANASTASIO,0.187
JOSE ALEJANDRO,0.187
VICENTE JOSE,0.186
AMADEO,0.186
LUCIO,0.183
PLACIDO,0.182
JOSE PABLO,0.181
NEIZAN,0.181
BELTRAN,0.179
CELSO,0.179
GAIZKA,0.178
FULGENCIO,0.178
NACHO,0.178
BILAL,0.178
JUAN GABRIEL,0.177
EULOGIO,0.175
MARCOS ANTONIO,0.175
JUAN FERNANDO,0.173
YOEL,0.173
LUIS ALFONSO,0.173
ANXO,0.173
CASIMIRO,0.172
ALEJANDRO JOSE,0.172
BALDOMERO,0.171
JOSE TOMAS,0.170
AYOUB,0.170
RACHID,0.169
ANTONIO DAVID,0.169
EDER,0.168
NORBERTO,0.166
DENIS,0.166
HERMINIO,0.166
EDUARDO JOSE,0.165
ANTONIO MARIA,0.165
TEOFILO,0.164
ERICK,0.164
MAXIMINO,0.163
CARLOS ENRIQUE,0.163
ORLANDO,0.161
JOSE JESUS,0.161
IBRAHIM,0.161
ARAN,0.161
JOSE ALFONSO,0.160
PEDRO ANGEL,0.159
VIDAL,0.159
JOSE EMILIO,0.158
LANDER,0.157
ENRIQUE JOSE,0.157
CARLOS ANTONIO,0.156
AQUILINO,0.156
LUKA,0.156
ALEJO,0.156
FRANCISCO RAMON,0.156
XAVI,0.155
AMIR,0.155
ISAIAS,0.154
ANGEL JOSE,0.154
GUSTAVO ADOLFO,0.153
MELCHOR,0.153
ROI,0.153
OIHAN,0.152
MARINO,0.152
MIGUEL ANTONIO,0.152
GUMERSINDO,0.152
ARKAITZ,0.151
JESUS ALBERTO,0.151
ENDIKA,0.150
DIEGO JOSE,0.148
YERAI,0.148
URKO,0.148
MAXIMILIANO,0.148
PEDRO JUAN,0.147
JOSE EDUARDO,0.147
KARIM,0.147
BRYAN,0.147
BONIFACIO,0.147
ROSENDO,0.147
JON ANDER,0.146
GENIS,0.146
TELMO,0.146
HIPOLITO,0.146
JOSE RAUL,0.145
HASSAN,0.145
ION,0.145
JOSE JULIAN,0.145
NICO,0.145
TONI,0.145
AYMAN,0.144
VICTORINO,0.143
JUAN RAFAEL,0.142
ARSENIO,0.141
HAMZA,0.141
VIRGILIO,0.141
FERNANDO JAVIER,0.140
HIGINIO,0.140
CARLOS JESUS,0.139
JOSE AGUSTIN,0.139
LEON,0.139
MANUEL MARIA,0.138
QUIM,0.138
EKAITZ,0.138
LUIS EDUARDO,0.138
MUSTAPHA,0.138
JOSE BENITO,0.137
ANGEL ANTONIO,0.137
ELEUTERIO,0.137
ABELARDO,0.135
EFREN,0.135
JACOB,0.134
JORGE MANUEL,0.133
JOSE RICARDO,0.133
URBANO,0.132
LUIS JOSE,0.132
HERNAN,0.132
JORGE ANTONIO,0.131
AUGUSTO,0.131
CEFERINO,0.131
SEVERINO,0.128
ULISES,0.127
VENANCIO,0.127
DANEL,0.127
ARES,0.127
MICHAEL,0.126
LUIS FELIPE,0.126
ANTONIO ANGEL,0.125
PAUL,0.125
PABLO ANTONIO,0.124
JOSE JULIO,0.124
JULIO ALBERTO,0.124
YASSIN,0.122
CONRADO,0.121
JUAN CRUZ,0.121
FRANCISCO DAVID,0.121
DEREK,0.120
FRANCISCO PAULA,0.120
BRAULIO,0.120
LUIS MARIANO,0.120
INOCENCIO,0.120
ESTEVE,0.119
PEDRO FRANCISCO,0.119
ANGEL JESUS,0.118
CARLOS MIGUEL,0.118
AGUSTI,0.118
ANTONIO RAMON,0.118
JUAN ALFONSO,0.116
GENARO,0.116
HODEI,0.114
ZAKARIA,0.114
VICENTE JAVIER,0.114
PRIMITIVO,0.113
JULIO JOSE,0.113
XOEL,0.112
JONAS,0.112
DELFIN,0.112
CARLOS ANDRES,0.112
PRUDENCIO,0.112
BAUTISTA,0.112
JUAN SEBASTIAN,0.112
HUMBERTO,0.112
INDALECIO,0.111
JESUS DAVID,0.111
ROMEO,0.111
NEMESIO,0.110
LUIS IGNACIO,0.110
JUAN DANIEL,0.109
JOSE GREGORIO,0.109
PEPE,0.109
RAFAEL ANTONIO,0.108
ANGEL FRANCISCO,0.108
KHALID,0.107
JONAY,0.107
AGAPITO,0.107
CARLOS LUIS,0.106
LEONCIO,0.106
DIEGO JESUS,0.106
TRISTAN,0.106
ETHAN,0.105
FAUSTO,0.105
SECUNDINO,0.105
NABIL,0.105
RAFAEL JESUS,0.104
IGNACIO JAVIER,0.104
JOKIN,0.104
RAFAEL ANGEL,0.104
JUAN SALVADOR,0.104
ABDELLAH,0.104
AIRAM,0.104
GABINO,0.104
JOSE MARTIN,0.103
OVIDIO,0.103
ERNEST,0.103
MIGUEL JOSE,0.103
SILVESTRE,0.101
VICENTE MANUEL,0.101
EGOITZ,0.101
IMRAN,0.101
BOSCO,0.100
BLAI,0.100
JESUS FRANCISCO,0.100
VICTOR HUGO,0.100
ELIAN,0.100
LINO,0.100
AMBROSIO,0.099
ANICETO,0.099
JUAN JAVIER,0.098
JOSE ALFREDO,0.098
OSCAR LUIS,0.098
FRANCISCO GABRIEL,0.098
ABDELKADER,0.097
EKAIN,0.097
URIEL,0.097
IGNACIO JOSE,0.097
NICANOR,0.097
EMMANUEL,0.097
ANER,0.096
OSCAR MANUEL,0.096
ANGEL DAVID,0.096
AMIN,0.096
KAI,0.096
CESAR AUGUSTO,0.095
ANIOL,0.095
MANUEL LUIS,0.095
RUBEN DARIO,0.095
SIXTO,0.095
ADRIANO,0.095
RAFAEL JOSE,0.095
JOSEP LLUIS,0.095
ESTANISLAO,0.095
DESIDERIO,0.095
SAMIR,0.094
HICHAM,0.094
ISMAIL,0.094
ABRAHAN,0.094
SEVERIANO,0.094
HORACIO,0.094
SEBASTIA,0.094
FERNANDO MANUEL,0.094
VENTURA,0.093
LUIS JESUS,0.093
SABINO,0.093
BRAHIM,0.093
RICARDO JOSE,0.093
CARLOS MARIA,0.093
DAMASO,0.093
MANUEL RAMON,0.093
VICTOR JAVIER,0.093
JOSE PASCUAL,0.092
HELIODORO,0.092
MANUEL ENRIQUE,0.092
JOSE SALVADOR,0.092
ANTONIO JUAN,0.092
RENE,0.091
HERMENEGILDO,0.091
PABLO JESUS,0.091
ALFONSO JOSE,0.090
ANTOLIN,0.090
ALEJANDRO MANUEL,0.090
GUZMAN,0.090
ANGEL MIGUEL,0.089
PABLO MANUEL,0.089
JULIO ANTONIO,0.089
WALID,0.089
NARCIS,0.089
ARON,0.089
BRAYAN,0.088
DANIEL JESUS,0.088
AMETS,0.088
CARLOS FRANCISCO,0.088
WENCESLAO,0.088
YASSINE,0.088
ILYAS,0.087
HONORIO,0.087
ALVARO JOSE,0.087
DIEGO MANUEL,0.087
DANIEL ALEJANDRO,0.087
ABDELAZIZ,0.086
FERNANDO JESUS,0.086
MARK,0.086
ENOL,0.086
CARLOS EDUARDO,0.086
JORGE ALBERTO,0.086
RICHARD,0.086
MATEU,0.086
FRANCISCO VICENTE,0.085
NELSON,0.085
ANTONIO CARLOS,0.085
TIAGO,0.085
BENEDICTO,0.085
DIMAS,0.085
ANDRES FELIPE,0.084
CARLOS DAVID,0.084
YOUNES,0.084
CELEDONIO,0.084
ENRIQUE MANUEL,0.084
CARLOS DANIEL,0.084
ARTUR,0.083
SERVANDO,0.083
JOSE ROBERTO,0.083
SILVERIO,0.083
ANTONIO VICENTE,0.083
JESUS RAMON,0.083
EUSTAQUIO,0.083
JESUS JOSE,0.082
LUIS DAVID,0.082
SANTIAGO JOSE,0.082
ALESSANDRO,0.082
ARCADIO,0.081
ARIEL,0.081
ANGEL JAVIER,0.081
MANUEL VICENTE,0.081
NAIM,0.081
JESUS IGNACIO,0.081
KOLDO,0.081
GIL,0.081
JUAN DOMINGO,0.081
ALBINO,0.080
FRANCISCO RAFAEL,0.080
MIQUEL ANGEL,0.080
OLEGARIO,0.080
ARGIMIRO,0.079
ANDRES JESUS,0.078
FRANCISCO DANIEL,0.078
JESUS CARLOS,0.078
GILBERTO,0.078
BARTOMEU,0.078
MOHAMED AMIN,0.078
NICASIO,0.078
FRANCISCO JUAN,0.078
LUIS ALEJANDRO,0.078
AMADO,0.078
JOSE SANTIAGO,0.077
ANTONIO RAFAEL,0.077
DANTE,0.077
EIDEN,0.077
ILIAS,0.077
PEIO,0.077
JOSE IVAN,0.076
LUIS RAMON,0.076
ALBERTO MANUEL,0.076
GIOVANNI,0.076
JUAN ESTEBAN,0.075
ZACARIAS,0.075
ANDRE,0.075
AMANCIO,0.075
JORGE ENRIQUE,0.075
ENRIQUE JAVIER,0.075
JOAN CARLES,0.074
EPIFANIO,0.074
JOSE EUGENIO,0.074
ABDESLAM,0.074
JUAN MARCOS,0.074
CHRISTOPHER,0.074
ALFONSO CARLOS,0.073
JOSE JORGE,0.073
LUKEN,0.073
KEPA,0.073
BALBINO,0.073
COSME,0.073
RAFEL,0.072
MIGUEL JESUS,0.072
FERNANDO LUIS,0.072
CRISTOFER,0.072
SANDRO,0.072
JUAN AGUSTIN,0.072
FRANCISCO ANGEL,0.072
AKRAM,0.072
JUSTINO,0.072
MANUEL ALBERTO,0.072
LUIS VICENTE,0.072
ADONAY,0.071
NIZAR,0.071
BUENAVENTURA,0.071
PABLO JAVIER,0.071
JOAN JOSEP,0.071
JORDAN,0.071
DAVID JOSE,0.070
REMIGIO,0.070
VICTORIO,0.070
MIGUEL MARIA,0.070
MANUEL CARLOS,0.070
ABILIO,0.070
JOSHUA,0.070
MANUEL FERNANDO,0.069
JESUS LUIS,0.069
JOSE GUILLERMO,0.069
MATTEO,0.069
ALBERTO JESUS,0.069
RAYCO,0.069
RAMON JOSE,0.069
JOSE DAMIAN,0.068
DONATO,0.068
JOSE DIEGO,0.068
MANUEL DAVID,0.068
DANIEL JOSE,0.068
JUAN MARTIN,0.068
JUAN FELIPE,0.068
OSCAR JAVIER,0.068
GUILLERMO JOSE,0.068
JOSEP ANTONI,0.068
JOSE MARIO,0.068
SERGIO MANUEL,0.068
DIEGO ANTONIO,0.068
ACHRAF,0.068
LOIS,0.067
ALBERTO JAVIER,0.067
YAHYA,0.067
ROMUALDO,0.067
JOSE FELIPE,0.067
PAULO,0.067
JUAN EMILIO,0.067
IGNACIO MARIA,0.067
AURELIANO,0.067
MUSTAFA,0.066
JUAN TOMAS,0.066
LUIS ALFREDO,0.066
ABDERRAHIM,0.066
SAMI,0.066
HARITZ,0.066
DAVID JESUS,0.066
JULIO MANUEL,0.066
SERGIO JOSE,0.066
DIEGO FERNANDO,0.066
JOSEP ORIOL,0.065
ANDRES MANUEL,0.065
ARATZ,0.065
PERFECTO,0.065
IZEI,0.065
JOSE JAIME,0.065
JAMAL,0.064
CRESCENCIO,0.064
FERNANDO ANTONIO,0.064
REYES,0.063
JOSE MARIANO,0.063
LUIS DANIEL,0.063
AMALIO,0.063
FRANCISCO TOMAS,0.062
ALEJANDRO JESUS,0.062
ENAITZ,0.062
IOSU,0.062
ROBERTO JOSE,0.062
MIGUEL FRANCISCO,0.062
DIEGO ALEJANDRO,0.062
JESUS FERNANDO,0.062
EUDALD,0.062
LAURENTINO,0.062
FRAN,0.062
SERGIO ANTONIO,0.062
XIAN,0.062
WILLIAM,0.061
PATXI,0.061
JAVIER ANTONIO,0.061
EINAR,0.061
LISARDO,0.061
ALFONSO JAVIER,0.061
JOSE ESTEBAN,0.061
JESUS ENRIQUE,0.061
TIMOTEO,0.061
FRANCISCO ANDRES,0.060
JOAQUIN MANUEL,0.060
ONOFRE,0.060
MAIKEL,0.060
ZEUS,0.060
HERIBERTO,0.060
JOSE LORENZO,0.060
SENEN,0.060
JESUS SALVADOR,0.060
EDUARDO MANUEL,0.060
ANTONIO JOAQUIN,0.059
MANEX,0.059
DAVID MANUEL,0.059
ANTONINO,0.059
JOAN ANTONI,0.059
JUAN FELIX,0.059
JOSE RUBEN,0.059
GARIKOITZ,0.059
MANUEL JAVIER,0.059
RAFAEL MANUEL,0.059
DANI,0.059
PEDRO ENRIQUE,0.059
JORGE JAVIER,0.059
PEDRO VICENTE,0.058
SAAD,0.058
JAVIER JESUS,0.058
AYOZE,0.058
ANDRES JOSE,0.058
HAMID,0.058
JOSE VICTOR,0.058
JOAQUIN JOSE,0.058
DRISS,0.058
MANUEL MIGUEL,0.058
ALEJANDRO JAVIER,0.058
AMABLE,0.058
EMILIO JESUS,0.057
FRANCISCO ALBERTO,0.057
JOFRE,0.057
VICTOR JESUS,0.057
CIRO,0.057
JOSE MARCOS,0.057
MANUEL IGNACIO,0.057
NATALIO,0.057
NAUZET,0.057
JOSE ADRIAN,0.057
ANGEL RAMON,0.057
LUKAS,0.056
VICENTE RAMON,0.056
DOMINGO JOSE,0.056
RAIMON,0.056
ADIL,0.056
ANTONIO ENRIQUE,0.056
JUAN ALEJANDRO,0.056
EMETERIO,0.056
JESUS VICENTE,0.056
JAVIER MARIA,0.056
ANGEL GABRIEL,0.056
CRISTHIAN,0.056
EDELMIRO,0.056
ADRIEL,0.056
CIRILO,0.055
JUAN CAMILO,0.055
JOSE BERNARDO,0.055
DAVID ALEJANDRO,0.055
RAMON ANTONIO,0.055
ROLANDO,0.055
DOROTEO,0.055
DENNIS,0.055
URTZI,0.054
ALVAR,0.054
PEDRO IGNACIO,0.054
AIUR,0.054
EVELIO,0.054
FACUNDO,0.054
NAHUEL,0.054
AMANDO,0.054
YAEL,0.054
RAFAEL FRANCISCO,0.054
MAEL,0.054
MIMOUN,0.053
LOGAN,0.053
JAVIER IGNACIO,0.053
MIGUEL ALEJANDRO,0.053
JAVIER JOSE,0.053
NATHAN,0.053
UBALDO,0.053
PEDRO RAMON,0.053
EMILI,0.053
HECTOR MANUEL,0.052
CARLOS FERNANDO,0.052
PABLO LUIS,0.052
PEDRO DAVID,0.052
CESC,0.052
MARCIANO,0.052
VICTOR MIGUEL,0.052
ISIDRE,0.052
FRUCTUOSO,0.052
HARON,0.052
CALIXTO,0.052
EMILIO MANUEL,0.052
YASSIR,0.052
FRANCISCO JOAQUIN,0.052
ANTHONY,0.051
YASSER,0.051
LUIS ANDRES,0.051
OSCAR JOSE,0.051
ELIO,0.051
JORGE JOSE,0.051
ARAY,0.051
VICENTE ANTONIO,0.051
ABDERRAHMAN,0.051
ALFONSO MANUEL,0.051
JOAQUIN ANTONIO,0.051
PEDRO ALBERTO,0.051
VICTOR ANTONIO,0.051
JUAN LORENZO,0.050
NEL,0.050
JOSEBA ANDONI,0.050
FREDERIC,0.050
DAVID ANTONIO,0.050
FRANCISCO CARLOS,0.050
JORGE MIGUEL,0.050
MACARIO,0.050
PEP,0.050
SALUSTIANO,0.050
FRANCISCO ALEJANDRO,0.050
REGINO,0.050
ERLANTZ,0.050
LUCCA,0.050
REDA,0.050
EFRAIN,0.050
RAMON MARIA,0.050
ALFONS,0.050
VICENTE JESUS,0.050
DAMIA,0.049
ALVARO JESUS,0.049
LADISLAO,0.049
JAIME JOSE,0.049
CIRIACO,0.049
JESUS DANIEL,0.049
PERU,0.049
EMANUEL,0.049
ENRIQUE JESUS,0.049
EROS,0.049
RAFAEL CARLOS,0.049
MILLAN,0.049
IVAN JOSE,0.049
THEO,0.048
ANTONIO FERNANDO,0.048
TARIK,0.048
VICENTE LUIS,0.048
IMAD,0.048
MARIO JOSE,0.048
ASENSIO,0.048
JOSE OSCAR,0.048
MANUEL ANDRES,0.048
FELIX MANUEL,0.048
CASTO,0.048
JEREMY,0.048
MICHEL,0.048
AZIZ,0.048
JAVIER ALEJANDRO,0.047
YASIN,0.047
RUPERTO,0.047
BREIXO,0.047
NAZARIO,0.047
EKHI,0.047
EVAN,0.047
JOSE CARMELO,0.047
PATRICK,0.047
CARLOS GUSTAVO,0.047
CUSTODIO,0.047
RICARDO MANUEL,0.047
DANIEL ANTONIO,0.047
MAGI,0.047
MOSTAFA,0.047
CRISTINO,0.047
MARIO ALBERTO,0.047
OUSSAMA,0.047
FERNANDO MARIA,0.046
MOUSSA,0.046
YONATAN,0.046
TORCUATO,0.046
ALFREDO JOSE,0.046
ATANASIO,0.046
NAEL,0.046
GERVASIO,0.046
JUAN CRISTOBAL,0.046
JORGE ANDRES,0.046
OSCAR DAVID,0.046
TIRSO,0.046
JOHN,0.046
MUHAMMAD,0.045
CASTOR,0.045
FRANCISCO ENRIQUE,0.045
ALEXANDRO,0.045
AINGERU,0.045
JORGE DAVID,0.045
JOSE AURELIO,0.045
RAFAEL LUIS,0.045
PORFIRIO,0.045
AMINE,0.045
ALVARO MANUEL,0.045
EDUARDO ANTONIO,0.045
FELIX ANGEL,0.045
GUIM,0.045
AYTHAMI,0.045
KAMAL,0.045
EDUARDO JAVIER,0.044
EIDAN,0.044
EULALIO,0.044
VICENTE MIGUEL,0.044
JORGE FRANCISCO,0.044
MAGIN,0.044
FELIX JOSE,0.044
DOMINGO ANTONIO,0.044
INOCENTE,0.044
JOSE ARTURO,0.044
RAMON JESUS,0.044
ADEI,0.043
REINALDO,0.043
CURRO,0.043
SANTIAGO MANUEL,0.043
CARLOS ALFONSO,0.043
VLADIMIR,0.043
ANGEL ALBERTO,0.043
ANTONIO ALBERTO,0.043
EDUARDO JESUS,0.043
NOUREDDINE,0.043
CRUZ,0.043
RAFAEL MARIA,0.043
FELICISIMO,0.043
JOAQUIN MARIA,0.043
STEVEN,0.043
NADIR,0.043
BELARMINO,0.043
NATANAEL,0.043
JUAN EDUARDO,0.042
AITZOL,0.042
FRANCISCO FERNANDO,0.042
JOSEP RAMON,0.042
CESAR MANUEL,0.042
FERNANDO MIGUEL,0.042
RUYMAN,0.042
ODEI,0.042
ELEAZAR,0.042
LIHER,0.042
TELESFORO,0.042
MARCOS JOSE,0.042
ABDELILAH,0.042
ANTONIO DANIEL,0.042
JORGE CARLOS,0.042
VICTOR DANIEL,0.042
JUAN SANTIAGO,0.042
ANCOR,0.041
IVAN JESUS,0.041
JOAN MANUEL,0.041
KYLIAN,0.041
OSKAR,0.041
JUAN BOSCO,0.041
PEDRO ANDRES,0.041
WALTER,0.041
ENRIQUE ANTONIO,0.041
PABLO ANDRES,0.041
ANGEL DANIEL,0.041
EDMUNDO,0.041
FORTUNATO,0.041
JOAN RAMON,0.041
CRISTOPHER,0.041
ANOUAR,0.041
GALDER,0.041
IRAITZ,0.041
MIGUEL LUIS,0.040
ALEJANDRO ANTONIO,0.040
MAXIM,0.040
YUSEF,0.040
JAVIER FRANCISCO,0.040
LUIS GABRIEL,0.040
FRANCISCO JULIAN,0.040
ALFRED,0.040
RAMON MANUEL,0.040
MIGUEL MANUEL,0.040
JHONATAN,0.040
ABDON,0.040
JAGOBA,0.040
JULIA,0.040
JOAN MARC,0.040
MANUEL ALFONSO,0.040
IGNACIO MANUEL,0.039
ALBERTO CARLOS,0.039
LIONEL,0.039
PABLO MIGUEL,0.039
FLORIAN,0.039
OT,0.039
ADUR,0.039
TORIBIO,0.039
CARLOS ALEJANDRO,0.039
RAMSES,0.039
TAREK,0.039
ALFONSO JESUS,0.039
SILVINO,0.039
JOSE NICOLAS,0.039
DIEGO MIGUEL,0.039
VALENTINO,0.039
RICARDO ANTONIO,0.039
ANGEL CARLOS,0.039
JAIME ANTONIO,0.039
ANWAR,0.038
ATILANO,0.038
OSCAR ANTONIO,0.038
JESUS ANDRES,0.038
RICARDO JAVIER,0.038
FARID,0.038
ANGELO,0.038
LORIEN,0.038
PEDRO JOAQUIN,0.038
DAN,0.038
DAYRON,0.038
GABRIEL ANGEL,0.038
LEOCADIO,0.038
MAMADOU,0.038
IGNACIO JESUS,0.038
JEREMIAS,0.038
MOUNIR,0.038
IORITZ,0.038
VICENTE JUAN,0.038
SALIM,0.038
JORGE EDUARDO,0.038
JOAN MIQUEL,0.038
JUAN JULIAN,0.038
XABI,0.038
FRANCISCO MARIA,0.038
MARIANO JOSE,0.038
JENARO,0.038
JOSE FERMIN,0.037
NEFTALI,0.037
RAMON LUIS,0.037
ENMANUEL,0.037
OSCAR JESUS,0.037
JORGE ALEJANDRO,0.037
AMARO,0.037
JOAN FRANCESC,0.037
MARWAN,0.037
AIMAN,0.037
VICENTE FRANCISCO,0.037
ANGEL FERNANDO,0.037
CARLOS VICENTE,0.037
EDWIN,0.037
SANTI,0.037
ABDELLATIF,0.037
MOURAD,0.037
JAVIER ANGEL,0.037
CASIANO,0.037
ZIGOR,0.037
ANTONIO GABRIEL,0.037
LOPE,0.037
MOHAMED AMINE,0.037
ABDELKARIM,0.037
SALVADOR JOSE,0.037
SOUFIANE,0.037
JOSE ALVARO,0.037
SERGIO DAVID,0.037
MANUEL REYES,0.037
ANTONIO ANDRES,0.036
LUIS GUILLERMO,0.036
ARMAND,0.036
DOMINGO JESUS,0.036
JORGE DANIEL,0.036
BREOGAN,0.036
ANGEL VICENTE,0.036
FELIX ANTONIO,0.036
OINATZ,0.036
FRANK,0.036
LIER,0.036
CARLOS IGNACIO,0.036
CESAR ANTONIO,0.036
ANDY,0.036
MANUEL JUAN,0.036
QUINTIN,0.036
UGAITZ,0.036
JEAN CARLOS,0.036
ANASS,0.036
ANTONIO ALEJANDRO,0.036
GABRIEL ALEJANDRO,0.036
DIEGO FRANCISCO,0.036
SERGIO JESUS,0.036
LEONEL,0.036
IYAD,0.035
MANUEL JOAQUIN,0.035
ADRIAN JOSE,0.035
JOSE CRISTOBAL,0.035
LUIS SANTIAGO,0.035
JUAN GUILLERMO,0.035
HENRY,0.035
JOSE ROMAN,0.035
VALENTI,0.035
ALBERTO ANTONIO,0.035
FOUAD,0.035
MARTIN JOSE,0.035
IRAI,0.035
MARCOS JESUS,0.035
SIMEON,0.035
PEDRO ALFONSO,0.035
JESUS ALEJANDRO,0.035
ANGEL ANDRES,0.035
PEDRO CARLOS,0.035
IBRAHIMA,0.035
SANTIAGO JESUS,0.035
JOSE ORIOL,0.034
OLEGUER,0.034
MOHAMED ALI,0.034
JAVIER MANUEL,0.034
JOSE ISMAEL,0.034
CONSTANCIO,0.034
JORGE JESUS,0.034
PABLO FRANCISCO,0.034
DORIAN,0.034
JOAN MARIA,0.034
JOSE ERNESTO,0.034
MARCOS MANUEL,0.034
NILO,0.034
ORENCIO,0.034
FILIBERTO,0.034
MAHER,0.034
MILAN,0.034
PEDRO DANIEL,0.034
FROILAN,0.034
CARLOS ANGEL,0.034
HEGOI,0.034
FRANCISCO IGNACIO,0.034
GRACIANO,0.034
CRISTIAN DAVID,0.033
JOSE ADOLFO,0.033
AIDAN,0.033
XOAN,0.033
ALEJANDRO MIGUEL,0.033
BADR,0.033
HECTOR JOSE,0.033
MARIUS,0.033
ANDRES FRANCISCO,0.033
ARTURO JOSE,0.033
EUGENI,0.033
JOSE ARMANDO,0.033
JUSTINIANO,0.033
PACO,0.033
JOSE ABEL,0.033
MARCELIANO,0.033
MOUAD,0.033
EMILIO JAVIER,0.033
BORIS,0.033
GALO,0.033
GUIU,0.033
ALBERTO LUIS,0.033
JESUS RAFAEL,0.033
CARLOS RAMON,0.033
DOMENEC,0.033
ADNAN,0.033
FELIPE JOSE,0.033
JUAN RICARDO,0.033
JARED,0.032
GERONIMO,0.032
JON ANDONI,0.032
TANAUSU,0.032
ADRIAN JESUS,0.032
ANGEL CUSTODIO,0.032
ALEJANDRO DAVID,0.032
JAIME MANUEL,0.032
ANTONIO TOMAS,0.032
RAMON ANGEL,0.032
ANTONIO PEDRO,0.032
OLMO,0.032
RAFA,0.032
SEVERO,0.032
NIKO,0.032
ENRIQUE LUIS,0.032
LUIS EMILIO,0.032
SOUFIAN,0.032
FRANCISCO SALVADOR,0.032
NUNO,0.032
MOHAMMAD,0.032
BRU,0.032
LUIS GONZALO,0.032
YOUSEF,0.032
IU,0.032
JOSE ELIAS,0.032
CRISTO MANUEL,0.031
OTMAN,0.031
DIEGO ANDRES,0.031
MANUEL SANTIAGO,0.031
ANDRES MIGUEL,0.031
PABLO ALBERTO,0.031
ROBERTO ANTONIO,0.031
SALAH,0.031
BRANDON,0.031
JHON JAIRO,0.031
PEDRO ALEJANDRO,0.031
PIO,0.031
GOTZON,0.031
VICTOR LUIS,0.031
WILSON,0.031
MAHAMADOU,0.031
IVAN MANUEL,0.031
DIEGO JAVIER,0.031
ABDERRAHMANE,0.031
MARIO JESUS,0.031
ABIAN,0.031
GONZALO JOSE,0.031
MIGUEL ENRIQUE,0.031
RICARDO JESUS,0.031
CARLOS RAFAEL,0.031
EL HASSAN,0.031
ANGEL RAFAEL,0.031
VALERIO,0.031
FRANCISCO PEDRO,0.031
JOSE MATIAS,0.031
EUTIMIO,0.031
PABLO DANIEL,0.031
TOMEU,0.031
JEAN PIERRE,0.031
TXOMIN,0.030
JUAN GREGORIO,0.030
CARLOS ARTURO,0.030
MIGUEL RAMON,0.030
CRISTIAN JOSE,0.030
JOSE GERMAN,0.030
MAXIMIANO,0.030
ROBERTO JAVIER,0.030
TOMAS JOSE,0.030
LAHCEN,0.030
ARIAN,0.030
EDUARDO LUIS,0.030
MANUEL EDUARDO,0.030
ARIDANE,0.030
FEDERICO JOSE,0.030
POLICARPO,0.030
JOAQUIN JESUS,0.030
LUIS PEDRO,0.030
GABRIEL JOSE,0.030
EUFRASIO,0.030
NICOMEDES,0.030
LUIS JORGE,0.030
RESTITUTO,0.030
DIEGO LUIS,0.030
THOMAS,0.030
DANIEL ALBERTO,0.030
YON,0.030
MUSA,0.029
NEYZAN,0.029
SANTIAGO JAVIER,0.029
RAFAEL JUAN,0.029
GABRIEL JESUS,0.029
MIGUEL CARLOS,0.029
DOMINGO JAVIER,0.029
MANUEL RAFAEL,0.029
DANIEL FRANCISCO,0.029
YURI,0.029
CRISANTO,0.029
LUIS GONZAGA,0.029
MHAMED,0.029
GABRIEL ANTONIO,0.029
JOSEP MIQUEL,0.029
DANIEL ANGEL,0.029
ISSAM,0.029
ADELINO,0.029
LUIS ROBERTO,0.029
MATHIAS,0.029
RAMON FRANCISCO,0.029
LUIS RAFAEL,0.029
RAFAEL MIGUEL,0.029
ENRIQUE FRANCISCO,0.029
ABDELHAMID,0.029
ANTONIO DOMINGO,0.029
JULI,0.029
MARIO ANTONIO,0.029
ANTONIO IGNACIO,0.029
KERMAN,0.029
XUBAN,0.029
CRISTIAN JESUS,0.029
JOAN MANEL,0.029
JORGE IGNACIO,0.029
JULIO ANGEL,0.029
PEDRO RAFAEL,0.029
PEDRO FERNANDO,0.029
ROBERTO MANUEL,0.029
MANOLO,0.028
RUBEN JESUS,0.028
OSWALDO,0.028
ANGEL ENRIQUE,0.028
SEGISMUNDO,0.028
CARLOS ALFREDO,0.028
RAFAEL ALBERTO,0.028
ABDESSAMAD,0.028
CARLOS IVAN,0.028
MOHAMED REDA,0.028
OSAMA,0.028
PEDRO TOMAS,0.028
SILVIO,0.028
DOMINGO MANUEL,0.028
GENEROSO,0.028
MISAEL,0.028
ROBERTO JESUS,0.028
ABDELALI,0.028
CARLOS JUAN,0.028
JOSE BLAS,0.028
JUAN NICOLAS,0.028
LUIS MARIO,0.028
MANUEL PEDRO,0.028
MIGUEL JUAN,0.028
NICOLAU,0.028
EDORTA,0.028
ABDELHAK,0.028
JOAQUIN FRANCISCO,0.028
NEO,0.028
ALEN,0.028
ALFONSO LUIS,0.028
WASSIM,0.028
ALDO,0.028
SERGIO LUIS,0.028
TEODOMIRO,0.028
JULIAN JOSE,0.028
JOSE GERARDO,0.028
FRANCISCO EDUARDO,0.028
ANTONIO SALVADOR,0.028
BERNARDO JOSE,0.028
CRISTOBAL JESUS,0.028
EMILIO ANTONIO,0.028
MEHDI,0.027
OSCAR ALBERTO,0.027
RUBEN JOSE,0.027
JOHN JAIRO,0.027
JUAN JORGE,0.027
MANUEL SALVADOR,0.027
YOUNESS,0.027
ANDREI,0.027
LUIS PABLO,0.027
MARCOS JAVIER,0.027
ABDELMAJID,0.027
ERNESTO JOSE,0.027
JOSE CRUZ,0.027
ZOILO,0.027
SUFIAN,0.027
ABDELKRIM,0.027
ANUAR,0.027
YONATHAN,0.027
ARTAI,0.027
JULIO MIGUEL,0.027
RAFAEL ENRIQUE,0.027
FRANCESC JOSEP,0.027
JAVIER ENRIQUE,0.027
ELIGIO,0.027
JESUS ALFONSO,0.027
ALVARO ANTONIO,0.027
JAVIER LUIS,0.027
EIZAN,0.027
JOSE ISRAEL,0.027
AHMAD,0.027
ALVARO JAVIER,0.027
JULIO ENRIQUE,0.027
XURXO,0.027
APOLINAR,0.027
JESUS JUAN,0.027
LIBERTO,0.027
ALFONSO MARIA,0.026
EDUARDO FRANCISCO,0.026
VICTOR ANDRES,0.026
CARLO,0.026
JULIAN ANDRES,0.026
SANCHO,0.026
SIRO,0.026
ZAID,0.026
ASER,0.026
MANUEL EMILIO,0.026
ENRIQUE MIGUEL,0.026
ADOLFO JOSE,0.026
FELIX JAVIER,0.026
FLAVIO,0.026
JOSE VALENTIN,0.026
JUAN ROBERTO,0.026
CESAR LUIS,0.026
JAIME LUIS,0.026
PABLO ENRIQUE,0.026
DANIEL ENRIQUE,0.026
JESUS EDUARDO,0.026
MANUEL AGUSTIN,0.026
ELIEZER,0.026
AGER,0.026
FELIP,0.026
FRANCISCO AGUSTIN,0.026
ISABELO,0.026
KENAI,0.026
SALOMON,0.026
ANDRES DAVID,0.026
EUGENIO JOSE,0.026
JESUS PEDRO,0.026
JORGE RAMON,0.026
JOSE AUGUSTO,0.026
MELQUIADES,0.026
MIGUEL ANDRES,0.026
RAUL ANTONIO,0.026
UNAY,0.026
PABLO ALEJANDRO,0.026
SERGIO JAVIER,0.026
ANTONIO ALFONSO,0.026
JORGE IVAN,0.026
EKI,0.025
PEDRO JULIAN,0.025
ANDRES ANTONIO,0.025
JOSE ALEXIS,0.025
LUCINIO,0.025
XABAT,0.025
ANTONIO AGUSTIN,0.025
DIEGO ALBERTO,0.025
FRANCISCO RAUL,0.025
JOSE SEBASTIAN,0.025
GUILLERMO ANTONIO,0.025
JULIO JESUS,0.025
DILAN,0.025
ELISARDO,0.025
MIGUEL ALBERTO,0.025
VICTOR FRANCISCO,0.025
DIEGO ARMANDO,0.025
RAUL JOSE,0.025
AGUSTIN MANUEL,0.025
JESUS JOAQUIN,0.025
JOSE GONZALO,0.025
PABLO DAVID,0.025
CARLOS ROBERTO,0.025
FRANCISCO ALFONSO,0.025
TOMAS JESUS,0.025
ULPIANO,0.025
SENDOA,0.025
CRISTIAN MANUEL,0.025
VALERO,0.025
ANTONIO EDUARDO,0.025
IYAN,0.025
JOAQUIN MIGUEL,0.025
RAFAEL VICENTE,0.025
CRISTO,0.025
JULIAN ANTONIO,0.025
JULIO JAVIER,0.025
SOTERO,0.025
DANIEL EDUARDO,0.025
EDUARDO MIGUEL,0.025
AIDEN,0.025
OLIVERIO,0.025
OWEN,0.025
ARNALDO,0.024
ISHAK,0.024
RAFAEL ALEJANDRO,0.024
VICTOR ALEJANDRO,0.024
XOSE,0.024
ADEL,0.024
KOLDOBIKA,0.024
AMADEU,0.024
JON MIKEL,0.024
TEODOSIO,0.024
FELIX JESUS,0.024
HAROUN,0.024
HONORATO,0.024
JULIO FRANCISCO,0.024
ARISTIDES,0.024
CRISTOBAL JOSE,0.024
EKAI,0.024
CARLOS GABRIEL,0.024
KIMETZ,0.024
MORAD,0.024
OLIVIER,0.024
ANDRES AVELINO,0.024
PABLO MARIA,0.024
ANDRES JAVIER,0.024
LUIS ERNESTO,0.024
JOSEP MANEL,0.024
RAFAEL DAVID,0.024
ALBERTO MIGUEL,0.024
JUAN VICTOR,0.024
MIGUEL JAVIER,0.024
OCTAVI,0.024
JUAN ALONSO,0.024
JUAN CARMELO,0.024
MIGUEL VICENTE,0.024
ANGEL IGNACIO,0.024
ANGEL EDUARDO,0.024
JUAN BERNARDO,0.024
MIGUEL IGNACIO,0.024
JACINT,0.024
KEVIN ALEXANDER,0.024
PAOLO,0.024
VICTOR ANGEL,0.024
EUTIQUIO,0.023
IVO,0.023
PABLO CESAR,0.023
SERGIO ANDRES,0.023
INHAR,0.023
JOAQUIN VICENTE,0.023
MARKO,0.023
AZAEL,0.023
JOSEPH,0.023
OSCAR DANIEL,0.023
DEOGRACIAS,0.023
IGNACIO ANTONIO,0.023
RIO,0.023
FERNANDO FRANCISCO,0.023
PABLO NICOLAS,0.023
PATROCINIO,0.023
ARAM,0.023
OTTO,0.023
ANARTZ,0.023
DANIEL ANDRES,0.023
DELMIRO,0.023
ELVIS,0.023
LUIS RICARDO,0.023
AIRAN,0.023
FERNANDO DAVID,0.023
VICTOR DAVID,0.023
ARTEMIO,0.023
CARMELO JESUS,0.023
DAVID MIGUEL,0.023
FRANCISCO XAVIER,0.023
JAMES,0.023
JOAQUIN ANGEL,0.023
JUAN RAUL,0.023
MANUEL DOMINGO,0.023
RONALD,0.023
VICTOR ALFONSO,0.023
ANDREW,0.023
JESUS GABRIEL,0.023
AMAR,0.023
GUILLERMO MANUEL,0.023
RENATO,0.023
XIMO,0.023
PABLO ANGEL,0.023
PATXI XABIER,0.023
TIBURCIO,0.023
DAVID FRANCISCO,0.023
PABLO IGNACIO,0.023
EUSTASIO,0.023
FRANCISCO PABLO,0.023
RIDA,0.023
FREDDY,0.023
JASON,0.023
ANTONIO PABLO,0.023
KHALIL,0.023
MANU,0.023
ALEJANDRO LUIS,0.023
JAVIER ANDRES,0.023
PEDRO AGUSTIN,0.023
OSCAR MIGUEL,0.023
ABDELGHANI,0.022
ANDRES EDUARDO,0.022
JOSE AMADOR,0.022
JOSE GINES,0.022
APOLONIO,0.022
CESAR JOSE,0.022
GUIFRE,0.022
JESUS PABLO,0.022
ESAU,0.022
JULIAN MANUEL,0.022
ANGEL TOMAS,0.022
OSVALDO,0.022
JESUS MARIANO,0.022
CARLOS AUGUSTO,0.022
NATAN,0.022
KENNETH,0.022
JUAN BENITO,0.022
AGUSTIN JOSE,0.022
TRINITARIO,0.022
ANDRES MARIA,0.022
AXIER,0.022
DAREK,0.022
FRANCISCO SANTIAGO,0.022
JEAN PAUL,0.022
JERONI,0.022
JOANES,0.022
LEOVIGILDO,0.022
LIAN,0.022
PERE JOAN,0.022
YASIR,0.022
ANGEL PEDRO,0.022
ANTONIO JULIAN,0.022
JUAN EUGENIO,0.022
SERGIO MIGUEL,0.022
JUAN ALFREDO,0.022
MARCO VINICIO,0.022
ILLAN,0.022
MANUEL TOMAS,0.022
TAHA,0.022
ANDERSON,0.022
DAILOS,0.022
ZIYAD,0.022
JUAN ISIDRO,0.021
SALVADOR JESUS,0.021
HERMES,0.021
JOSE RAMIRO,0.021
FRUTOS,0.021
JUAN MARIANO,0.021
ADONAI,0.021
ALVARO LUIS,0.021
ESTEBAN JOSE,0.021
LEVI,0.021
LUIS ARTURO,0.021
RICARDO LUIS,0.021
ALEJANDRO FRANCISCO,0.021
JOSE ISIDRO,0.021
ADALBERTO,0.021
ISIDRO JOSE,0.021
VICTOR RAMON,0.021
ALFONSO MIGUEL,0.021
EMILIO FRANCISCO,0.021
HAKIM,0.021
YANIS,0.021
JAIME JESUS,0.021
JAVIER CARLOS,0.021
RIGOBERTO,0.021
SALMAN,0.021
CARLOS FELIPE,0.021
JOSE ELOY,0.021
SERGIO DANIEL,0.021
MOUSTAPHA,0.021
WILFREDO,0.021
ANGEL JUAN,0.021
TOMAS MANUEL,0.021
HERNANDO,0.021
JAOUAD,0.021
JESUS SANTIAGO,0.021
TOMAS ANTONIO,0.021
DANIEL FERNANDO,0.021
ANDRES LUIS,0.021
ELIECER,0.021
JOSE SANTOS,0.021
LUIS GERARDO,0.021
OTGER,0.021
AGONEY,0.021
ALADINO,0.021
HERMOGENES,0.021
NORDIN,0.021
BIBIANO,0.021
FERNANDO CARLOS,0.021
FRANCISCO DOMINGO,0.021
JAIME ALBERTO,0.021
JESUS EMILIO,0.021
OSCAR EDUARDO,0.021
RUBEN ANTONIO,0.021
ANTONIO JORGE,0.020
BENET,0.020
SILVANO,0.020
JUAN LUCAS,0.020
MANUEL FELIPE,0.020
MAROUAN,0.020
GUILLERMO JESUS,0.020
JAIME FRANCISCO,0.020
SERAPIO,0.020
YUNES,0.020
BRIGIDO,0.020
NIKOLAS,0.020
FELIPE ANTONIO,0.020
ALBANO,0.020
LUIS ARMANDO,0.020
RYAN,0.020
CARMELO JOSE,0.020
DOMICIANO,0.020
JOSEP FRANCESC,0.020
SERGIO ALEJANDRO,0.020
ADRIAN MANUEL,0.020
ALEJANDRO DANIEL,0.020
FRANCO,0.020
JORGE FERNANDO,0.020
JOSE AVELINO,0.020
ECHEDEY,0.020
BAUDILIO,0.020
ENRIQUE CARLOS,0.020
FRANCISCO SOLANO,0.020
GREGORIO JOSE,0.020
GUERAU,0.020
MILO,0.020
CESAR JAVIER,0.020
KARAM,0.020
ANTONIO SANTIAGO,0.020
BASTIAN,0.020
DANILO,0.020
CARLOS JOAQUIN,0.020
INAR,0.020
ANGEL SANTIAGO,0.020
CARLOS EMILIO,0.020
ELLIOT,0.020
CRISTIAN ANDRES,0.020
JON JOSEBA,0.020
SAULO,0.020
ZIAD,0.020
MIGUEL EDUARDO,0.020
RAYANE,0.020
KIRIAN,0.020
MANUEL RICARDO,0.020
PELLO,0.020
REDOUAN,0.020
ALFREDO MANUEL,0.019
LORENZO JOSE,0.019
CALEB,0.019
EUFEMIO,0.019
JESUS TOMAS,0.019
LUIS JOAQUIN,0.019
ONESIMO,0.019
UXIO,0.019
ALAI,0.019
GARI,0.019
JOSE FIDEL,0.019
TITO,0.019
ABDELHAKIM,0.019
JAVIER ALBERTO,0.019
JOAN LLUIS,0.019
MANUEL PABLO,0.019
RAUL ALBERTO,0.019
NASSIM,0.019
ALBERTO FRANCISCO,0.019
CARLOS HUMBERTO,0.019
DANIEL ALEXANDER,0.019
LUIS JUAN,0.019
ANTXON,0.019
CARLOS JULIO,0.019
FERNANDO ENRIQUE,0.019
JESUS DOMINGO,0.019
JOSE LEONARDO,0.019
TON,0.019
ABDOULAYE,0.019
JORGE VICENTE,0.019
MELITON,0.019
LUIS TOMAS,0.019
MARIO LUIS,0.019
AYOSE,0.019
FELIX MARIA,0.019
KEVIN ANDRES,0.019
SANTIAGO MIGUEL,0.019
CARLOS MARIO,0.019
ENOC,0.019
SANTIAGO ANTONIO,0.019
WASIM,0.019
GERSON,0.019
GONZALO MANUEL,0.019
HUGO JOSE,0.019
CARLOS GUILLERMO,0.019
FELIPE MANUEL,0.019
ANGEL PABLO,0.019
JULIO LUIS,0.019
LUIS DOMINGO,0.019
EDUARDO ENRIQUE,0.019
ISLAM,0.019
JUNIOR,0.019
CARLOS HUGO,0.019
DARIEL,0.019
GUIDO,0.019
JOSE MATEO,0.019
NADAL,0.019
SAMUEL JESUS,0.019
MARCO AURELIO,0.019
KENAY,0.018
OBDULIO,0.018
ROMA,0.018
VICENTE SALVADOR,0.018
CARLOS SANTIAGO,0.018
JORGE ANGEL,0.018
NEIL,0.018
WAEL,0.018
ASTERIO,0.018
BELISARIO,0.018
ENRIQUE JUAN,0.018
LARO,0.018
TADEO,0.018
ALVARO FRANCISCO,0.018
BENITO JOSE,0.018
EL MOSTAFA,0.018
ILYASS,0.018
STEFAN,0.018
FERNANDO JUAN,0.018
GERARDO JOSE,0.018
DAVID FERNANDO,0.018
MATTHEW,0.018
CARLOS RAUL,0.018
GONZALO JAVIER,0.018
JAVIER EDUARDO,0.018
LEONIDES,0.018
BRUC,0.018
FRANCISCO EMILIO,0.018
ABDELHADI,0.018
ALFONSO ANTONIO,0.018
ELIOT,0.018
FELIPE JESUS,0.018
FERNANDO DANIEL,0.018
JUAN ELIAS,0.018
TRINIDAD,0.018
YANNICK,0.018
BACHIR,0.018
LAUDELINO,0.018
CAYO,0.018
IGNACIO LUIS,0.018
MIGUEL FERNANDO,0.018
SAM,0.018
TOMAS FRANCISCO,0.018
DOSITEO,0.018
EDWARD,0.018
JAIME ANDRES,0.018
JUAN MARIO,0.018
JUAN MATIAS,0.018
MANUEL ESTEBAN,0.018
SANDALIO,0.018
TOBIAS,0.018
TONY,0.018
ABDELHAFID,0.018
HAMED,0.018
FRANCISCO IVAN,0.018
IVAN ANTONIO,0.018
MIGUEL DAVID,0.018
SOHAIB,0.018
FAISAL,0.018
JOAN BAPTISTA,0.018
JOHAN,0.018
MOUHAMED,0.018
PEDRO GABRIEL,0.018
JOSE ELADIO,0.018
FRANCISCO RUBEN,0.018
REDOUANE,0.018
SINFORIANO,0.018
ENRIQUE VICENTE,0.018
HELIOS,0.018
SALVADOR ANTONIO,0.018
JESUS FELIX,0.017
JOSE CESAR,0.017
LUIS MARTIN,0.017
RICARDO ANDRES,0.017
ANTONIO EMILIO,0.017
JAVI,0.017
JOSE RODRIGO,0.017
JOSEP VICENT,0.017
RAFAEL JAVIER,0.017
ZUHAITZ,0.017
ALIPIO,0.017
GAUDENCIO,0.017
JOSEP MANUEL,0.017
RAMON MIGUEL,0.017
RUBEN DAVID,0.017
ANACLETO,0.017
CARLOS ADRIAN,0.017
FRANCISCO MARTIN,0.017
ROBERTO LUIS,0.017
ROBIN,0.017
SEBASTIAN JOSE,0.017
MARLON,0.017
ORESTES,0.017
OSCAR ANDRES,0.017
RODRIGO JOSE,0.017
ARMANDO JOSE,0.017
GUILLERMO JAVIER,0.017
LUIS OSCAR,0.017
OTHMAN,0.017
RAUL MANUEL,0.017
ALEXEI,0.017
HECTOR JAVIER,0.017
OSCAR FRANCISCO,0.017
RAFAEL IGNACIO,0.017
SALVADOR MANUEL,0.017
SANTIAGO ANDRES,0.017
AIERT,0.017
CARLOS TOMAS,0.017
IGNACIO FRANCISCO,0.017
JORGE RAFAEL,0.017
LUIS ESTEBAN,0.017
NICOLAS JOSE,0.017
JUAN MATEO,0.017
MATTIN,0.017
OUSMANE,0.017
CRISTIAN CAMILO,0.017
ROBUSTIANO,0.017
VICENTE ENRIQUE,0.017
JAD,0.017
LARBI,0.017
JOAQUIN LUIS,0.017
JOAQUIN RAMON,0.017
LUIS CESAR,0.017
MAHMOUD,0.017
PEDRO EMILIO,0.017
JULIAN ANGEL,0.017
FERNANDO ALBERTO,0.017
GONTZAL,0.017
DAVID JAVIER,0.017
JOAN ALBERT,0.017
JOSE VIDAL,0.017
RAUL JESUS,0.017
SEBASTIAN JESUS,0.017
ABUNDIO,0.017
FABRICIANO,0.017
FELIX MIGUEL,0.017
ISABELINO,0.017
MARCOS DAVID,0.017
RAFAEL EDUARDO,0.017
JESUS MARTIN,0.017
JOSE ALONSO,0.017
JOSE BENJAMIN,0.017
SATURIO,0.017
CLAUDI,0.017
JUAN VALENTIN,0.017
MAROUANE,0.017
ROMEN,0.017
VICENTE RAFAEL,0.017
ANDRES ALEJANDRO,0.017
AQUILES,0.017
EUGENIO MANUEL,0.017
LONGINOS,0.017
MARIO JAVIER,0.017
MIGUEL ALFONSO,0.017
ANDRES FERNANDO,0.016
DAVID ALBERTO,0.016
FERNANDO ANGEL,0.016
GUILLEN,0.016
JULIO ANDRES,0.016
KEVIN JESUS,0.016
MOHAMED SAID,0.016
RICARDO FRANCISCO,0.016
YASER,0.016
PIERO,0.016
ANTONIO FELIX,0.016
PABLO JUAN,0.016
VICENTE CARLOS,0.016
CRISPIN,0.016
HIMAR,0.016
ILUMINADO,0.016
LUIS ADRIAN,0.016
ODILO,0.016
ODIN,0.016
PEDRO SANTIAGO,0.016
SIRAJ,0.016
AREN,0.016
CESAR DAVID,0.016
CESAR ALBERTO,0.016
FELIX ALBERTO,0.016
NASSER,0.016
PEDRO DOMINGO,0.016
RAFAEL ANDRES,0.016
DAVID ANGEL,0.016
JAVIER FERNANDO,0.016
JOSE ALEXANDER,0.016
LAMBERTO,0.016
VICENS,0.016
ANTONIO RAUL,0.016
CONSTANTE,0.016
KAIET,0.016
ANDRES ALBERTO,0.016
AYMANE,0.016
GREGORI,0.016
FERNANDO RAMON,0.016
FRANCIS,0.016
JUAN CLAUDIO,0.016
ZENON,0.016
IRIOME,0.016
JUAN PASCUAL,0.016
RUBEN MANUEL,0.016
JESUS DAMIAN,0.016
FERNANDO RAFAEL,0.016
FRANCISCO DAMIAN,0.016
GASTON,0.016
HECTOR FABIO,0.016
MARIO MANUEL,0.016
ACOIDAN,0.016
DANIEL MANUEL,0.016
EGOI,0.016
JAVIER VICENTE,0.016
RICARDO ALBERTO,0.016
SULAYMAN,0.016
ANGEL DOMINGO,0.016
ANTONIO FELIPE,0.016
ARCADI,0.016
CHRISTIAN JOSE,0.016
DANNY,0.016
OTILIO,0.016
RAMON VICENTE,0.016
VIRGINIO,0.016
FERNANDO ANDRES,0.016
KEVIN JOSE,0.016
SANTIAGO LUIS,0.016
SOFIAN,0.016
ANGEL SALVADOR,0.016
CHRISTIAN DAVID,0.016
DIEGO DAVID,0.016
GONZALO JESUS,0.016
ROY,0.016
SERGIO FRANCISCO,0.016
MANUEL LORENZO,0.016
OLEKSANDR,0.016
ZEBENZUI,0.016
ALVARO MIGUEL,0.016
DANIEL DAVID,0.016
FRANCISCO ESTEBAN,0.016
JULIAN FRANCISCO,0.016
MIKEL AINGERU,0.015
RUFO,0.015
ANTONIO RICARDO,0.015
CRISTIAN JAVIER,0.015
ELIES,0.015
HAITZ,0.015
JOSE LEANDRO,0.015
ANTONIO NICOLAS,0.015
JULIO FERNANDO,0.015
ACORAN,0.015
ALGUER,0.015
HATIM,0.015
UBAY,0.015
VICTOR GABRIEL,0.015
AMADOU,0.015
BRYAN ALEXANDER,0.015
DIEGO MARTIN,0.015
JAIME MIGUEL,0.015
JUAN FERMIN,0.015
MANUEL EUGENIO,0.015
NAHUM,0.015
OUALID,0.015
SAFWAN,0.015
YEREMI,0.015
DIEGO ALEXANDER,0.015
JAVIER MIGUEL,0.015
JESUS CARMELO,0.015
JONATHAN DAVID,0.015
ANTONIO MARTIN,0.015
RAFAEL FERNANDO,0.015
SANTIAGO DAVID,0.015
CHEIKH,0.015
CRISTO JESUS,0.015
DAVID ALEXANDER,0.015
ADONIS,0.015
DELIO,0.015
ISHAQ,0.015
JORDI JOAN,0.015
JOSE CANDIDO,0.015
JUAN SIMON,0.015
KHALED,0.015
DANIEL LUIS,0.015
IDELFONSO,0.015
ISIDRO MANUEL,0.015
JESUS ESTEBAN,0.015
MIKEL GOTZON,0.015
RAMON JAVIER,0.015
SAMUEL JOSE,0.015
ALLAL,0.015
ANDREAS,0.015
GUSTAVO JAVIER,0.015
JESUS JULIAN,0.015
JOAQUIN JAVIER,0.015
JOSE FELICIANO,0.015
MARIANO JESUS,0.015
VICENTE ANGEL,0.015
ALESANDER,0.015
DAVID ENRIQUE,0.015
RAMON ALBERTO,0.015
ADRIAN ANTONIO,0.015
ARTHUR,0.015
EYDAN,0.015
DIEGO ANGEL,0.015
HECTOR JESUS,0.015
JAKES,0.015
JUSTO MANUEL,0.015
YULEN,0.015
FRANCISCO JORGE,0.015
MANUEL ALFREDO,0.015
FRANCISCO NICOLAS,0.015
JOAQUIN ALBERTO,0.015
LORENZO JAVIER,0.015
LUIS ADOLFO,0.015
LUIS HUMBERTO,0.015
JOHN ALEXANDER,0.015
QUIQUE,0.015
AMOS,0.015
FERNANDO GABRIEL,0.015
FRANCISCO LORENZO,0.015
JOSE LUCAS,0.015
JOSE SAMUEL,0.015
LORENZO MANUEL,0.015
BRAIAN,0.015
FRANKLIN,0.015
HERACLIO,0.015
LUIS EUGENIO,0.015
SALAH EDDINE,0.015
ABDALLAH,0.015
ABDULLAH,0.015
ANIANO,0.015
JUAN GONZALO,0.015
NORMAN,0.015
ALFREDO JESUS,0.014
DIEGO ENRIQUE,0.014
HAFID,0.014
HELIO,0.014
IGNACIO MIGUEL,0.014
LIBORIO,0.014
MANUEL JORGE,0.014
MOSTAPHA,0.014
EMILIO LUIS,0.014
MAURICI,0.014
NACOR,0.014
JAIR,0.014
JUAN ELOY,0.014
JULIAN DAVID,0.014
MARIO ALEJANDRO,0.014
ELPIDIO,0.014
JAVIER ALFONSO,0.014
PABLO FERNANDO,0.014
REYNALDO,0.014
HECTOR LUIS,0.014
JAIME JAVIER,0.014
JEFFERSON,0.014
JESUS MARIO,0.014
LEONARDO JOSE,0.014
SULAIMAN,0.014
ZAYD,0.014
ANDRIY,0.014
ANTTON,0.014
CARLOS ERNESTO,0.014
DAVID ANDRES,0.014
EMILIO ANGEL,0.014
GUSTAVO JOSE,0.014
JONATHAN JESUS,0.014
JUAN ALVARO,0.014
JUAN ERNESTO,0.014
ANTONIO MARCOS,0.014
CAMILO JOSE,0.014
JORITZ,0.014
JOSE ORLANDO,0.014
NOUR EDDINE,0.014
ADRIAN ALEJANDRO,0.014
FERNANDO VICENTE,0.014
FRANCISCO ADRIAN,0.014
HAITAM,0.014
JAYDEN,0.014
JUAN ADOLFO,0.014
SASHA,0.014
CESAR ENRIQUE,0.014
CONRAD,0.014
EDUARDO ANDRES,0.014
ESTEBAN MANUEL,0.014
FRANCISCO PASCUAL,0.014
GONZALO ANTONIO,0.014
HUG,0.014
JAWAD,0.014
OSCAR FERNANDO,0.014
VICTOR RAUL,0.014
ALVARO MARIA,0.014
BITTOR,0.014
HAROLD,0.014
ISAI,0.014
JESUS ALFREDO,0.014
SALVADOR FRANCISCO,0.014
XOSE MANUEL,0.014
ACHER,0.014
ANTONIO ABAD,0.014
CESAR JESUS,0.014
FRANCISCO GINES,0.014
JOAO,0.014
JUAN ARTURO,0.014
ROMULO,0.014
EDEN,0.014
JOAQUIN CARLOS,0.014
JORGE MARIO,0.014
JUAN ADRIAN,0.014
MARCOS DANIEL,0.014
XAN,0.014
FELISINDO,0.014
MAVERICK,0.014
JESUS IVAN,0.014
MILOUD,0.014
PAVEL,0.014
RAI,0.014
ANGEL JOAQUIN,0.014
ANTONIO PADUA,0.014
ESCOLASTICO,0.014
FRANCESCO,0.014
PEDRO JULIO,0.014
VIKTOR,0.014
ADAI,0.014
AKETZA,0.014
EDILBERTO,0.014
MANUEL IVAN,0.014
SACHA,0.014
ALEJANDRO RAFAEL,0.014
FRANCISCO FELIX,0.014
JAIME ENRIQUE,0.014
VICTOR ENRIQUE,0.014
ALEXANDRU,0.014
ANGEL MARIO,0.014
CRISPULO,0.014
FRANCISCO GUILLERMO,0.014
HUGO MANUEL,0.014
JORGE ELIECER,0.014
JOSE YERAY,0.014
JULIAN ALBERTO,0.014
ROBERTO MIGUEL,0.014
STEFANO,0.014
VICENTE JOAQUIN,0.014
AGUSTIN FRANCISCO,0.014
FELIPE JAVIER,0.014
GUILLERMO LUIS,0.014
GUSTAVO ALBERTO,0.014
HUGO ALBERTO,0.014
JAVIER DAVID,0.014
JESUS FELIPE,0.014
JOAN PAU,0.014
JORGE RAUL,0.014
JOSE CLAUDIO,0.014
JOSE DARIO,0.014
JULIO RAMON,0.014
LUIS JULIAN,0.014
MANUEL JULIAN,0.014
ABDESELAM,0.014
ANTONIO LORENZO,0.014
GERARDO ANTONIO,0.014
JHON ALEXANDER,0.014
JOSU MIRENA,0.014
KARLOS,0.014
SEBASTIAN ALEJANDRO,0.014
SERGIO ENRIQUE,0.014
TOMAS ANGEL,0.014
GREGORIO JESUS,0.014
IGNACIO LOYOLA,0.014
JOSE GUSTAVO,0.014
JUAN BLAS,0.014
LUIS ALONSO,0.014
MARTIN JESUS,0.014
RIYAD,0.014
ANTONIO CESAR,0.013
ANTONIO DAMIAN,0.013
CRISTIAN DANIEL,0.013
EMILIO MIGUEL,0.013
EVENCIO,0.013
FRANCISCO FELIPE,0.013
FRANCISCO RICARDO,0.013
HECTOR DANIEL,0.013
JUANJO,0.013
JULIAN JESUS,0.013
MBAREK,0.013
RAMI,0.013
RIAD,0.013
AISSA,0.013
GABRIEL MARIA,0.013
LUIS SALVADOR,0.013
PEDRO DAMIAN,0.013
ADAMA,0.013
ANDRES MAURICIO,0.013
EDISON,0.013
GEORGE,0.013
HASSANE,0.013
JERAY,0.013
KRISTIAN,0.013
SABAS,0.013
CRISTOBAL MANUEL,0.013
EL BACHIR,0.013
IVAN ALEJANDRO,0.013
IVAN DAVID,0.013
JOSE HILARIO,0.013
JOSE ROGELIO,0.013
JOSEBA MIKEL,0.013
MASSIMO,0.013
SANTIAGO FRANCISCO,0.013
BENITO MANUEL,0.013
FRANCISCO EUGENIO,0.013
HONORINO,0.013
MARC ANTONI,0.013
MAYKEL,0.013
ABDELMALIK,0.013
ALBERTO DAVID,0.013
ELEDER,0.013
JOSE EMILIANO,0.013
WAIL,0.013
AGUSTIN JESUS,0.013
EDUARDO DAVID,0.013
ESTEBAN JESUS,0.013
JOSE GASPAR,0.013
LUIS GERMAN,0.013
WALDO,0.013
ALBERTO JUAN,0.013
ALEJANDRO ENRIQUE,0.013
ANGEL EMILIO,0.013
DALMACIO,0.013
GRACILIANO,0.013
HOUSSAM,0.013
JAIME JUAN,0.013
JOAN PERE,0.013
SALVA,0.013
EDUARDO ALBERTO,0.013
JHONNY,0.013
JOSE MAURICIO,0.013
JOSEP ANTON,0.013
PANTALEON,0.013
PASTOR,0.013
PEDRO MARTIN,0.013
SANTIAGO RAMON,0.013
SIMO,0.013
BESAY,0.013
CARLOS RUBEN,0.013
FELIX FRANCISCO,0.013
GUILLERMO ALEJANDRO,0.013
LUIS GREGORIO,0.013
VICTOR MARIA,0.013
EDDY,0.013
GREGORIO MANUEL,0.013
JESUS GREGORIO,0.013
KENZO,0.013
PEDRO JORGE,0.013
PETER,0.013
RAMON CARLOS,0.013
SAMUEL DAVID,0.013
LAUTARO,0.013
LUIS GUSTAVO,0.013
SABIN,0.013
SAMUEL ALEJANDRO,0.013
DONOVAN,0.013
ENRIQUE RAMON,0.013
JOSEBA KOLDO,0.013
ABDELOUAHID,0.013
ANTERO,0.013
ENRIQUE ANGEL,0.013
ENRIQUE FERNANDO,0.013
HECTOR ANTONIO,0.013
JOSE FEDERICO,0.013
LEONIDAS,0.013
MANUEL BENITO,0.013
MICAEL,0.013
MOAD,0.013
NICOLAS MANUEL,0.013
OSCAR ENRIQUE,0.013
PABLO SEBASTIAN,0.013
ALEJANDRO GABRIEL,0.013
AURELIO JOSE,0.013
CESAR ALEJANDRO,0.013
ACAYMO,0.013
CARLOS MARTIN,0.013
CLIMENT,0.013
GABRIEL FRANCISCO,0.013
JOSE BENIGNO,0.013
MAREN,0.013
OUMAR,0.013
YADIEL,0.013
AMERICO,0.013
ANDREY,0.013
IZHAN,0.013
JUAN JAIME,0.013
JULIO ALEJANDRO,0.013
NOLAN,0.013
GIANLUCA,0.013
GRAU,0.013
JOSE JACINTO,0.013
MANUEL GUILLERMO,0.013
MONSERRATE,0.013
PABLO RAFAEL,0.013
VICTOR ALBERTO,0.013
JOSE FLORENCIO,0.013
OSCAR ALEJANDRO,0.013
RICARDO MIGUEL,0.013
YOSU,0.013
ALEJANDRO JUAN,0.013
ALFREDO ANTONIO,0.013
ANTONIO PASCUAL,0.013
DIDIER,0.013
FELIU,0.013
JUAN MATA,0.013
VICTOR JUAN,0.013
ABDERRAZAK,0.012
AITOR JOSE,0.012
ALFREDO JAVIER,0.012
CRISTIAN ALEJANDRO,0.012
DANIEL FELIPE,0.012
ENRIQUE ALBERTO,0.012
JOSE CLEMENTE,0.012
JOSE MARCELINO,0.012
EL MEHDI,0.012
ION ANDER,0.012
IRENEO,0.012
LORENZO JESUS,0.012
MAXIMILIAN,0.012
RECAREDO,0.012
TAOUFIK,0.012
TASIO,0.012
ANDRES CARLOS,0.012
BJORN,0.012
JESUS ADRIAN,0.012
JOAN ENRIC,0.012
JON IMANOL,0.012
JOSE ABRAHAM,0.012
LUIS CARMELO,0.012
XACOBE,0.012
CESAR MIGUEL,0.012
KIKE,0.012
LUIS BERNARDO,0.012
MARTINIANO,0.012
OSSAMA,0.012
PABLO VICENTE,0.012
ACISCLO,0.012
ANGEL ROBERTO,0.012
CARLOS JULIAN,0.012
HORTENSIO,0.012
JOHNNY,0.012
JOSE REYES,0.012
JOSEBA MIRENA,0.012
LUIS RAUL,0.012
ANGEL ALEJANDRO,0.012
ANGEL ALFONSO,0.012
JAVIER RAMON,0.012
JOSEBA KOLDOBIKA,0.012
NICOLAS ALEJANDRO,0.012
ROBINSON,0.012
TARSICIO,0.012
ALBERTO RAMON,0.012
ALEJANDRO NICOLAS,0.012
CLAUDINO,0.012
DARIO JOSE,0.012
JORGE GABRIEL,0.012
LAURO,0.012
MARTIN ALEJANDRO,0.012
PEDRO EDUARDO,0.012
CAMILO ANDRES,0.012
CARLOS CESAR,0.012
JAIME MARIA,0.012
JESUS RICARDO,0.012
JORGE MARIA,0.012
KEVIN DANIEL,0.012
MOHAMAD,0.012
SANTIAGO ALEJANDRO,0.012
VICTOR FERNANDO,0.012
ALVARO DANIEL,0.012
ANGEL FELIX,0.012
CARLOS JORGE,0.012
ISMAEL JESUS,0.012
JOSEBA IMANOL,0.012
MARIO ANDRES,0.012
RAFAEL PEDRO,0.012
VICENTE DAVID,0.012
ALEXEY,0.012
ANTONIO ESTEBAN,0.012
CASILDO,0.012
HECTOR DAVID,0.012
JESUS ROBERTO,0.012
JOSE ANIBAL,0.012
PABLO MARTIN,0.012
RAFAEL RAMON,0.012
AGUSTIN ANTONIO,0.012
DAVID EDUARDO,0.012
EYDEN,0.012
FABRICIO,0.012
FRANCISCO ROBERTO,0.012
KEVIN DAVID,0.012
RAUL ALEJANDRO,0.012
JACINTO JOSE,0.012
JULIO VICENTE,0.012
MANUEL FELIX,0.012
VICENTE ANDRES,0.012
BORJA JOSE,0.012
GUSTAVO ANTONIO,0.012
JULIAN CARLOS,0.012
MACIA,0.012
NAJIM,0.012
NICOLAS ANTONIO,0.012
ALFONSO FRANCISCO,0.012
ANTONIO DIEGO,0.012
DANIEL VICENTE,0.012
GIANCARLO,0.012
LUIS FELIX,0.012
AUSIAS,0.012
CESAR CARLOS,0.012
CLAUDIO JOSE,0.012
PONCIANO,0.012
SEBASTIAN ANDRES,0.012
VICTOR EDUARDO,0.012
ANDRES RAMON,0.012
CARLOS ESTEBAN,0.012
DAVID JUAN,0.012
EREN,0.012
JESUS LORENZO,0.012
JOAQUIN IGNACIO,0.012
JOSE HUMBERTO,0.012
PABLO RAMON,0.012
SALVADOR VICENTE,0.012
ZEBENSUI,0.012
ELICIO,0.012
ERNESTO JAVIER,0.012
FRANCISCO GERMAN,0.012
IVAN FRANCISCO,0.012
JORGE ARMANDO,0.012
JOSE PATRICIO,0.012
JOSE VENTURA,0.012
NICOLA,0.012
ABDELMALEK,0.012
ARTURO MANUEL,0.012
DYLAN ALEXANDER,0.012
HAYTAM,0.012
JULIO IGNACIO,0.012
LUAR,0.012
LUIS IVAN,0.012
MANASES,0.012
MARTIN ANTONIO,0.012
MOHAMED RIDA,0.012
MOHAMMED AMINE,0.012
PEDRO FELIPE,0.012
SAMBA,0.012
ALFONSO ANGEL,0.012
CRHISTIAN,0.012
DAVID SANTIAGO,0.012
EITHAN,0.012
FRANCISCO JAIME,0.012
GAROE,0.012
GODOFREDO,0.012
JOSE ISAAC,0.012
LUIS ALVARO,0.012
MARUAN,0.012
FELIPE SANTIAGO,0.012
FRANC,0.012
JORGE PABLO,0.012
JUVENTINO,0.012
KILLIAN,0.012
MOHAMED YASSIN,0.012
PAULO CESAR,0.012
PERE ANTONI,0.012
SEBASTIAN MANUEL,0.012
SOULAIMAN,0.012
ALFREDO LUIS,0.012
ARIS,0.012
FRANCISCO DIEGO,0.012
LUCAS JOSE,0.012
MIGUEL RAFAEL,0.012
PEDRO PASCUAL,0.012
ZOUHAIR,0.012
FRANCISCO JULIO,0.011
FREDY,0.011
ISAAC MANUEL,0.011
JOSE RAIMUNDO,0.011
LUCAS MANUEL,0.011
NECO,0.011
OLEG,0.011
TOMAS JAVIER,0.011
ANGEL FELIPE,0.011
FLORENTIN,0.011
JAVIER ALEXANDER,0.011
LUIS ALEXANDER,0.011
MANUEL GABRIEL,0.011
MARIANO ANTONIO,0.011
PEDRO IVAN,0.011
VICENTE PASCUAL,0.011
JOSE FABIAN,0.011
JOVINO,0.011
JUSTO JOSE,0.011
LUIS JAIME,0.011
PABLO EMILIO,0.011
ALEJANDRO ALBERTO,0.011
DIEGO ALFONSO,0.011
JESUS RAUL,0.011
JONATHAN JOSE,0.011
KEVIN ALEJANDRO,0.011
ANDRES ANGEL,0.011
ARITZA,0.011
DIEGO SEBASTIAN,0.011
JOSE MARCIAL,0.011
LISANDRO,0.011
MUNIR,0.011
RAUL FRANCISCO,0.011
SERGIO ALBERTO,0.011
YARED,0.011
ALVARO DAVID,0.011
ANTONIO RUBEN,0.011
DUARTE,0.011
GUILLERMO FRANCISCO,0.011
JONATHAN ALEXANDER,0.011
JOSE CRISTIAN,0.011
JOSE MODESTO,0.011
JUAN RUBEN,0.011
LLIBERT,0.011
MANUEL MARTIN,0.011
NEYMAR,0.011
PEDRO EUGENIO,0.011
ALBERTO ENRIQUE,0.011
ANTONIO IVAN,0.011
DELFINO,0.011
DIEGO MARIA,0.011
EDUARDO JUAN,0.011
EDUARDO RAMON,0.011
FEDERICO MANUEL,0.011
ITZAN,0.011
JOSE DOLORES,0.011
JURGI,0.011
JUSTIN,0.011
MATEO JOSE,0.011
RICARDO DANIEL,0.011
TOMAS MIGUEL,0.011
ALEJANDRO CARLOS,0.011
ANTONIO CARMELO,0.011
ANTONIO EUGENIO,0.011
ANTONIO GUILLERMO,0.011
ARYAN,0.011
CESAR EDUARDO,0.011
DARWIN,0.011
JESUALDO,0.011
JOSE LEON,0.011
JUAN DAMIAN,0.011
JUAN ROMAN,0.011
LLUIS MARIA,0.011
MANUEL CARMELO,0.011
PERE JOSEP,0.011
BENJAMI,0.011
JACK,0.011
JIMMY,0.011
JUAN ALEXIS,0.011
MARTXEL,0.011
MIGUEL SANTIAGO,0.011
MIGUEL SANTOS,0.011
PEDRO FELIX,0.011
RAMON ENRIQUE,0.011
VICTOR RAFAEL,0.011
ANGEL JULIAN,0.011
GONZALO MARIA,0.011
JULIO CARLOS,0.011
MARCOS LUIS,0.011
MARIO ENRIQUE,0.011
ARTURO JAVIER,0.011
CLEMENTINO,0.011
CORNELIO,0.011
IOSEBA,0.011
JOSE JERONIMO,0.011
JUAN GINES,0.011
LUIS RODRIGO,0.011
NIKOLA,0.011
RICARDO ENRIQUE,0.011
AGUSTIN JAVIER,0.011
ANDREA,0.011
ANGEL MARIANO,0.011
EL HASSANE,0.011
ELIAS JOSE,0.011
ENRIQUE MARIA,0.011
GILBERT,0.011
JADEN,0.011
JESUS AGUSTIN,0.011
VICENTE TOMAS,0.011
ABDELOUAHED,0.011
ANTONIO SEBASTIAN,0.011
CARLOS DOMINGO,0.011
EMILIO JUAN,0.011
ENAI,0.011
ENRIQUE DAVID,0.011
ISSA,0.011
JOHAN SEBASTIAN,0.011
JOSE EULOGIO,0.011
JOSEP ENRIC,0.011
RUBEN FRANCISCO,0.011
RUBENS,0.011
GABRIEL EDUARDO,0.011
IONE,0.011
JOSE OMAR,0.011
DAVID RAFAEL,0.011
ESTEFANO,0.011
JOB,0.011
MARCELLI,0.011
MATHEO,0.011
MOHAMMED AMIN,0.011
PASCASIO,0.011
ANDRES VICENTE,0.011
ANGEL RAUL,0.011
ANGEL RICARDO,0.011
ENRIQUE ALEJANDRO,0.011
FAHD,0.011
GERARDO MANUEL,0.011
JORGE ARTURO,0.011
JOSE AITOR,0.011
SERGIO JUAN,0.011
CRISTIAN ANTONIO,0.011
ERNESTO MANUEL,0.011
JOSEP JOAN,0.011
MANUEL ADOLFO,0.011
SERGIO IVAN,0.011
ALFONSO DAVID,0.011
DAVID DANIEL,0.011
DOMINGO GUZMAN,0.011
DOMINIC,0.011
JACINTO JAVIER,0.011
JOSE EUSEBIO,0.011
MANUEL ARTURO,0.011
MARCOS MIGUEL,0.011
JALAL,0.011
MANUEL NICOLAS,0.011
MARTIN JAVIER,0.011
MOKHTAR,0.011
NAJIB,0.011
NIKOLAY,0.011
IVAN CARLOS,0.011
MANUEL ROBERTO,0.011
PABLO TOMAS,0.011
RICARDO DAVID,0.011
YURIY,0.011
ALFONSO JUAN,0.010
BLAS JOSE,0.010
DIEGO RAMON,0.010
EBRIMA,0.010
GUSTAVO DANIEL,0.010
JOAQUIN ANDRES,0.010
JUAN JERONIMO,0.010
JULIO DAVID,0.010
LUIS BENITO,0.010
LUIS MARCELO,0.010
NICOLAS JESUS,0.010
PEDRO ESTEBAN,0.010
CARLOS EUGENIO,0.010
IELTXU,0.010
JUAN AURELIO,0.010
NASIM,0.010
TOM,0.010
ANDRES JUAN,0.010
AYUB,0.010
BINGEN,0.010
FEDERICO JAVIER,0.010
MANUEL SEBASTIAN,0.010
ZACARIA,0.010
GERMAN ANTONIO,0.010
IGNACIO RAMON,0.010
IVAN JAVIER,0.010
JOAN IGNASI,0.010
REDUAN,0.010
SAMUEL ANTONIO,0.010
CARLOS ARMANDO,0.010
DAVID CARLOS,0.010
ERASMO,0.010
JAIME RAMON,0.010
JOAQUIN ENRIQUE,0.010
LUAN,0.010
MARIO DAVID,0.010
PARIS,0.010
YAHIA,0.010
AITOR MANUEL,0.010
JOSE EVARISTO,0.010
JOSE LUCIANO,0.010
MATHEUS,0.010
MIGUEL SALVADOR,0.010
ALDAN,0.010
CESAR FRANCISCO,0.010
CHRISTIAN JESUS,0.010
JUAN ISMAEL,0.010
MARIO FERNANDO,0.010
PEDRO SALVADOR,0.010
PRAXEDES,0.010
ALVARO ENRIQUE,0.010
CARLOS PEDRO,0.010
CRISTOFOL,0.010
DAVID LUIS,0.010
FERNANDO ALFONSO,0.010
FERNANDO MARTIN,0.010
FRANCISCO CARMELO,0.010
GUSTAVO ENRIQUE,0.010
ISIDRO JAVIER,0.010
ADOLFO JESUS,0.010
ALICIO,0.010
ALVARO JUAN,0.010
AMJAD,0.010
DANIEL ESTEBAN,0.010
IVAN DARIO,0.010
IVAN LUIS,0.010
JOSE CAMILO,0.010
LUC,0.010
SIGFRIDO,0.010
ADRIAN FRANCISCO,0.010
ALBERTO ANGEL,0.010
ANDRES ENRIQUE,0.010
BENICIO,0.010
BERNARDO JESUS,0.010
BOUBACAR,0.010
EMILIO RAMON,0.010
ETIENNE,0.010
EUGENIO JESUS,0.010
FILOMENO,0.010
GERMAN JOSE,0.010
GUILLERMO JUAN,0.010
ISMAEL JOSE,0.010
JOSE LINO,0.010
MANUEL DANIEL,0.010
MOHAMED SALEM,0.010
BORJA MANUEL,0.010
BYRON,0.010
CARLOS AGUSTIN,0.010
CESAR ANDRES,0.010
ELOY JOSE,0.010
HARKAITZ,0.010
JORGE ALFREDO,0.010
JORGE EMILIO,0.010
JOSEP XAVIER,0.010
MARIO CESAR,0.010
OSCAR IVAN,0.010
SOULEYMANE,0.010
YUSSEF,0.010
ADELARDO,0.010
ANTONIO ROBERTO,0.010
JOSUE DAVID,0.010
JULIAN MARIA,0.010
LEONARD,0.010
MARTIN MANUEL,0.010
MIGUEL PEDRO,0.010
PEDRO NICOLAS,0.010
SABER,0.010
YANN,0.010
ALBERTO ALEJANDRO,0.010
EDUARDO RAFAEL,0.010
JUAN JULIO,0.010
SERGIO RAMON,0.010
ABDOU,0.010
ABEL JESUS,0.010
ADOLFO MANUEL,0.010
CHRISTIAN MANUEL,0.010
DANIEL JUAN,0.010
DANIEL MIGUEL,0.010
EDUARDO DANIEL,0.010
HENRIQUE,0.010
JAIME FERNANDO,0.010
JUAN GERARDO,0.010
LUIS AURELIO,0.010
NICOLAS FRANCISCO,0.010
RAFAEL PABLO,0.010
RAFAEL SANTIAGO,0.010
ALBERTO DANIEL,0.010
CARLOS MAURICIO,0.010
CRISTIAN ALEXANDER,0.010
FELIX LUIS,0.010
JOAN SEBASTIAN,0.010
JORGE FELIX,0.010
MANUEL GONZALO,0.010
ORION,0.010
RUBEN ALEJANDRO,0.010
AGUSTIN ANGEL,0.010
ANTONIO ISMAEL,0.010
DIEGO RAFAEL,0.010
JOSUA,0.010
OSCAR RAUL,0.010
RAFAEL JOAQUIN,0.010
RAMON FERNANDO,0.010
XESUS,0.010
HECTOR MIGUEL,0.010
MIGUEL JOAQUIN,0.010
PABLO ALFONSO,0.010
PABLO GABRIEL,0.010
PASCUAL JOSE,0.010
YAMAL,0.010
ANTONIO JULIO,0.010
DIEGO IGNACIO,0.010
EMILIO VICENTE,0.010
FELIPE CARLOS,0.010
JAVIER JUAN,0.010
JOSE PAULINO,0.010
LAMINE,0.010
LUIS AGUSTIN,0.010
LUIS ANIBAL,0.010
MARIO FRANCISCO,0.010
MILTON,0.010
RAMON IGNACIO,0.010
SANTIAGO MARIA,0.010
SOUHAIL,0.010
TIAN,0.010
ALBERTO MARIA,0.010
AYMAR,0.010
BOUCHAIB,0.010
DRIS,0.010
EUSEBI,0.010
FARES,0.010
FRANCISCO ISMAEL,0.010
JESUS OSCAR,0.010
JOSE FAUSTINO,0.010
JULIAN MIGUEL,0.010
OTHMANE,0.010
SEBASTIAN ANTONIO,0.010
WILMER,0.010
ABDELJALIL,0.010
ANGEL ESTEBAN,0.010
ANTONIO FERMIN,0.010
ANTONIO JAIME,0.010
CARLOS ALEXANDER,0.010
CIBRAN,0.010
DIEGO ALONSO,0.010
EDUARDO VICENTE,0.010
FRANCISCO GREGORIO,0.010
HUGO ANTONIO,0.010
JOSE SERGIO,0.010
LEONARDO DAVID,0.010
MHAMMED,0.010
PASQUAL,0.010
ROBERTO FRANCISCO,0.010
AARON JOSE,0.010
CATALINO,0.010
EUKEN,0.010
GABRIEL ENRIQUE,0.010
JOSE JUSTO,0.010
JOSE OCTAVIO,0.010
MANUEL GREGORIO,0.010
MANUEL VICTOR,0.010
ROBERTO ALEJANDRO,0.010
SANTIAGO JUAN,0.010
ZAKARIAE,0.010
ALEJANDRO RAMON,0.009
BLAS ANTONIO,0.009
DAIRON,0.009
EL MUSTAPHA,0.009
JOAQUIN RAFAEL,0.009
JORGE JOAQUIN,0.009
JOSE JONATHAN,0.009
KAREL,0.009
LUKE,0.009
LUR,0.009
NATHANIEL,0.009
RICARDO JUAN,0.009
ROSALINO,0.009
DANIEL CARLOS,0.009
EMIGDIO,0.009
ERNESTO JESUS,0.009
FELIX RAMON,0.009
JAEL,0.009
JEREMI,0.009
JOAN ANDREU,0.009
JOSE SIMON,0.009
JUAN OSCAR,0.009
JUSTO ANTONIO,0.009
LIZER,0.009
MARCOS ANDRES,0.009
OSCAR RAMON,0.009
TOMAS ENRIQUE,0.009
AYLAN,0.009
EMERITO,0.009
FERNANDO JOAQUIN,0.009
JESUS GUILLERMO,0.009
JOAN VICENT,0.009
LUIS DIEGO,0.009
PEDRO JAIME,0.009
ROBERTO DANIEL,0.009
RODRIGO JAVIER,0.009
VICTORIANO MANUEL,0.009
YERAY JESUS,0.009
ANGEL IVAN,0.009
ANGEL RUBEN,0.009
CHRISTIAN ANDRES,0.009
CRISTIAN FERNANDO,0.009
EDGARD,0.009
GABRIEL ANDRES,0.009
GUILLERMO ENRIQUE,0.009
JUAN MARCELO,0.009
MARIN,0.009
MATIES,0.009
MIMON,0.009
SIGIFREDO,0.009
ALEJANDRO ANDRES,0.009
BOUJEMAA,0.009
EMIL,0.009
FRANCISCO SEBASTIAN,0.009
JAIME EDUARDO,0.009
JONATHAN JAVIER,0.009
JORGE PEDRO,0.009
LUIS SEBASTIAN,0.009
MARIO MIGUEL,0.009
M'HAMED,0.009
PEDRO CESAR,0.009
VICENTE ALBERTO,0.009
AMETZ,0.009
CARLOS NICOLAS,0.009
ELIAS MANUEL,0.009
BENAISSA,0.009
CHRISTIAN JAVIER,0.009
ELOY MANUEL,0.009
HECTOR ALEJANDRO,0.009
ISAURO,0.009
MARCOS ALBERTO,0.009
MARIANO JAVIER,0.009
NYAN,0.009
PABLO JOAQUIN,0.009
ROBERTO ENRIQUE,0.009
ROLAND,0.009
ROSSEND,0.009
BABACAR,0.009
JACINTO MANUEL,0.009
JANO,0.009
JOHN FREDY,0.009
JORGE RICARDO,0.009
JOSE DIONISIO,0.009
KEVIN MANUEL,0.009
OSCAR RUBEN,0.009
VICTOR JOAQUIN,0.009
VICTOR VICENTE,0.009
BAKARY,0.009
CARLOS ALEXIS,0.009
CLAUDIO ANTONIO,0.009
FLOREAL,0.009
FLORINDO,0.009
JOAQUIN FERNANDO,0.009
JUAN CESAR,0.009
LAHBIB,0.009
MODOU,0.009
CARMELO JAVIER,0.009
DARIO JAVIER,0.009
DIEGO HERNAN,0.009
DOMINGO LUIS,0.009
EL MAHDI,0.009
ILIAN,0.009
PEDRO VICTOR,0.009
RUDESINDO,0.009
SALVADOR MIGUEL,0.009
SINESIO,0.009
TAYLOR,0.009
YEIKO,0.009
BRYAN STEVEN,0.009
CRISTOBAL JAVIER,0.009
DAVID VICENTE,0.009
EDUARDO MARIA,0.009
ENRIQUE RAFAEL,0.009
FRANCESC D'ASSIS,0.009
GABRIEL MANUEL,0.009
IZAM,0.009
MARIA,0.009
NOAM,0.009
NORBERT,0.009
ODON,0.009
ROBERTO ANGEL,0.009
TOMAS ALBERTO,0.009
YAREY,0.009
ANGEL GUILLERMO,0.009
ASIS,0.009
CARLOS SALVADOR,0.009
DANIEL IGNACIO,0.009
DANIEL MARIA,0.009
DIOGENES,0.009
EDUARDO ANGEL,0.009
FLORENCI,0.009
FRANCISCO MARIANO,0.009
GUSTAVO ANDRES,0.009
JUAN RODRIGO,0.009
LUIS LORENZO,0.009
MARCOS FRANCISCO,0.009
MIKAEL,0.009
RAFAEL JORGE,0.009
RAMON JUAN,0.009
ANGEL MARTIN,0.009
BLAS JESUS,0.009
CARLOS ADOLFO,0.009
CARLOS SEBASTIAN,0.009
DANIEL RAMON,0.009
DEMIAN,0.009
FERNANDO TOMAS,0.009
GUSTAVO ALEJANDRO,0.009
JOSE MARCELO,0.009
JUSTO JAVIER,0.009
LEANDRO JOSE,0.009
MANUEL ADRIAN,0.009
RAFAEL ALFONSO,0.009
ROBERTO JUAN,0.009
RODRIGO MANUEL,0.009
RUBEN ANGEL,0.009
VOLODYMYR,0.009
AGUSTIN MIGUEL,0.009
ANGEL AGUSTIN,0.009
ANIS,0.009
CARLOS FEDERICO,0.009
DANIEL SANTIAGO,0.009
EDUARDO CARLOS,0.009
GUILLERMO MIGUEL,0.009
GUSTAVO MANUEL,0.009
JESUS ALVARO,0.009
JESUS NICOLAS,0.009
KIRAN,0.009
PEDRO GINES,0.009
AMILCAR,0.009
ARIDANI,0.009
CANDELARIO,0.009
DANIEL ALFONSO,0.009
JAIME VICENTE,0.009
JONHATAN,0.009
JORGE SANTIAGO,0.009
MAIOL,0.009
MANUEL JAIME,0.009
PABLO SANTIAGO,0.009
RADOUANE,0.009
TXABER,0.009
ANTOLIANO,0.009
ARI,0.009
BENITO JESUS,0.009
DARYL,0.009
HOSSAIN,0.009
JORGE ADRIAN,0.009
JORGE ROBERTO,0.009
MOHAMED LARBI,0.009
NIKITA,0.009
PRIMO,0.009
RAUL JAVIER,0.009
AGRIPINO,0.009
EL HOUSSINE,0.009
ERITZ,0.009
IVAN ANDRES,0.009
JEAN CARLO,0.009
MAHDI,0.009
VICTOR JULIAN,0.009
ANTONIO MARIANO,0.009
DAVID RAMON,0.009
DYLAN JOSE,0.009
EDUARDO ALEJANDRO,0.009
FIDEL ANGEL,0.009
IDRISS,0.009
LORENZO ANTONIO,0.009
MARCUS,0.009
NESTOR JOSE,0.009
RAUL DAVID,0.009
SANTIAGO RAFAEL,0.009
TARIQ,0.009
WIFREDO,0.009
ACACIO,0.009
ADRIAN DAVID,0.009
ANDRES IGNACIO,0.009
FABIAN ANDRES,0.009
FRANCISCO ISRAEL,0.009
IGNACIO JUAN,0.009
JESUS EUGENIO,0.009
JORGE HUMBERTO,0.009
JOSE LAUREANO,0.009
JOSE MOISES,0.009
LICINIO,0.009
MANUEL RAUL,0.009
MARCELO ALEJANDRO,0.009
MATIAS JOSE,0.009
OMAR JESUS,0.009
SEGUNDO MANUEL,0.009
ANTONIO ADRIAN,0.009
BLAS MANUEL,0.009
BRYAN ANDRES,0.009
EL MILOUD,0.009
FRANCISCO XABIER,0.009
GUIEM,0.009
IMRANE,0.009
JAIME ALEJANDRO,0.009
JORDI JOSEP,0.009
JOSE BAUTISTA,0.009
JOSE TEODORO,0.009
JULIO JUAN,0.009
LEOPOLDO JOSE,0.009
MARTIN FRANCISCO,0.009
NAOUFAL,0.009
OSCAR VICENTE,0.009
PATRICIO JOSE,0.009
SANTIAGO ENRIQUE,0.009
TOMAS LUIS,0.009
YUSUF,0.009
ALBERTO ANDRES,0.008
CARLOS MARIANO,0.008
FAROUK,0.008
FERNANDO JORGE,0.008
ISOLINO,0.008
JEROME,0.008
LAIN,0.008
MANUEL CRISTOBAL,0.008
MANUEL DAMIAN,0.008
MIGUEL ESTEBAN,0.008
OSCAR JUAN,0.008
RANDY,0.008
RODRIGO ANTONIO,0.008
VICENTE FERNANDO,0.008
ARAI,0.008
GUILLERMO ANDRES,0.008
HUGO ALEJANDRO,0.008
JOSE ABELARDO,0.008
LUIS ORLANDO,0.008
RAFIK,0.008
RUSLAN,0.008
ALBERTO TOMAS,0.008
ALVARO RAFAEL,0.008
ATAULFO,0.008
DERECK,0.008
EUDALDO,0.008
FELIX CARLOS,0.008
FRANCISCO ALEXIS,0.008
JESUS JORGE,0.008
JORGE ALFONSO,0.008
MAJID,0.008
MATIAS EZEQUIEL,0.008
MOHAMED RAYAN,0.008
RUBEN CARLOS,0.008
ALBERTO RAFAEL,0.008
ALFONSO RAMON,0.008
ALVARO ANDRES,0.008
FERNANDO PEDRO,0.008
FRANCISCO ADOLFO,0.008
IZAR,0.008
JOAN DAVID,0.008
JORGE GUILLERMO,0.008
LUCAS DANIEL,0.008
MANUEL ISIDRO,0.008
MIGUEL PABLO,0.008
PABLO EDUARDO,0.008
RAUL FERNANDO,0.008
ADELAIDO,0.008
AHARON,0.008
ANTONIO VICTOR,0.008
EUSEBIO JOSE,0.008
GABRIEL ALEXANDER,0.008
GREGORIO ANTONIO,0.008
IGNACIO CARLOS,0.008
JULIO ALFONSO,0.008
MAMERTO,0.008
RAFAEL EMILIO,0.008
VICENTE PEDRO,0.008
ARIA,0.008
CLEMENCIO,0.008
DANY,0.008
DAREN,0.008
DAVID ALFONSO,0.008
EDEY,0.008
HUGO JAVIER,0.008
LAMIN,0.008
LUIS AUGUSTO,0.008
PABLO AGUSTIN,0.008
ROBERTO ANDRES,0.008
SERGIO RAFAEL,0.008
ALEJANDRO VICENTE,0.008
ANGEL NICOLAS,0.008
ANTONIO GERMAN,0.008
CESAR MARIA,0.008
CHRISTIAN ALEXANDER,0.008
ENEAS,0.008
FIDENCIO,0.008
FRANCISCO ROMAN,0.008
ISKANDER,0.008
JORGE ALEXANDER,0.008
MANRIQUE,0.008
MARCOS ALEJANDRO,0.008
MIGUEL TOMAS,0.008
PEDRO RAUL,0.008
RICARDO ANGEL,0.008
ROSARIO,0.008
VICENTE ALEJANDRO,0.008
XANDRE,0.008
XOSE ANTON,0.008
ALFREDO MIGUEL,0.008
DAVID ISRAEL,0.008
ENRIQUE DANIEL,0.008
ENRIQUE EDUARDO,0.008
GIOVANNY,0.008
IGNACIO ANDRES,0.008
JORGE TOMAS,0.008
JOSE LEOPOLDO,0.008
LUIS MARCOS,0.008
MALIK,0.008
MARVIN,0.008
RAMIRO JOSE,0.008
RAUL MIGUEL,0.008
RODRIGO ALEJANDRO,0.008
SERGIO FERNANDO,0.008
SINAI,0.008
ALIOU,0.008
ANTONIO ISIDRO,0.008
CLODOALDO,0.008
DANIEL JAVIER,0.008
DIEGO NICOLAS,0.008
GIUSEPPE,0.008
ISIDRO ANTONIO,0.008
IVAN DANIEL,0.008
JORGE HERNAN,0.008
JUAN JOAQUIN,0.008
MANUEL JULIO,0.008
MATIAS ALEJANDRO,0.008
MIGUEL AGUSTIN,0.008
PASCUAL ANTONIO,0.008
SANTIAGO ALBERTO,0.008
TAYEB,0.008
ANTONIO BENITO,0.008
ARMICHE,0.008
ARTURO JESUS,0.008
CHARLES,0.008
ERIZ,0.008
JABIER,0.008
JHON FREDY,0.008
LEONARDO JAVIER,0.008
TAHAR,0.008
ABDESSELAM,0.008
ADNANE,0.008
ANTONI JOSEP,0.008
AUGUSTO JOSE,0.008
AYMEN,0.008
EXPEDITO,0.008
FELIPE ANDRES,0.008
FERNANDO PABLO,0.008
FRANCISCO BERNARDO,0.008
JAIME IGNACIO,0.008
JEAN,0.008
JONATHAN ANDRES,0.008
JULIO RAFAEL,0.008
KAMEL,0.008
KEVIN JAVIER,0.008
LOAY,0.008
MICHAEL ALEXANDER,0.008
PEDRO LORENZO,0.008
SANTIAGO ANGEL,0.008
SIGFREDO,0.008
SOCRATES,0.008
BENITO JAVIER,0.008
CRISTIANO,0.008
FEDERICO ANTONIO,0.008
HOSSAM,0.008
JUAN SANTOS,0.008
MAGDALENO,0.008
MANUEL OSCAR,0.008
MANUEL SANTOS,0.008
NICHOLAS,0.008
PABLO PEDRO,0.008
RAYHAN,0.008
RODRIGO ANDRES,0.008
RUBEN ALBERTO,0.008
XIKER,0.008
YOUCEF,0.008
AARON JESUS,0.008
ANDRES DANIEL,0.008
ANGEL GREGORIO,0.008
DOMINGO FRANCISCO,0.008
FELIPE LUIS,0.008
FERMI,0.008
JERONIMO JOSE,0.008
JESUS NAZARET,0.008
JON KEPA,0.008
JOSE HIGINIO,0.008
JUAN EUSEBIO,0.008
JUAN SERGIO,0.008
LUIS RUBEN,0.008
MIGUEL JORGE,0.008
MONIR,0.008
MUHAMADOU,0.008
RAMON ANDRES,0.008
BALDUINO,0.008
CESAR FERNANDO,0.008
DANIEL RICARDO,0.008
DAVID NICOLAS,0.008
DEMBA,0.008
DIEGO MAURICIO,0.008
FRANCISCO ALONSO,0.008
HECTOR ENRIQUE,0.008
JAIME CARLOS,0.008
JESUS VALENTIN,0.008
LUIS MATEO,0.008
MANUEL AUGUSTO,0.008
MARIO ANGEL,0.008
MIGUEL OSCAR,0.008
OVIDI,0.008
SALEM,0.008
SALVADOR DAVID,0.008
ALEC,0.008
ALEXANDER JOSE,0.008
ANTONIO VALENTIN,0.008
BORJA JESUS,0.008
CARLOS RODRIGO,0.008
CRISANTOS,0.008
DIEGO PABLO,0.008
EL MOKHTAR,0.008
FELIX ENRIQUE,0.008
FERMIN JOSE,0.008
GONZALO LUIS,0.008
HECTOR HUGO,0.008
JAIME DAVID,0.008
LUIS FERMIN,0.008
MATIAS NICOLAS,0.008
RICARDO ALEJANDRO,0.008
SALVADOR JUAN,0.008
SANTIAGO DANIEL,0.008
ABDEL LAH,0.008
ALEXIS JESUS,0.008
ALFONSO ENRIQUE,0.008
CARLOS JAIME,0.008
DIEGO JUAN,0.008
DIOSDADO,0.008
ETELVINO,0.008
FERNANDO IGNACIO,0.008
FRANCISCO SAMUEL,0.008
IGNACIO ANGEL,0.008
IVAN MIGUEL,0.008
JAVIER TOMAS,0.008
JEFFREY,0.008
JESUS PASCUAL,0.008
LOUAY,0.008
MARKUS,0.008
NAZAN,0.008
ROBERTO DAVID,0.008
SERGIO EDUARDO,0.008
VICTORIANO JOSE,0.008
ASIEL,0.008
CRISTIAN ALBERTO,0.008
DAVID MARIA,0.008
ESTEBAN JAVIER,0.008
EUGENIO JAVIER,0.008
HECTOR FRANCISCO,0.008
LUPICINIO,0.008
MANUEL ERNESTO,0.008
MANUEL GERARDO,0.008
MARCO JOSE,0.008
MOULOUD,0.008
OLAF,0.008
RICARDO VICENTE,0.008
YENEDEY,0.008
ABDERRAZZAK,0.008
ALEJANDRO TOMAS,0.008
ANGEL CRISTO,0.008
CARLOS FABIAN,0.008
CEDRIC,0.008
DOMINGO JUAN,0.008
EMILIO CARLOS,0.008
ESTEBAN FRANCISCO,0.008
ILAN,0.008
ISAAC JOSE,0.008
ISAM,0.008
ISMAEL ANTONIO,0.008
JHON,0.008
LIZAR,0.008
SMAIL,0.008
UR,0.008
ZOSIMO,0.008
ABSELAM,0.008
ALEIXANDRE,0.008
ALONSO JOSE,0.008
ANIR,0.008
DOMINGO RAMON,0.008
EUGENIO FRANCISCO,0.008
EUTIQUIANO,0.008
FERMIN JAVIER,0.008
IKER MANUEL,0.008
JESUS RUBEN,0.008
JOAQUIN ALEJANDRO,0.008
JOAQUIN PEDRO,0.008
JOEL ALEXANDER,0.008
JOSE FULGENCIO,0.008
JUAN PATRICIO,0.008
RAUL EDUARDO,0.008
TOMAS VICENTE,0.008
ALBERTO VICENTE,0.008
ALEJANDRO MARIA,0.008
ALEX DAVID,0.008
ANTONIO CRISTOBAL,0.008
ANTONIO MATIAS,0.008
ARMANDO JESUS,0.008
AUREO,0.008
ELYAS,0.008
FRANCESC PAULA,0.008
FRANCISCO CRISTOBAL,0.008
FRANCISCO MARCOS,0.008
ISIDRO JESUS,0.008
JUAN LEON,0.008
LYAM,0.008
XERACH,0.008
YAHEL,0.008
ALVARO FERNANDO,0.008
ARGELIO,0.008
BERNARDO ANTONIO,0.008
ERICK ALEXANDER,0.008
EUGENIO ANTONIO,0.008
FELIX JUAN,0.008
FERNANDO SANTIAGO,0.008
FRANCISCO ABEL,0.008
FRANCISCO MATEO,0.008
FRANCISCO SALES,0.008
HECTOR EDUARDO,0.008
HUGO DANIEL,0.008
JAVIER SANTIAGO,0.008
JESUS ADOLFO,0.008
JOSE AQUILINO,0.008
MANUEL ALVARO,0.008
MICHAEL STEVEN,0.008
NATXO,0.008
NICETO,0.008
NICOLAS ANDRES,0.008
OLAU,0.008
OSCAR IGNACIO,0.008
RAMON ALEJANDRO,0.008
RAUL ANDRES,0.008
ALBERTO JOAQUIN,0.007
ALESSIO,0.007
ANGEL ALFREDO,0.007
ANTONIO BLAS,0.007
ARCANGEL,0.007
CARLOS FELIX,0.007
GREGORIO JAVIER,0.007
IGNACIO ALBERTO,0.007
JAVIER AGUSTIN,0.007
JORGE NICOLAS,0.007
JUAN ARMANDO,0.007
KARMELO,0.007
KHADIM,0.007
PEDRO GUILLERMO,0.007
RUDY,0.007
ALEIXO,0.007
ALEJANDRO MARTIN,0.007
ANGEL JULIO,0.007
CANDIDO JOSE,0.007
DIEGO GABRIEL,0.007
DOMINGO MIGUEL,0.007
ELADIO JOSE,0.007
FADI,0.007
FRANCISCO MARIO,0.007
IGNACIO DAVID,0.007
JESUS ISRAEL,0.007
JUAN ABEL,0.007
LUCAS JAVIER,0.007
LUIS FEDERICO,0.007
MANUEL MESIAS,0.007
MOHAMED AMIR,0.007
PABLO ADRIAN,0.007
RAUL ENRIQUE,0.007
SOFIANE,0.007
USAMA,0.007
VICENTE DANIEL,0.007
VINCENT,0.007
CARMELO ANTONIO,0.007
CHRISTIAN ALEJANDRO,0.007
CRISTIAN MIGUEL,0.007
GERMAN LUIS,0.007
GINES JOSE,0.007
HABIB,0.007
HARRIET,0.007
JOAN ANTON,0.007
JORGE MARTIN,0.007
JOSE RUFINO,0.007
MANUEL RUBEN,0.007
MOISES DAVID,0.007
NICOLAS JAVIER,0.007
PIERRE,0.007
RONALDO,0.007
SERGIO CARLOS,0.007
ABUBAKER,0.007
ADOLFO ANTONIO,0.007
ANDRES RAFAEL,0.007
ASCENSIO,0.007
ASHER,0.007
CARLOS DAMIAN,0.007
DAVID IGNACIO,0.007
ERNESTO ANTONIO,0.007
JADEL,0.007
JOSE CELESTINO,0.007
JOSE HERMINIO,0.007
LUIS NICOLAS,0.007
MOR,0.007
OROITZ,0.007
PEDRO RICARDO,0.007
POMPEYO,0.007
RABAH,0.007
RAY,0.007
SEBASTIAN FRANCISCO,0.007
XAQUIN,0.007
ABDENBI,0.007
ADOLF,0.007
ADOLFO LUIS,0.007
ALEXIS JOSE,0.007
AURITZ,0.007
FERNANDO NICOLAS,0.007
FRANCISCO MATIAS,0.007
JAIME ALFONSO,0.007
JOSE LAZARO,0.007
JUAN REYES,0.007
LESMES,0.007
LUCAS ANTONIO,0.007
MANUEL AURELIO,0.007
SALVI,0.007
VITALIY,0.007
ABEL JOSE,0.007
ADOLFO JAVIER,0.007
ADRIAN JAVIER,0.007
AFRODISIO,0.007
AYAN,0.007
BRUNO JOSE,0.007
DIEGO DANIEL,0.007
FABRIZIO,0.007
FRANCISCO ALFREDO,0.007
JAVIER RAFAEL,0.007
MALICK,0.007
MARCELO FABIAN,0.007
MARIANO FRANCISCO,0.007
MARIANO LUIS,0.007
NESTOR MANUEL,0.007
PETRONILO,0.007
VICTOR EMILIO,0.007
AARON DAVID,0.007
ANTONIO ALFREDO,0.007
ANTONIO GINES,0.007
BONAVENTURA,0.007
ELIER,0.007
FLAVIANO,0.007
GONZALO FRANCISCO,0.007
JOSE FRANCISCO JAVIER,0.007
JOSE RODOLFO,0.007
JOSEP IGNASI,0.007
JUAN GERMAN,0.007
JULIO MARIA,0.007
LLUIS MIQUEL,0.007
MANUEL ALEXANDER,0.007
MANUEL MARIANO,0.007
OUSAMA,0.007
PEDRO NOLASCO,0.007
RUI,0.007
SANTIAGO NICOLAS,0.007
SERGIO RAUL,0.007
ALEKSANDER,0.007
ALLAN,0.007
AMAIUR,0.007
ANGEL SEBASTIAN,0.007
BERNARDO MANUEL,0.007
DANIEL IVAN,0.007
DAVID ESTEBAN,0.007
ELIEL,0.007
FERNANDO AGUSTIN,0.007
FRANCISCO ELIAS,0.007
JOSE ANSELMO,0.007
JUAN BARTOLOME,0.007
JUAN CLEMENTE,0.007
NIDAL,0.007
OLIMPIO,0.007
ORLANDO JOSE,0.007
SALAHEDDINE,0.007
SIMON PEDRO,0.007
TYLER,0.007
WILLIAMS,0.007
ANGEL CARMELO,0.007
AYRTON,0.007
BAYRON,0.007
HERMAN,0.007
JAIME RAFAEL,0.007
JESUS JULIO,0.007
JORGE ERNESTO,0.007
JOSE ADAN,0.007
JULIAN JAVIER,0.007
ZAKARIYA,0.007
CESAR DANIEL,0.007
CONNOR,0.007
FELIX FERNANDO,0.007
GUAYRE,0.007
JOSE ELISEO,0.007
JOSE EZEQUIEL,0.007
JULIO EDUARDO,0.007
MARCOS AURELIO,0.007
MARCOS GABRIEL,0.007
SAMER,0.007
SANTIAGO VICENTE,0.007
VICTOR IGNACIO,0.007
VICTOR SANTIAGO,0.007
ABDELKHALEK,0.007
ABDUL,0.007
ANDRES SEBASTIAN,0.007
ANTONIO BERNARDO,0.007
CHRISTIAN DANIEL,0.007
DANIELE,0.007
DYLAN ALEJANDRO,0.007
EDINSON,0.007
ENETZ,0.007
GABRIEL LUIS,0.007
GUSTAVO JESUS,0.007
JAVIER MARTIN,0.007
JESUS BENITO,0.007
JUAN JACOBO,0.007
LOIC,0.007
LYAN,0.007
MARIO DANIEL,0.007
QUIRZE,0.007
SALVADOR ANGEL,0.007
SALVADOR JAVIER,0.007
ABDELOUAHAB,0.007
CARLOS RICARDO,0.007
ELMER,0.007
FRANCISCO ARTURO,0.007
FRANCISCO FERMIN,0.007
GABRIEL FERNANDO,0.007
GUILHERME,0.007
LUCAS DAVID,0.007
LUCAS GABRIEL,0.007
ORLANDO JESUS,0.007
PEDRO ISMAEL,0.007
SAMY,0.007
VICTOR JULIO,0.007
ALBERTO FERNANDO,0.007
ALBERTO IGNACIO,0.007
ANGEL DAMIAN,0.007
ANGEL MARCOS,0.007
ANGELINO,0.007
BRYAN DAVID,0.007
EL HABIB,0.007
EMILIO ENRIQUE,0.007
FARIS,0.007
FRANCISCO GERARDO,0.007
JAVIER EMILIO,0.007
JESUS MARCOS,0.007
JOEL DAVID,0.007
JULIO DANIEL,0.007
KEMEN,0.007
MBAYE,0.007
MODEST,0.007
NAUFAL,0.007
SEAN,0.007
SIDI,0.007
ADRIAN ALBERTO,0.007
ANTONIO GREGORIO,0.007
ASDRUBAL,0.007
DIEGO EDUARDO,0.007
DMYTRO,0.007
EDU,0.007
ESTEFAN,0.007
HUSSEIN,0.007
JADIEL,0.007
JESUS SEBASTIAN,0.007
MANUEL DIEGO,0.007
MANUEL VALENTIN,0.007
MARTIN MIGUEL,0.007
MOHSIN,0.007
RODRIGO JESUS,0.007
RUBEN DANIEL,0.007
SERGIO GABRIEL,0.007
VICENTE MARIA,0.007
ADEXE,0.007
AGUSTIN CARLOS,0.007
ALONSO MANUEL,0.007
BERNARD,0.007
CARLOS MARCELO,0.007
CARLOS VICTOR,0.007
DATIVO,0.007
DAVID SALVADOR,0.007
ELIAM,0.007
ESTEBAN LUIS,0.007
FRANCISCO MOISES,0.007
FRANCISCO VALENTIN,0.007
GABRIEL ALBERTO,0.007
HANS,0.007
HEBER,0.007
JORGE WASHINGTON,0.007
JOSE BORJA,0.007
JOSE MARINO,0.007
JOSE NARCISO,0.007
JULIAN LUIS,0.007
LEONARDO ANTONIO,0.007
SERGIO VICENTE,0.007
ALVARO IGNACIO,0.007
ANTONI MARIA,0.007
ARMAN,0.007
AUGUST,0.007
CONSTANTIN,0.007
EL HOUCINE,0.007
ENRIQUE PEDRO,0.007
FELIPE ALBERTO,0.007
IGNACIO RAFAEL,0.007
JAVIER PEDRO,0.007
JESUS ABEL,0.007
JON KOLDO,0.007
KELIAN,0.007
LEONARDO ANDRES,0.007
LUIS HERNAN,0.007
RAMON EDUARDO,0.007
SALEH,0.007
STIVEN,0.007
TOUFIK,0.007
XOSE LOIS,0.007
XUHAR,0.007
AGUSTIN MARIA,0.007
ANGEL DIEGO,0.007
ANTONIO MOISES,0.007
ANTONY,0.007
FELIX DAVID,0.007
GONZALO MIGUEL,0.007
IDRIS,0.007
ILIASS,0.007
ISRAEL DAVID,0.007
JONATHAN MANUEL,0.007
JORGE RUBEN,0.007
JOSE BASILIO,0.007
LAHOUCINE,0.007
LUIS DAMIAN,0.007
MARTIN ANGEL,0.007
NILS,0.007
OTMANE,0.007
RAFAEL TOMAS,0.007
RAMON EMILIO,0.007
RENZO,0.007
TOMAS DAVID,0.007
VENERANDO,0.007
WILLIAN,0.007
YOSEF,0.007
ALEX JAVIER,0.007
ANTONIO REYES,0.007
BENITO ANTONIO,0.007
CARLOS SAMUEL,0.007
DAOUD,0.007
DAVID RICARDO,0.007
DIEGO CARLOS,0.007
EMILIO DAVID,0.007
ESTEBAN ANTONIO,0.007
GORGONIO,0.007
HARRI,0.007
HASAN,0.007
IGNACIO ALEJANDRO,0.007
JOSE ROQUE,0.007
JOSE VICTORIANO,0.007
JOSEP CARLES,0.007
KEVIN JOEL,0.007
LORENZO MIGUEL,0.007
LUIS FABIAN,0.007
MANUEL ALONSO,0.007
MARCO ALEJANDRO,0.007
MAXIMO JOSE,0.007
MIKE,0.007
MIRKO,0.007
NADER,0.007
RAYMOND,0.007
RICARDO RAMON,0.007
SANTOS MANUEL,0.007
VICENTE EDUARDO,0.007
VICENTE GABRIEL,0.007
YACINE,0.007
ANDRES SANTIAGO,0.007
ANTONIO GONZALO,0.007
AURELIO JESUS,0.007
BADREDDINE,0.007
BERNARDO JAVIER,0.007
CESAR IGNACIO,0.007
DIEGO VICENTE,0.007
EDSON,0.007
FELIPE MIGUEL,0.007
GUILLERMO CARLOS,0.007
IKER JAVIER,0.007
JESUS JAIME,0.007
JIHAD,0.007
JOEL JESUS,0.007
JORGE DOMINGO,0.007
JULIO ERNESTO,0.007
LUCRECIO,0.007
OSCAR ALFREDO,0.007
OSCAR RAFAEL,0.007
PASCUAL VICENTE,0.007
SANTIAGO FERNANDO,0.007
SERGEY,0.007
ADUEN,0.007
AITOR JESUS,0.007
AMER,0.007
ANDOITZ,0.007
BRIAN JESUS,0.007
CARLOS AURELIO,0.007
CRISTIAN EDUARDO,0.007
DAMIAN JESUS,0.007
FIZ,0.007
JESUS DIEGO,0.007
JORDA,0.007
JOSE NORBERTO,0.007
JOSIAS,0.007
JUVENAL,0.007
LEONARDO JESUS,0.007
MAURICIO ALEJANDRO,0.007
RAMON PEDRO,0.007
RAYYAN,0.007
SEBASTIAN DAVID,0.007
ADRIAN MIGUEL,0.006
ANGEL VICTOR,0.006
CESAR ANGEL,0.006
EMILIO RAFAEL,0.006
GERMAN MANUEL,0.006
ISRAEL JESUS,0.006
JOSE SEGUNDO,0.006
KHALIFA,0.006
LUQMAN,0.006
MATT,0.006
MIGUEL FELIPE,0.006
PEDRO ROBERTO,0.006
RAUL ANGEL,0.006
SOUHAIB,0.006
SOULAYMAN,0.006
SUHAR,0.006
VALENTIN JOSE,0.006
WLADIMIRO,0.006
YEICO,0.006
ALFREDO FRANCISCO,0.006
ARETX,0.006
AURELI,0.006
CRISTHIAN DAVID,0.006
CRISTO JAVIER,0.006
DARIAN,0.006
ENRIQUE ALFONSO,0.006
EUGENIO LUIS,0.006
FELIX ANDRES,0.006
GERMAN JESUS,0.006
HECTOR ANDRES,0.006
IKER JOSE,0.006
JAVIER NICOLAS,0.006
JORGE AGUSTIN,0.006
JOSE CAYETANO,0.006
LONGINO,0.006
MANUEL BERNARDO,0.006
MATIAS JESUS,0.006
MONSEF,0.006
OLIVER JESUS,0.006
QUITERIO,0.006
SALVADOR ENRIQUE,0.006
ABEL ANTONIO,0.006
ANGEL LORENZO,0.006
AZEDDINE,0.006
BABA,0.006
CONSUELO,0.006
DAVID GABRIEL,0.006
ENRIQUE SALVADOR,0.006
FELIX IGNACIO,0.006
FRANCISCO GONZALO,0.006
GUILLERMO ALBERTO,0.006
GUILLERMO DANIEL,0.006
GUILLERMO DAVID,0.006
HUGO FERNANDO,0.006
IVAN ENRIQUE,0.006
JOSE DEMETRIO,0.006
JUAN FEDERICO,0.006
JUAN JACINTO,0.006
LORETO,0.006
MAIQUEL,0.006
MARCO ANDRES,0.006
MIGUEL DOMINGO,0.006
PASCUAL MANUEL,0.006
PIETRO,0.006
VICENTE AGUSTIN,0.006
VICENTE DOMINGO,0.006
YEREMAY,0.006
ANGEL CESAR,0.006
ANTONIO OSCAR,0.006
ARMANDO JAVIER,0.006
ASUR,0.006
CRISTO JOSE,0.006
EMILIO ALBERTO,0.006
GRACIAN,0.006
JAVIER PABLO,0.006
JESUS VICTOR,0.006
JHOAN SEBASTIAN,0.006
JOAQUIN SALVADOR,0.006
JORGE SALVADOR,0.006
LUIS JULIO,0.006
MARCO TULIO,0.006
MUHAMMAD ALI,0.006
SAFOUAN,0.006
SERGIY,0.006
TEODULO,0.006
THIAGO ALEXANDER,0.006
YADEL,0.006
ALCIDES,0.006
ANGEL ADRIAN,0.006
AYAX,0.006
BORJA ANTONIO,0.006
CRISTIAN GABRIEL,0.006
DANIEL NICOLAS,0.006
EDUARDO GABRIEL,0.006
EMILIO FERNANDO,0.006
ERWIN,0.006
FIRAS,0.006
GONZALO ANDRES,0.006
GREGORIO FRANCISCO,0.006
JON MIRENA,0.006
JOSE FLORENTINO,0.006
JOSEP ALBERT,0.006
JUAN ISRAEL,0.006
JULIAN VICENTE,0.006
LAUDINO,0.006
MARCOS ENRIQUE,0.006
MAURICIO JOSE,0.006
PEDRO MARIO,0.006
PEDRO SEBASTIAN,0.006
RAYCO JESUS,0.006
RUBEN JAVIER,0.006
SANTIAGO CARLOS,0.006
TIM,0.006
ADAY JESUS,0.006
ALEJANDRO JOAQUIN,0.006
ALFONSO FERNANDO,0.006
ANGEL EUGENIO,0.006
ANTONIO MARIO,0.006
BOGDAN,0.006
CARMELO MANUEL,0.006
DAGOBERTO,0.006
DAMIAN JOSE,0.006
DAVID SEBASTIAN,0.006
DENZEL,0.006
DOMINGO ANGEL,0.006
ENRIQUE IGNACIO,0.006
GABRIEL DAVID,0.006
ISIDORO JOSE,0.006
JAIRO JOSE,0.006
JOSE AMADEO,0.006
KADDOUR,0.006
MANUEL ARMANDO,0.006
MANUEL MARCOS,0.006
OSCAR ANGEL,0.006
PATRIK,0.006
RUY,0.006
TOMAS RAMON,0.006
ALEJANDRO IGNACIO,0.006
ALEX DANIEL,0.006
ANTONIO ISRAEL,0.006
CANDIDO MANUEL,0.006
DANIEL SEBASTIAN,0.006
DAVID JOAQUIN,0.006
DIMITRI,0.006
FERNAN,0.006
GERARDO JESUS,0.006
JABER,0.006
JAIRO JESUS,0.006
JESUS FERMIN,0.006
JOAQUIN DAVID,0.006
JOSE OVIDIO,0.006
JUAN FLORENCIO,0.006
JUAN MOISES,0.006
JULIAN FERNANDO,0.006
MANUEL FERMIN,0.006
MONICO,0.006
NATHANAEL,0.006
OXEL,0.006
PEDRO MARIANO,0.006
PERE LLUIS,0.006
VICTOR ADRIAN,0.006
ADRIEN,0.006
ALEJANDRO SEBASTIAN,0.006
AMMAR,0.006
ANTONIO ALEXIS,0.006
ANTONIO GERARDO,0.006
CLAUDIO MANUEL,0.006
DALMIRO,0.006
DAVID TOMAS,0.006
EDAHI,0.006
ENRIQUE JOAQUIN,0.006
FAUSTINO JOSE,0.006
FERNANDO EMILIO,0.006
HARUN,0.006
IGNACIO ENRIQUE,0.006
JONATAN JESUS,0.006
JONNATHAN,0.006
JORGE OMAR,0.006
JOSE ISIDORO,0.006
LUAY,0.006
LUCAS MIGUEL,0.006
LUIS VICTOR,0.006
MARIANO ANGEL,0.006
PABLO JULIAN,0.006
RAMON JOAQUIN,0.006
SALVIO,0.006
SANTIAGO IGNACIO,0.006
VASILE,0.006
ALVARO ALEJANDRO,0.006
ARGOITZ,0.006
BELAL,0.006
CARLOS OMAR,0.006
CARLOS PABLO,0.006
FEDERICO JESUS,0.006
GERMINAL,0.006
IGNACIO VICENTE,0.006
ISAAC DAVID,0.006
JAVIER JOAQUIN,0.006
JESUS REYES,0.006
JORGE ESTEBAN,0.006
JORGE LEONARDO,0.006
MANSOUR,0.006
OMAR JOSE,0.006
PABLO ESTEBAN,0.006
RICARDO MARIA,0.006
VICENTE EMILIO,0.006
VICTOR CARLOS,0.006
VICTOR TOMAS,0.006
VLADISLAV,0.006
XISCO,0.006
ALEJANDRO SALVADOR,0.006
ALEKSANDR,0.006
ALFONSO RAFAEL,0.006
ANDEKA,0.006
ANDRES JOAQUIN,0.006
ANTOINE,0.006
BONOSO,0.006
CARLOS HERNAN,0.006
CARLOS LORENZO,0.006
CHERKAOUI,0.006
CHRISTOFER,0.006
EBER,0.006
EMILIO ALEJANDRO,0.006
FELIPE JUAN,0.006
GURUTZ,0.006
HELDER,0.006
JOAQUIN SANTIAGO,0.006
JOSE BARTOLOME,0.006
JOSE URBANO,0.006
JUAN MAURICIO,0.006
LIBRADO,0.006
MANUEL ELIAS,0.006
MANUEL GERMAN,0.006
NAWFAL,0.006
NICOLAS ALBERTO,0.006
PABLO JORGE,0.006
SLIMANE,0.006
SULIMAN,0.006
TOMAS IGNACIO,0.006
XANET,0.006
YAROSLAV,0.006
ABDELFATTAH,0.006
APOLO,0.006
ARTURO LUIS,0.006
BLADIMIR,0.006
CARLOS GERMAN,0.006
DAVID FELIPE,0.006
EDUARDO JORGE,0.006
ELOY JESUS,0.006
EUSEBIO MANUEL,0.006
HUMBERT,0.006
IZAI,0.006
JESUS GONZALO,0.006
JORGE JULIO,0.006
MARCELO JAVIER,0.006
MAURICIO JAVIER,0.006
OUSMAN,0.006
RAFAEL SALVADOR,0.006
RAMON DAVID,0.006
RICARDO ALFONSO,0.006
SOHAIL,0.006
YAIR,0.006
YEISON,0.006
ABRAHAM JOSE,0.006
ADRIAN ALEXANDER,0.006
ALEXIS MANUEL,0.006
ALONSO JESUS,0.006
ANTONIO SAMUEL,0.006
AOMAR,0.006
AURELIO MANUEL,0.006
AYDEN,0.006
CHISTIAN,0.006
DANIEL ARTURO,0.006
JAVIER RICARDO,0.006
JESE,0.006
JESUS AURELIO,0.006
JESUS BERNARDO,0.006
JORGE JULIAN,0.006
JOSAFAT,0.006
JOSE VENANCIO,0.006
OCTAVIANO,0.006
SULEIMAN,0.006
THOR,0.006
TOMAS FERNANDO,0.006
VICENTE PAUL,0.006
YAREL,0.006
YONE,0.006
ALBERTO EDUARDO,0.006
ALLEN,0.006
ANDRES JULIAN,0.006
ANDRES NICOLAS,0.006
CHADI,0.006
DOMITILO,0.006
EMRAN,0.006
FRANCISCO ISIDRO,0.006
JAVIER IVAN,0.006
JESUS ERNESTO,0.006
JESUS GERARDO,0.006
JOAQUIN JUAN,0.006
JOHN ALEJANDRO,0.006
JORGE ANIBAL,0.006
JOSE VIRGILIO,0.006
JUAN HILARIO,0.006
KENAN,0.006
MIGUEL ALEXANDER,0.006
ORTZI,0.006
PABLO ROBERTO,0.006
PEDRO ALEXIS,0.006
SANTIAGO TOMAS,0.006
SINUHE,0.006
ADELIO,0.006
ALEXIS JAVIER,0.006
BENAISA,0.006
CECILIO JOSE,0.006
DAVID JORGE,0.006
DORAMAS,0.006
DOUGLAS,0.006
HECTOR RAUL,0.006
HUMBERTO JOSE,0.006
JABIR,0.006
JESUS ALEXIS,0.006
JESUS ARMANDO,0.006
JOAN JORDI,0.006
JOEL ANTONIO,0.006
JORGE OSCAR,0.006
JOSE ARCADIO,0.006
JOSE GILBERTO,0.006
JULIO SANTIAGO,0.006
KELVIN,0.006
OLAI,0.006
PEDRO MARCOS,0.006
PROSPERO,0.006
SACRAMENTO,0.006
SHAHID,0.006
STEPHEN,0.006
THIAGO JOSE,0.006
TIZIANO,0.006
VIGGO,0.006
YONAY,0.006
AARON MANUEL,0.006
ALBERTE,0.006
ALEJANDRO ANGEL,0.006
ANTONIO ELIAS,0.006
CARLOS OSCAR,0.006
CARLOS PATRICIO,0.006
CRISTIAN LUIS,0.006
CRISTOBAL ANTONIO,0.006
EDISON JAVIER,0.006
EMILIANO JOSE,0.006
FABIAN ALEJANDRO,0.006
FRANCISCO ELOY,0.006
GUILLERMO EDUARDO,0.006
HILARIO JOSE,0.006
JOAN GABRIEL,0.006
JUAN SAMUEL,0.006
JULIAN RAMON,0.006
LUIS OSWALDO,0.006
LUIS PASCUAL,0.006
MIGUEL ANXO,0.006
MIGUEL EMILIO,0.006
MIGUEL MARTIN,0.006
MIGUEL RICARDO,0.006
NICOLAE,0.006
NICOLAS DAVID,0.006
PEDRO ADRIAN,0.006
PEDRO ELIAS,0.006
SAMUEL ANDRES,0.006
SANTIAGO MARTIN,0.006
THIERRY,0.006
VICTOR ALFREDO,0.006
CARLOS GREGORIO,0.006
CHRISTIAN FERNANDO,0.006
CLAUDIO JAVIER,0.006
EDUARDO TOMAS,0.006
ENRIQUE JORGE,0.006
ESTEBAN MIGUEL,0.006
FELIX EDUARDO,0.006
FERNANDO RAUL,0.006
FRANCISCO BLAS,0.006
HECTOR FERNANDO,0.006
IGNACIO FERNANDO,0.006
ISAAC JESUS,0.006
ISRAEL JOSE,0.006
JESUS ISMAEL,0.006
JOSE AARON,0.006
JUAN LEONARDO,0.006
LUIS MATIAS,0.006
MARIANO MANUEL,0.006
MARKOS,0.006
MIGUEL ARTURO,0.006
MIGUEL NICOLAS,0.006
NOUH,0.006
NUHAZET,0.006
OSCAR GABRIEL,0.006
RAFAEL DANIEL,0.006
RAMON SANTIAGO,0.006
RAUL VICENTE,0.006
RUBEN IVAN,0.006
TOMAS ALEJANDRO,0.006
XAIME,0.006
AGUSTIN RAMON,0.006
ARIDAY,0.006
CLETO,0.006
EDESIO,0.006
EDGAR MANUEL,0.006
EDUARDO ALFONSO,0.006
EFRAIM,0.006
HECTOR IVAN,0.006
IKER DANIEL,0.006
JAVIER ESTEBAN,0.006
JESUS SANTOS,0.006
JOSE HECTOR,0.006
JOSE LUCIO,0.006
LUIS ALEXIS,0.006
MANUEL ELOY,0.006
MATEO ALEJANDRO,0.006
MIGUEL EUGENIO,0.006
NESTOR JAVIER,0.006
NIKOLAI,0.006
OCTAVIO JOSE,0.006
PELEGRIN,0.006
SALVADOR LUIS,0.006
WILLY,0.006
ABIMAEL,0.006
ALAE,0.006
ALEX FERNANDO,0.006
ALFREDO ENRIQUE,0.006
ANGEL BENITO,0.006
ANTONIO SERGIO,0.006
ARTEM,0.006
ARTEMI,0.006
ARTURO FRANCISCO,0.006
DIEGO JOAQUIN,0.006
DIONIS,0.006
ELUR,0.006
FRANCHO,0.006
HERIBERT,0.006
ISAAC ANTONIO,0.006
JOHNATAN,0.006
JORDI LLUIS,0.006
JOSE MELCHOR,0.006
JOSEP ANDREU,0.006
JUAN ALEXANDER,0.006
LLEO,0.006
LUIGI,0.006
MARTIN ANDRES,0.006
MEDARDO,0.006
PASCUAL JESUS,0.006
VICENTE IGNACIO,0.006
VICTOR MARIANO,0.006
WILDER,0.006
YEIDEN,0.006
ARQUIMEDES,0.006
BENEHARO,0.006
CARLOS GONZALO,0.006
CARLOS ISIDRO,0.006
CHRISTIAN EDUARDO,0.006
DANIEL RAFAEL,0.006
DAOUDA,0.006
EDGAR JOSE,0.006
FELIX ALEJANDRO,0.006
FELIX DANIEL,0.006
FIDEL ANTONIO,0.006
FLORIANO,0.006
FRANCISCO YERAY,0.006
GERARDO LUIS,0.006
GERMAN ANDRES,0.006
GIORGIO,0.006
HAMIDO,0.006
JORDI XAVIER,0.006
JULIAN ENRIQUE,0.006
MANUEL AMADOR,0.006
MARTIN LUIS,0.006
MOHAMED FADEL,0.006
MOHAND,0.006
PABLO SALVADOR,0.006
PEDRO ARTURO,0.006
RAPHAEL,0.006
URKI,0.006
VALERI,0.006
VICTOR IVAN,0.006
YAMIL,0.006
ALEXANDR,0.006
ALEXI,0.006
ALFREDO RAMON,0.006
ANGEL RODRIGO,0.006
ARMANDO MANUEL,0.006
ARTURO MIGUEL,0.006
CLARO,0.006
DYLAN ANDRES,0.006
ENRIQUE ANDRES,0.006
EUGENIO MIGUEL,0.006
EUSEBIO JESUS,0.006
FRANCISCO FIDEL,0.006
GABRIEL JUAN,0.006
GARY,0.006
IURGI,0.006
JAIME DANIEL,0.006
JOSE HORACIO,0.006
JUAN LEANDRO,0.006
MARTIN EDUARDO,0.006
MAURICIO ANDRES,0.006
MIGUEL ADRIAN,0.006
MIGUEL ALFREDO,0.006
MIGUEL JULIAN,0.006
MIKHAIL,0.006
NAYIM,0.006
SALIOU,0.006
SERIGNE FALLOU,0.006
UMAR,0.006
VICTOR EUGENIO,0.006
XULIO,0.006
ABDESSALAM,0.006
ALEXANDER DAVID,0.006
ALY,0.006
ANGEL ARTURO,0.006
DANIEL MARTIN,0.006
DAVID PEDRO,0.006
FAYSAL,0.006
FELIPE FRANCISCO,0.006
GABRIELE,0.006
GERARDO JAVIER,0.006
IGNACIO NICOLAS,0.006
JACOBO JOSE,0.006
JESUS ARTURO,0.006
JHONATHAN,0.006
JOREL,0.006
JOSE OLIVER,0.006
JUAN DARIO,0.006
MANUEL ALEXIS,0.006
MARCELO DANIEL,0.006
RAFAEL AGUSTIN,0.006
RICARDO RAFAEL,0.006
SERGIO ADRIAN,0.006
YELCO,0.006
AGUSTIN LUIS,0.005
ALFONSO DANIEL,0.005
ANDROS,0.005
ANTONIO SANTOS,0.005
BARAE,0.005
BASILIO JOSE,0.005
CESAR RAMON,0.005
DARIO MANUEL,0.005
DENYS,0.005
EDDIE,0.005
ESTIVEN,0.005
FERNANDO JULIAN,0.005
GIOVANI,0.005
JAIRO MANUEL,0.005
JERICO,0.005
JESUS CRISTOBAL,0.005
JESUS MOISES,0.005
JORGE SEBASTIAN,0.005
JOSE DELFIN,0.005
LUIS SANTOS,0.005
MARZOUK,0.005
MIGUEL DANIEL,0.005
MOHAMED ADAM,0.005
MORGAN,0.005
NEZAR,0.005
PABLO EUGENIO,0.005
SALEK,0.005
SERHIY,0.005
VASYL,0.005
VICENTE JULIAN,0.005
YVAN,0.005
AITHOR,0.005
ALBERTO SANTIAGO,0.005
ANDRES ALFONSO,0.005
ANGEL BERNARDO,0.005
ANGEL DARIO,0.005
ANTONIO ROMAN,0.005
BENJAMIN JOSE,0.005
CAMIL,0.005
CESAR IVAN,0.005
DANIEL ADRIAN,0.005
DANIEL JOAQUIN,0.005
DANIEL TOMAS,0.005
DARIEN,0.005
EDGAR ANTONIO,0.005
ENRIQUE PABLO,0.005
FRANCISCO SERGIO,0.005
GEDEON,0.005
HAYTHAM,0.005
IGNACIO AGUSTIN,0.005
IKER DAVID,0.005
ILAI,0.005
INAZIO,0.005
JUAN MODESTO,0.005
MAKSYM,0.005
MANUEL MATIAS,0.005
MARIO VICENTE,0.005
MATEO JESUS,0.005
NICOLAS MIGUEL,0.005
SAUC,0.005
VICTOR ALEXANDER,0.005
ABDELHALIM,0.005
ALEXANDER JESUS,0.005
ALVARO NICOLAS,0.005
AMELIO,0.005
BRANDAN,0.005
CARLOS ANIBAL,0.005
DANIEL PABLO,0.005
DANIEL SALVADOR,0.005
ELADIO MANUEL,0.005
ESAUL,0.005
ESMERALDO,0.005
FEDERICO LUIS,0.005
GREGORY,0.005
HUGO ENRIQUE,0.005
HUGO JESUS,0.005
ILYA,0.005
JORGE JAIME,0.005
JOSE BRAULIO,0.005
JUAN SERAFIN,0.005
LOUIS,0.005
LUIS PATRICIO,0.005
MANUEL AVELINO,0.005
MARCELINO JOSE,0.005
MAXIMO ANTONIO,0.005
MOHCINE,0.005
OSMANY,0.005
SAJID,0.005
ALBERTO JORGE,0.005
ALFONSO EDUARDO,0.005
ANTONIO MATEO,0.005
ARNOLD,0.005
CARLOS ARIEL,0.005
DIEGO TOMAS,0.005
DIODORO,0.005
EMERSON,0.005
EMILIO ANDRES,0.005
ENRIQUE TOMAS,0.005
ESTEBAN DAVID,0.005
EVER,0.005
FELIX VICENTE,0.005
FERMIN ANTONIO,0.005
FILEMON,0.005
GANIX,0.005
HAMDI,0.005
IRINEO,0.005
IVAN ALBERTO,0.005
JALIL,0.005
JESUS YERAY,0.005
JOAQUIN EDUARDO,0.005
KIM,0.005
MANUEL MARIO,0.005
NUR,0.005
PEDRO BENITO,0.005
QUIRINO,0.005
RAUL CARLOS,0.005
RIDUAN,0.005
RUBEN EDUARDO,0.005
SALVADOR RAMON,0.005
SERGIO NICOLAS,0.005
STEPHANE,0.005
THIAGO ALEJANDRO,0.005
ZOUHIR,0.005
ADRIAN LUIS,0.005
ALEJANDRO PABLO,0.005
ARLEY,0.005
BASILISO,0.005
BOUAZZA,0.005
CARLOS JOEL,0.005
CARLOS XAVIER,0.005
DANIIL,0.005
DOMINGO ALBERTO,0.005
EMILIO JOAQUIN,0.005
FALLOU,0.005
FERNANDO FELIX,0.005
FRANCISCO AMADOR,0.005
FRANCISCO AURELIO,0.005
GABRIEL IGNACIO,0.005
GREGORIO LUIS,0.005
HECTOR GABRIEL,0.005
HILARI,0.005
JAIRO ANTONIO,0.005
JOSE CONSTANTINO,0.005
JULIAN IGNACIO,0.005
MARCO JESUS,0.005
PABLO GUILLERMO,0.005
PEREGRIN,0.005
RAFAEL DOMINGO,0.005
RAIMUNDO JOSE,0.005
ROBER,0.005
SANTIAGO GABRIEL,0.005
SEBASTIAN MIGUEL,0.005
VITO,0.005
ADAL,0.005
AGUSTIN JUAN,0.005
AITOR JAVIER,0.005
ALFREDO CARLOS,0.005
ALONSO JAVIER,0.005
ANTHONY ALEXANDER,0.005
ANTONIO ERNESTO,0.005
ANYELO,0.005
ASTOR,0.005
BELKACEM,0.005
CHEDEY,0.005
CRISTIAN FRANCISCO,0.005
DANIEL ALFREDO,0.005
EDUARDO IGNACIO,0.005
EL ARBI,0.005
ERUNDINO,0.005
EVARISTO JOSE,0.005
FELIPE ANGEL,0.005
IGNACIO TOMAS,0.005
JOSE AMABLE,0.005
JOSEBA XABIER,0.005
JULIAN PEDRO,0.005
JULIO PEDRO,0.005
KEVIN ANTONIO,0.005
KIAN,0.005
LEANDRO JAVIER,0.005
LEONARDO MANUEL,0.005
LUIS RAMIRO,0.005
MANUEL CESAR,0.005
MARIO ALFONSO,0.005
MARTIN ALBERTO,0.005
MENCEY,0.005
MICHELE,0.005
NICK,0.005
SAMUEL FRANCISCO,0.005
SANTIAGO PEDRO,0.005
SERGIO ANGEL,0.005
XURDE,0.005
ABDELHAY,0.005
ALVARO RAMON,0.005
ANDRES RICARDO,0.005
ANGEL PATRICIO,0.005
ANTONIO AUGUSTO,0.005
ARAMIS,0.005
CAI,0.005
CARLOS ISMAEL,0.005
CARLOS VALENTIN,0.005
DJAMEL,0.005
ELI,0.005
FAISSAL,0.005
GERMAN FRANCISCO,0.005
GREGORIO MIGUEL,0.005
HAMADI,0.005
IOAN,0.005
JESUS ELOY,0.005
JOAQUIN TOMAS,0.005
LAKHDAR,0.005
LAZARO JESUS,0.005
LUIS BORJA,0.005
LUIS SERGIO,0.005
MARIANO ANDRES,0.005
MITXEL,0.005
MOISES JESUS,0.005
NEITHAN,0.005
NICOLAS MARIA,0.005
NORBERTO JOSE,0.005
OSCAR SANTIAGO,0.005
PABLO MARCELO,0.005
RAYCO JOSE,0.005
RICHAR,0.005
RIDOUAN,0.005
RODOLFO JOSE,0.005
AGUSTIN VICENTE,0.005
ALEJANDRO PEDRO,0.005
ASSANE,0.005
BOUZEKRI,0.005
CORSINO,0.005
CRISTOBAL FRANCISCO,0.005
EDUARDO JOAQUIN,0.005
FELIPE ALEJANDRO,0.005
GHEORGHE,0.005
GUILLERMO RAFAEL,0.005
JAIRO ANDRES,0.005
JAVIER ALFREDO,0.005
JESUS CESAR,0.005
JESUS JOSE MARIA,0.005
JOAQUIN DANIEL,0.005
JOEL ALEJANDRO,0.005
JUAN ROQUE,0.005
LUCAS JESUS,0.005
LUIS FIDEL,0.005
LUIS ISMAEL,0.005
MANUEL RODRIGO,0.005
MELCIOR,0.005
MIGUEL LORENZO,0.005
MIMUN,0.005
MOHAMMED SAID,0.005
NOA,0.005
OMAR ALEJANDRO,0.005
PABLO IVAN,0.005
PASCAL,0.005
PAULINO JOSE,0.005
PEDRO RUBEN,0.005
SANTINO,0.005
SEBASTIAN JAVIER,0.005
SIDI MOHAMED,0.005
XENXO,0.005
CELIO,0.005
CLAUDIO JESUS,0.005
DAVIDE,0.005
DIEGO ADRIAN,0.005
DYLAN GABRIEL,0.005
ENRIQUE GABRIEL,0.005
FRANCISCO JERONIMO,0.005
GONZAGA,0.005
GUILLERMO NICOLAS,0.005
GUILLERMO RAMON,0.005
HUGO ALEXANDER,0.005
ILIA,0.005
IVON,0.005
JESUS ELIAS,0.005
JOSE BERNARDINO,0.005
JOSE GIL,0.005
JOSE MAXIMO,0.005
KENNY,0.005
KEVIN STEVEN,0.005
KILIAN JOSE,0.005
LAHSEN,0.005
MANUEL PASCUAL,0.005
MIGUEL SEBASTIAN,0.005
MOHAMADOU,0.005
OSCAR MARIO,0.005
OSCAR MAURICIO,0.005
PHILIPPE,0.005
RAFAEL RICARDO,0.005
RAMON ALFONSO,0.005
ROGELIO JOSE,0.005
SANTOS JAVIER,0.005
SEGUNDO JOSE,0.005
SERGIO PABLO,0.005
ABDENNOUR,0.005
ALEJANDRO EDUARDO,0.005
ALFONSO VICENTE,0.005
ALVARO ANGEL,0.005
AMAT,0.005
ANGEL CRISTOBAL,0.005
ARTURO ANTONIO,0.005
AZZEDDINE,0.005
CHAKIR,0.005
CRISTHIAN ANDRES,0.005
CRISTO DAVID,0.005
ENRIQUE SANTIAGO,0.005
FERNANDO ARTURO,0.005
FLORENCIO JOSE,0.005
FUAD,0.005
GIANFRANCO,0.005
GONZALO RAFAEL,0.005
GUSTAVO ALEXIS,0.005
HERNAN DARIO,0.005
HUGO DAVID,0.005
IGNACIO JOAQUIN,0.005
IGNACIO PEDRO,0.005
ILDEFONSO JOSE,0.005
JACQUES,0.005
JOSE BRUNO,0.005
JOSE SERAFIN,0.005
JUAN DIONISIO,0.005
JUAN EVANGELISTA,0.005
KAEL,0.005
KIKO,0.005
LUCAS ALEJANDRO,0.005
MARCELO ANTONIO,0.005
MARCELO JOSE,0.005
MATTIA,0.005
NICOLAS JUAN,0.005
PEDRO ALONSO,0.005
RUBEN MIGUEL,0.005
TOMAS ANDRES,0.005
YOSEBA,0.005
ABDELATIF,0.005
ASCENSION,0.005
BLAS MIGUEL,0.005
CARMELO FRANCISCO,0.005
CHAIB,0.005
DAREL,0.005
DEMBO,0.005
ERICO,0.005
FELIX RAFAEL,0.005
FERNANDO SALVADOR,0.005
FRANCISCO CESAR,0.005
FRANCISCO VICTOR,0.005
GADIEL,0.005
HUGO ANDRES,0.005
JOAQUIN ALFONSO,0.005
JOHAN ANDRES,0.005
JORGE AUGUSTO,0.005
JOSE JAIRO,0.005
JOSE ROSENDO,0.005
JUAN AMADOR,0.005
LAUREN,0.005
LEONARDO GABRIEL,0.005
LIDIO,0.005
MODESTO JOSE,0.005
OSCAR ALFONSO,0.005
RAICO,0.005
RONNY,0.005
SERGIO TOMAS,0.005
TOMAS CARLOS,0.005
ALEJANDRO ALFONSO,0.005
ALEJANDRO SANTIAGO,0.005
ANDRES CAMILO,0.005
ANJE,0.005
ANTONIO ELOY,0.005
BIEITO,0.005
BRYAN JOSE,0.005
DANIEL EMILIO,0.005
DANIEL PEDRO,0.005
DAYAN,0.005
DIEGO RAUL,0.005
EMIR,0.005
ERNESTO LUIS,0.005
FEDERICO MIGUEL,0.005
GIANNI,0.005
GINES ANTONIO,0.005
HAIMAR,0.005
IGOTZ,0.005
JAVIER SALVADOR,0.005
JHOEL,0.005
JOSE ALBINO,0.005
JOSE ANASTASIO,0.005
JOSE CECILIO,0.005
JOSE HIPOLITO,0.005
KILIAM,0.005
LLATZER,0.005
LOTFI,0.005
MANOEL,0.005
MARIO JUAN,0.005
MICHAEL ANDRES,0.005
MIGUEL FELIX,0.005
MIGUEL GABRIEL,0.005
MOAAD,0.005
MYKHAYLO,0.005
NAIN,0.005
NICOLAI,0.005
PABLO FELIPE,0.005
RAFAEL GUILLERMO,0.005
SALVATORE,0.005
SANTIAGO ALFONSO,0.005
SOLAIMAN,0.005
TAO,0.005
VICENT JOSEP,0.005
VICTOR SAMUEL,0.005
VITOR,0.005
VLADYSLAV,0.005
ABID,0.005
ABRAHAM JESUS,0.005
ALVARO GABRIEL,0.005
ANGEL GUSTAVO,0.005
ARIEL ALEJANDRO,0.005
ARMEN,0.005
BERNARDO LUIS,0.005
CARLOS FERMIN,0.005
CLAUDIO ALBERTO,0.005
ELVIRO,0.005
ERICK DANIEL,0.005
GIO,0.005
GONZALO ALBERTO,0.005
GONZALO JUAN,0.005
HASIER,0.005
IHAB,0.005
IVAN RAFAEL,0.005
IVAR,0.005
JOAQUIM MARIA,0.005
MANUEL JACINTO,0.005
MANUEL MATEO,0.005
MARIANO MIGUEL,0.005
MARTIN NICOLAS,0.005
