MARIA CARMEN,29.220
MARIA,25.304
CARMEN,16.133
ANA MARIA,12.025
LAURA,11.840
MARIA PILAR,11.770
MARIA DOLORES,11.477
ISABEL,11.335
JOSEFA,11.136
MARIA TERESA,11.118
ANA,10.997
MARTA,10.536
CRISTINA,10.337
MARIA ANGELES,10.073
LUCIA,9.991
MARIA ISABEL,9.266
MARIA JOSE,9.236
FRANCISCA,8.768
ANTONIA,8.513
PAULA,8.151
DOLORES,7.888
SARA,7.861
MARIA LUISA,6.892
ELENA,6.824
RAQUEL,6.810
ROSA MARIA,6.699
MANUELA,6.200
MARIA JESUS,6.174
PILAR,6.029
CONCEPCION,6.025
JULIA,5.862
MERCEDES,5.796
ALBA,5.748
BEATRIZ,5.638
NURIA,5.557
SILVIA,5.472
IRENE,5.441
PATRICIA,5.088
ROCIO,5.075
ROSARIO,5.005
ANDREA,4.944
JUANA,4.907
MONTSERRAT,4.893
ENCARNACION,4.849
TERESA,4.825
MONICA,4.672
ALICIA,4.634
MARIA MAR,4.595
SONIA,4.475
SANDRA,4.445
MARINA,4.406
SUSANA,4.381
ANGELA,4.254
YOLANDA,4.210
ROSA,4.173
NATALIA,4.109
SOFIA,3.968
CLAUDIA,3.908
CARLA,3.874
MARIA JOSEFA,3.813
MARGARITA,3.792
EVA,3.740
INMACULADA,3.574
ANA ISABEL,3.514
MARIA ROSARIO,3.510
MARIA MERCEDES,3.500
NOELIA,3.435
ESTHER,3.350
VERONICA,3.206
NEREA,3.158
CAROLINA,2.997
MARTINA,2.943
INES,2.921
EVA MARIA,2.912
MIRIAM,2.908
DANIELA,2.906
MARIA VICTORIA,2.847
LORENA,2.834
ANA BELEN,2.807
ANGELES,2.761
MARIA ROSA,2.723
MARIA ELENA,2.702
MARIA CONCEPCION,2.647
VICTORIA,2.591
ALEJANDRA,2.571
AMPARO,2.461
MARIA ANTONIA,2.455
CELIA,2.453
LIDIA,2.404
AINHOA,2.362
MARIA NIEVES,2.337
CATALINA,2.277
CLARA,2.243
CONSUELO,2.112
MARIA SOLEDAD,2.107
MARIA CRISTINA,2.082
GLORIA,2.078
VANESA,2.056
OLGA,2.039
ADRIANA,2.022
BLANCA,2.010
VALERIA,1.980
AURORA,1.972
VIRGINIA,1.971
EMMA,1.961
EMILIA,1.919
ESPERANZA,1.900
LUISA,1.890
MARIA LUZ,1.883
MILAGROS,1.842
LOURDES,1.832
LAIA,1.826
ANNA,1.816
MARIA BELEN,1.785
NOA,1.765
JOSEFINA,1.759
ISABEL MARIA,1.759
ESTEFANIA,1.743
PURIFICACION,1.692
GEMA,1.685
BELEN,1.577
ELISA,1.573
AITANA,1.572
MARIA ASUNCION,1.566
ARIADNA,1.543
MARIA LOURDES,1.541
MARIA ESTHER,1.523
MARIA PAZ,1.507
TAMARA,1.490
CARLOTA,1.473
ARACELI,1.463
MIREIA,1.451
REBECA,1.439
PALOMA,1.431
GEMMA,1.428
ALMUDENA,1.419
FATIMA,1.411
MARIA INMACULADA,1.404
MAGDALENA,1.397
LARA,1.372
NOEMI,1.361
MATILDE,1.351
REMEDIOS,1.351
LEIRE,1.337
VANESSA,1.334
ASUNCION,1.330
SOLEDAD,1.320
ELVIRA,1.315
VALENTINA,1.314
MARIA CRUZ,1.288
TRINIDAD,1.281
TANIA,1.278
MARIA AMPARO,1.264
VICENTA,1.264
NATIVIDAD,1.261
AINARA,1.233
CANDELA,1.205
MARIA EUGENIA,1.203
ASCENSION,1.185
MARIA ROCIO,1.165
DIANA,1.154
JESSICA,1.140
CARMEN MARIA,1.130
NIEVES,1.122
JUANA MARIA,1.115
LOLA,1.111
RAFAELA,1.108
ADELA,1.094
JIMENA,1.060
AMELIA,1.049
AMALIA,1.039
ELISABET,1.033
FELISA,1.032
AROA,1.021
LETICIA,0.983
OLIVIA,0.967
ESTER,0.960
JUDITH,0.951
BERTA,0.944
LEONOR,0.942
NORA,0.935
SHEILA,0.909
JUDIT,0.908
GUADALUPE,0.897
HELENA,0.895
BARBARA,0.890
MARIA ENCARNACION,0.863
JOAQUINA,0.862
CECILIA,0.854
JENNIFER,0.853
MARIA MAGDALENA,0.849
ELSA,0.848
ESTRELLA,0.847
ALMA,0.846
RAMONA,0.843
VEGA,0.828
SORAYA,0.818
MARIA MONTSERRAT,0.816
RUTH,0.807
MARIA FRANCISCA,0.806
GABRIELA,0.804
MARIA YOLANDA,0.802
ROSALIA,0.801
NAIARA,0.790
MAR,0.790
AINA,0.785
LEYRE,0.772
ALEXANDRA,0.760
AGUSTINA,0.753
MARIA GLORIA,0.749
JULIANA,0.746
ABRIL,0.744
MARIA MILAGROS,0.740
MARIA CONSUELO,0.734
ADORACION,0.733
ERIKA,0.731
AFRICA,0.731
PAOLA,0.728
PETRA,0.727
VERA,0.719
MACARENA,0.715
AIDA,0.687
AMAIA,0.687
ESTELA,0.679
YAIZA,0.675
IRIA,0.661
MARIA REYES,0.644
MARIA REMEDIOS,0.641
SARAY,0.639
IRIS,0.618
ELISABETH,0.617
MARIA ARANZAZU,0.615
NADIA,0.615
ITZIAR,0.594
AMANDA,0.589
EULALIA,0.587
ANE,0.587
ARANZAZU,0.584
MARIANA,0.584
MARIA TRINIDAD,0.581
JOANA,0.577
CHLOE,0.571
MARIA ESPERANZA,0.567
TRIANA,0.564
EUGENIA,0.556
MAITE,0.556
MIA,0.555
HERMINIA,0.545
ENRIQUETA,0.520
MIRIAN,0.509
PIEDAD,0.503
ANA ROSA,0.498
MERITXELL,0.498
DESIREE,0.496
NEUS,0.491
LUNA,0.489
ELIA,0.485
ANTONIA MARIA,0.477
MARIA SOL,0.477
TATIANA,0.467
AMAYA,0.467
ALBA MARIA,0.460
IRATI,0.458
NAYARA,0.454
GREGORIA,0.453
MARIA JULIA,0.453
ZOE,0.452
LYDIA,0.451
MERCE,0.447
VIOLETA,0.443
JANA,0.441
MARIA INES,0.438
ESMERALDA,0.433
CANDIDA,0.431
CARIDAD,0.428
ROSER,0.426
ALEXIA,0.424
SAGRARIO,0.423
MARIA ASCENSION,0.423
MARIA CANDELARIA,0.419
GISELA,0.418
MARIA GRACIA,0.414
MARIA FERNANDA,0.414
MARA,0.413
RITA,0.413
AGUEDA,0.410
MARIA MANUELA,0.409
FLORENTINA,0.408
ZAIRA,0.405
ANA CRISTINA,0.402
NAZARET,0.401
AURELIA,0.395
CONSOLACION,0.394
NAIA,0.392
ONA,0.392
MARIA PURIFICACION,0.390
ELIZABETH,0.390
MARIA DOLORS,0.389
NAHIA,0.384
JENIFER,0.383
EDURNE,0.381
ANABEL,0.380
MARIA SAGRARIO,0.378
MARIA CARME,0.371
ELENA MARIA,0.370
LIA,0.369
ESTIBALIZ,0.368
AZUCENA,0.367
CARME,0.365
MARIA AURORA,0.360
FELICIDAD,0.360
ADELINA,0.359
ANGELA MARIA,0.359
ELOISA,0.357
YANIRA,0.357
MARIONA,0.356
MARIA BLANCA,0.355
MARIA PALOMA,0.352
CANDELARIA,0.352
ROSA ANA,0.351
SALMA,0.351
ADELAIDA,0.349
INMACULADA CONCEPCION,0.348
AZAHARA,0.347
MONSERRAT,0.346
YASMINA,0.345
MARIA PINO,0.345
CAYETANA,0.344
HORTENSIA,0.343
GALA,0.343
MARIA AUXILIADORA,0.343
MARTA MARIA,0.343
CORAL,0.341
TOMASA,0.340
ANNA MARIA,0.339
LUISA MARIA,0.337
JESICA,0.337
AINOA,0.336
MARIA GEMA,0.333
BENITA,0.333
MARIA VALLE,0.326
ARANTXA,0.324
MICAELA,0.322
MARIA GUADALUPE,0.321
MARIA LUCIA,0.320
FILOMENA,0.318
TEODORA,0.318
FABIOLA,0.316
LAURA MARIA,0.316
MIREYA,0.315
MARIA SONIA,0.314
MARIA DESAMPARADOS,0.313
MARIA ESTRELLA,0.312
DELIA,0.312
FUENSANTA,0.309
NAGORE,0.307
FLORA,0.306
INES MARIA,0.302
JUNE,0.301
FERNANDA,0.294
INGRID,0.294
LUZ MARIA,0.294
MARIA ELISA,0.293
MARCELINA,0.292
MARIA OLGA,0.292
IDOIA,0.292
IRATXE,0.291
MARIA SOCORRO,0.291
VISITACION,0.291
REGINA,0.290
MAIDER,0.290
MARISOL,0.283
ANTIA,0.282
MARIA ANGELS,0.282
MAIALEN,0.281
ANAIS,0.280
MARIA VICENTA,0.275
UXUE,0.274
MARIA CINTA,0.272
IZASKUN,0.272
VIRTUDES,0.271
NAROA,0.270
MARIA BEATRIZ,0.269
MARIA NATIVIDAD,0.268
AYA,0.267
SALVADORA,0.264
ROSANA,0.264
MARIA ARACELI,0.263
IRINA,0.263
MARIAM,0.262
AVELINA,0.262
MARIA ANGELA,0.260
GENOVEVA,0.257
ANGELICA,0.256
DEBORA,0.254
PAULINA,0.254
CARMEN ROSA,0.254
MARIA ANGUSTIAS,0.253
DAVINIA,0.252
GEORGINA,0.251
FLORENCIA,0.250
DELFINA,0.249
REYES,0.249
SEBASTIANA,0.249
DOLORS,0.244
UXIA,0.241
ALFONSA,0.240
SONIA MARIA,0.240
YASMIN,0.237
SABINA,0.236
SAMARA,0.236
EIDER,0.235
JULIETA,0.235
AUREA,0.234
TERESA JESUS,0.233
MARIA NURIA,0.233
SARAI,0.232
PATROCINIO,0.232
OLGA MARIA,0.230
MARIA PIEDAD,0.230
MARIA ALEJANDRA,0.230
MARIA AZUCENA,0.229
GRACIA,0.228
ANGELINA,0.227
DESAMPARADOS,0.227
JUSTA,0.227
MARIA FATIMA,0.226
MINERVA,0.226
JOSEFA MARIA,0.225
FELIPA,0.224
CLOE,0.223
PALMIRA,0.222
ISIDORA,0.222
ERICA,0.222
MARIA JUANA,0.221
MARIA RAQUEL,0.220
NAYRA,0.218
OBDULIA,0.217
MYRIAM,0.217
CAMILA,0.216
LINA,0.214
LORENZA,0.213
ARLET,0.212
HAIZEA,0.211
URSULA,0.210
BRIGIDA,0.210
JESUSA,0.210
EVANGELINA,0.210
COVADONGA,0.209
MIREN,0.206
GLORIA MARIA,0.206
MARIA ALMUDENA,0.205
MARIA EVA,0.205
MARIA ELVIRA,0.205
BIENVENIDA,0.204
OLATZ,0.204
SAMIRA,0.203
MAITANE,0.203
CRISTINA MARIA,0.202
MARIA CONSOLACION,0.201
ISABELLA,0.200
NICOLE,0.200
SILVIA MARIA,0.200
JACINTA,0.199
CINTIA,0.199
MELANIA,0.198
MARIA PRADO,0.198
ANGUSTIAS,0.197
GEMA MARIA,0.197
RUT,0.196
DIONISIA,0.194
XENIA,0.194
IVET,0.193
GERTRUDIS,0.193
MARIA MERCE,0.192
KHADIJA,0.192
MARIBEL,0.192
MARIA SALUD,0.191
MARIA ALICIA,0.191
SAIOA,0.190
JULIA MARIA,0.190
MODESTA,0.190
ADA,0.190
VICTORIA EUGENIA,0.190
ICIAR,0.189
IZARO,0.187
THAIS,0.187
MARIA LAURA,0.187
SANDRA MARIA,0.186
SOCORRO,0.186
ELISA ISABEL,0.186
MALAK,0.186
RUFINA,0.185
PAULA MARIA,0.185
CLOTILDE,0.184
SABELA,0.183
MARIA FE,0.183
SARA MARIA,0.182
FRANCISCA MARIA,0.182
OIHANE,0.181
ANA CARMEN,0.181
ARIANA,0.180
OTILIA,0.179
LORETO,0.179
MARIA CELIA,0.179
INDIA,0.179
BALBINA,0.178
CLARA ISABEL,0.178
DOMINGA,0.178
SIRA,0.176
NAIRA,0.175
MARIA MARGARITA,0.175
ZAIDA,0.174
EMILIANA,0.173
IRUNE,0.172
MARIA SANDRA,0.169
LUZ MARINA,0.169
MARIA EMILIA,0.168
JARA,0.167
AMIRA,0.167
ILUMINADA,0.166
MARIA VANESA,0.166
GUILLERMINA,0.166
BRUNA,0.165
SALUD,0.163
OLAYA,0.163
EVELYN,0.162
MARIA FELISA,0.161
NAIMA,0.161
SALOME,0.160
FELICIANA,0.160
DESIRE,0.160
JANIRE,0.158
PASTORA,0.158
MARIA SUSANA,0.158
HENAR,0.157
LILIANA,0.157
PAZ,0.156
MARCELA,0.156
AMINA,0.156
FELICITAS,0.156
CLARA MARIA,0.156
MAIA,0.156
MARIA ADELA,0.155
OLIVA,0.155
LUZ,0.155
ANASTASIA,0.155
MADDI,0.155
MARIA EULALIA,0.154
MARIA ESTER,0.153
IGNACIA,0.153
BIBIANA,0.153
INOCENCIA,0.152
SACRAMENTO,0.152
EUSEBIA,0.151
PRESENTACION,0.151
FRANCESCA,0.151
DAMARIS,0.151
AITZIBER,0.150
ENARA,0.149
ENGRACIA,0.149
GRACIELA,0.149
GARAZI,0.149
MARAVILLAS,0.149
ELISENDA,0.149
YESICA,0.147
DANIELLA,0.147
LAILA,0.147
ABIGAIL,0.146
DUNIA,0.146
NEKANE,0.146
SARAH,0.146
NICOLASA,0.146
SABRINA,0.145
VICTORINA,0.145
OLALLA,0.143
JONE,0.143
CYNTHIA,0.143
YURENA,0.142
MARIA LORENA,0.142
SERAFINA,0.142
FAUSTINA,0.141
GRETA,0.140
FERMINA,0.140
BLANCA MARIA,0.139
CELESTINA,0.139
CASILDA,0.139
MENCIA,0.138
ROSA ISABEL,0.137
IRAIA,0.137
AICHA,0.137
MARIA CAMINO,0.136
MARWA,0.136
MARIA VIRGINIA,0.135
MARIA GEMMA,0.134
TERESA MARIA,0.134
CARMELA,0.134
CONCEPCIO,0.134
DINA,0.134
SATURNINA,0.134
MELISA,0.134
SUSANA MARIA,0.134
MALENA,0.133
DULCE MARIA,0.133
MARIA AMOR,0.133
OLAIA,0.133
MARIA CLARA,0.132
ALICIA MARIA,0.132
MARIA CECILIA,0.132
ARANCHA,0.132
MARIA ESTELA,0.132
NAOMI,0.131
BELINDA,0.130
SONSOLES,0.130
MAYA,0.130
QUERALT,0.130
BIANCA,0.129
MIRANDA,0.128
MARIA OLIVA,0.128
ALAZNE,0.128
KAREN,0.128
ANA TERESA,0.128
PASCUALA,0.127
JERONIMA,0.127
ELISA MARIA,0.127
IDAIRA,0.125
ESTHER MARIA,0.124
CARMEN DOLORES,0.124
RAQUEL MARIA,0.123
BASILISA,0.123
MARIA VIRTUDES,0.123
DAFNE,0.122
ARANTZAZU,0.122
BENEDICTA,0.122
CELSA,0.122
ARANTZA,0.122
MARIA LORETO,0.122
MARIA AGUSTINA,0.122
LEILA,0.121
MARIA LLANOS,0.121
MARIA O,0.121
MELANIE,0.120
MARIA CATALINA,0.119
MARIA LEONOR,0.119
BRENDA,0.119
MARIA ADORACION,0.119
NELIDA,0.119
CARMEN DELIA,0.118
ANA PILAR,0.118
CLEMENTINA,0.118
JACQUELINE,0.117
MARIA VISITACION,0.117
OFELIA,0.117
ANNE,0.117
RITA MARIA,0.117
MARIA SALOME,0.116
LUA,0.116
YESSICA,0.115
MELISSA,0.115
ANA VICTORIA,0.115
YLENIA,0.115
MARIA IRENE,0.115
MARIA AMELIA,0.115
MARIA FUENSANTA,0.115
INDIRA,0.114
SELENE,0.114
MARIA COVADONGA,0.114
LUCIANA,0.114
ENCARNACIO,0.113
ADARA,0.113
IMAN,0.113
LOREA,0.112
MARIA SIERRA,0.112
MARIA FLOR,0.112
ALAIA,0.112
MARIA GABRIELA,0.111
PATRICIA MARIA,0.111
ANUNCIACION,0.111
ELOINA,0.111
LUISA FERNANDA,0.111
CATERINA,0.111
MARIA MONSERRAT,0.110
BERNARDA,0.110
MARIA ANGELICA,0.110
DOLORES MARIA,0.110
LIBERTAD,0.109
MARIA ALBA,0.109
ROSARIO MARIA,0.109
ANA LUISA,0.109
LUCRECIA,0.108
MALEN,0.108
FLORINDA,0.108
ANA LUCIA,0.108
MARIA VANESSA,0.108
PAMELA,0.108
VICTORIANA,0.107
SELENA,0.107
CRISTOBALINA,0.106
MICHELLE,0.106
MARIA SANTOS,0.106
MARIELA,0.104
MARIA HENAR,0.104
MILAGROSA,0.103
MALIKA,0.103
ISOLINA,0.103
ITXASO,0.103
MARIA CARIDAD,0.103
THALIA,0.103
MARIAN,0.102
YARA,0.101
DALIA,0.101
MARIA PAULA,0.101
AISHA,0.100
PRISCILA,0.100
MARIA MATILDE,0.100
NURIA MARIA,0.100
MARIA ANA,0.100
CARMEN PILAR,0.100
LIDIA MARIA,0.099
NOUR,0.099
DIANA MARIA,0.099
MARIA CELESTE,0.099
LUZ DIVINA,0.098
MARIA RITA,0.098
SAMANTHA,0.098
CELESTE,0.098
KATIA,0.098
MARIA NEUS,0.098
PRIMITIVA,0.098
OIHANA,0.097
MARIOLA,0.097
LUCIA MARIA,0.097
MARIA LLUISA,0.097
AMAL,0.097
ALDARA,0.097
MARIA SORAYA,0.096
ANGELITA,0.096
GINA,0.096
MAXIMA,0.096
FIDELA,0.096
MAXIMINA,0.096
MARIA NOELIA,0.095
EDELMIRA,0.095
IMMACULADA,0.095
ANGELS,0.095
ELADIA,0.095
MARIA SONSOLES,0.095
MIRELLA,0.094
BASILIA,0.094
HAJAR,0.094
NINA,0.094
ANA VANESA,0.094
MARGALIDA,0.093
MAYRA,0.093
SAIDA,0.092
APOLONIA,0.092
JAIONE,0.092
BLANCA NIEVES,0.092
OLIMPIA,0.092
CATALINA MARIA,0.091
ASTRID,0.091
MIGUELA,0.091
MIRYAM,0.091
AMARA,0.090
ISIDRA,0.090
XIANA,0.090
ZORAIDA,0.090
MARIA VERONICA,0.090
GEMMA MARIA,0.089
BERNARDINA,0.089
JUSTINA,0.089
MARISA,0.089
ENCARNACION MARIA,0.089
KARIMA,0.089
DAYANA,0.089
KARINA,0.089
MARIA AFRICA,0.089
GARA,0.089
LUCILA,0.088
CELIA MARIA,0.088
ANA BEATRIZ,0.088
ALAITZ,0.087
AMADA,0.087
AURA,0.087
KARLA,0.087
MARIA ESMERALDA,0.087
MARIA CAROLINA,0.086
ARIANE,0.086
MARIA CANDELAS,0.086
MARIA JOAQUINA,0.086
DOROTEA,0.085
ESPERANZA MACARENA,0.085
IRENE MARIA,0.085
LEA,0.085
NANCY,0.085
ARIANNA,0.085
PRUDENCIA,0.085
MARGARIDA,0.085
ELBA,0.084
SOL,0.084
EDUARDA,0.083
MARIA ENGRACIA,0.083
BLANCA ESTHER,0.083
ANA DOLORES,0.083
ENERITZ,0.083
DANA,0.083
CORAIMA,0.083
MONICA MARIA,0.083
ARGENTINA,0.083
ROMINA,0.083
IKRAM,0.083
AINTZANE,0.083
CARINA,0.082
NARCISA,0.082
MARIA CORO,0.081
IDOYA,0.081
YOLANDA MARIA,0.081
HIBA,0.081
ROSAURA,0.081
ZULEMA,0.081
ARES,0.081
RESURRECCION,0.081
MARIA ICIAR,0.081
EMERITA,0.081
MARIA MACARENA,0.080
NOAH,0.080
MARIA EMMA,0.080
KIARA,0.079
RACHIDA,0.079
DORINDA,0.079
ATENEA,0.079
DAMIANA,0.079
BEATRIZ MARIA,0.078
JOSUNE,0.078
ANA JOSEFA,0.078
FATIMA ZAHRA,0.078
TEOFILA,0.078
CONSTANZA,0.078
MARGARITA MARIA,0.078
MIREN EDURNE,0.078
MARIA MILAGRO,0.078
MARIA JOSEFINA,0.078
SEGUNDA,0.077
ELIANA,0.077
INDARA,0.077
MARIA ROSER,0.077
NEREIDA,0.077
BENIGNA,0.077
YOANA,0.077
ALMA MARIA,0.076
ELENE,0.076
MARIA MARTA,0.076
SANTIAGA,0.076
ANGELINES,0.076
MARIA AMALIA,0.076
MARIA RAMONA,0.076
ROSALINA,0.076
MARYAM,0.076
LUZDIVINA,0.076
SHEYLA,0.076
MARIA JULIANA,0.076
NOELIA MARIA,0.076
CINTA,0.076
IVANA,0.076
EDUVIGIS,0.076
ISAURA,0.075
IRMA,0.075
ESTEL,0.075
RANIA,0.075
MELANI,0.075
DEBORAH,0.074
ARRATE,0.074
DIGNA,0.074
MARIA ANUNCIACION,0.074
MISERICORDIA,0.074
MARIA MILAGROSA,0.074
ALEJANDRA MARIA,0.073
AGNES,0.073
SAMANTA,0.073
AINOHA,0.073
MARIA ARANTZAZU,0.073
ARYA,0.073
ROSA ELENA,0.073
ERNESTINA,0.073
LIDIA ESTHER,0.073
LOURDES MARIA,0.072
FARAH,0.072
CLAUDIA MARIA,0.071
PLACIDA,0.071
ANDREA MARIA,0.071
GINESA,0.071
AINHARA,0.071
MARTA ISABEL,0.071
MARIA FELICIDAD,0.071
GALLA,0.070
PETRONILA,0.070
MARIA CORAL,0.070
AURORA MARIA,0.070
ANTONELLA,0.070
SEILA,0.070
FATIHA,0.070
MARIA SILVIA,0.070
ALEGRIA,0.070
MARIA LIDIA,0.070
LORENA MARIA,0.069
DIVINA,0.069
GUMERSINDA,0.069
BLANCA ROSA,0.069
LENA,0.069
ROSA DELIA,0.069
MARIA PATRICIA,0.069
BELLA,0.069
CARLA MARIA,0.069
ANA JESUS,0.069
NORMA,0.068
FELICIA,0.068
MARLENE,0.068
PAULA ANDREA,0.068
VALLE,0.068
MARIA PETRA,0.068
CARMEN ROCIO,0.068
ARIA,0.068
JULITA,0.067
DANAE,0.067
ARIADNE,0.067
CARMEN GLORIA,0.067
EMILY,0.067
MARIA GORETTI,0.067
FE,0.067
FLOR MARIA,0.067
EUFEMIA,0.067
ELAIA,0.066
SARA ISABEL,0.066
MARIA SOFIA,0.066
MARIA CRISTO,0.066
IRAIDE,0.066
MARTHA,0.066
VALERIANA,0.066
JANET,0.066
ANIA,0.065
GRACIA MARIA,0.065
ENMA,0.065
PURA,0.065
SUSANNA,0.065
SILVANA,0.065
BOUCHRA,0.065
LATIFA,0.065
CASIMIRA,0.065
ENEDINA,0.065
RUTH MARIA,0.064
PILAR MARIA,0.064
CUSTODIA,0.064
GLADYS,0.064
ISABELA,0.064
HILARIA,0.064
ROGELIA,0.064
MARIA ENRIQUETA,0.064
PENELOPE,0.063
MARIA NAZARET,0.063
TANIA MARIA,0.063
ZAHIRA,0.063
GENEROSA,0.063
MAREN,0.063
OLVIDO,0.063
LIBE,0.063
GUACIMARA,0.063
IVETTE,0.062
ALINA,0.062
MARIA AMAYA,0.062
ALBINA,0.062
BLASA,0.062
JADE,0.062
MARIA SARA,0.062
DOMITILA,0.062
MARIA LETICIA,0.062
EULOGIA,0.062
MARIA TRANSITO,0.062
IMANE,0.061
MARIA ANDREA,0.061
YASMINE,0.061
RAIMUNDA,0.061
MARIA DELIA,0.061
MARIA PUERTO,0.061
NATALIA MARIA,0.061
MARIA ELOISA,0.061
XIOMARA,0.061
CANDELAS,0.061
ANA PATRICIA,0.061
TELMA,0.061
MIREN JOSUNE,0.061
CIPRIANA,0.060
MARTHA CECILIA,0.060
ANA ROCIO,0.060
CLAUDIA PATRICIA,0.060
ROXANA,0.060
MARIA FLORA,0.060
ASHLEY,0.060
ANA PAULA,0.060
CRESCENCIA,0.059
HANAN,0.059
YUMARA,0.059
ERUNDINA,0.059
LUCINDA,0.059
IRANTZU,0.059
NOOR,0.059
AGATA,0.059
LEIA,0.059
CLAUDINA,0.059
ANA MERCEDES,0.059
LLUNA,0.059
ELSA MARIA,0.058
JOSEPA,0.058
JORDINA,0.058
MARIA VEGA,0.058
MARIA CABEZA,0.058
JOVITA,0.058
MARIA HORTENSIA,0.057
DORA,0.057
LEOCADIA,0.057
MARTA ELENA,0.057
MIREN NEKANE,0.057
GADEA,0.057
HANANE,0.057
SEVERINA,0.057
ANA ESTHER,0.057
DIANA CAROLINA,0.057
JOANA MARIA,0.057
ANITA,0.056
CONSTANTINA,0.056
FATIMA ZOHRA,0.056
CLEMENCIA,0.056
MINA,0.056
GRISELDA,0.056
ITSASO,0.056
SANDRA MILENA,0.056
BENILDE,0.056
ANA DELIA,0.056
EVELIA,0.056
VIVIANA,0.056
ANGELICA MARIA,0.056
LIBRADA,0.056
MARIA PATROCINIO,0.056
UDANE,0.056
PAOLA ANDREA,0.056
YOUSRA,0.056
ADOLFINA,0.056
ELNA,0.056
CELINA,0.056
AMADORA,0.055
DUNA,0.055
MARIA PUY,0.055
SANTA,0.055
ADELA MARIA,0.055
CESAREA,0.055
MARIA VIOLETA,0.055
SHAILA,0.055
CARMEN TERESA,0.055
AMERICA,0.054
ETELVINA,0.054
AQUILINA,0.054
MARIA PRESENTACION,0.054
BASMA,0.054
MARIA JESUSA,0.054
MARIA OLVIDO,0.054
MARIA IZASKUN,0.054
EDITH,0.053
NAYELI,0.053
FLAVIA,0.053
MILENA,0.053
CORA,0.053
ANA LAURA,0.053
CARMINA,0.053
MARIA MONICA,0.053
AINHIZE,0.053
YADIRA,0.053
SIHAM,0.053
AVRIL,0.053
CARMEN NIEVES,0.053
MARIA DESIREE,0.053
AYLA,0.052
DOMINICA,0.052
PINO,0.052
NAZARETH,0.052
LAYLA,0.052
HILDA,0.052
AGRIPINA,0.052
JOANNA,0.052
MARIA CASTILLO,0.052
ANA VANESSA,0.052
JOHANNA,0.052
MELODY,0.052
JUANA ANTONIA,0.051
ALESSANDRA,0.051
MARIA ELSA,0.051
CASANDRA,0.051
DEMETRIA,0.051
SOUAD,0.051
ANGELES MARIA,0.051
JUNCAL,0.051
KATHERINE,0.051
MARIA ESTIBALIZ,0.051
ELIZABET,0.051
MELANY,0.051
MARIA IGNACIA,0.051
MARIA ADELAIDA,0.051
ESTRELLA MARIA,0.051
MAYTE,0.051
ALEJANDRINA,0.050
ROSA CARMEN,0.050
SANDRA PATRICIA,0.050
VANESA MARIA,0.050
SOPHIA,0.050
ZOHRA,0.050
NAJAT,0.050
NARA,0.050
MANAL,0.050
MARIA ESTEFANIA,0.050
ANTONINA,0.050
RIM,0.050
ISABEL CRISTINA,0.050
CEFERINA,0.050
FATIMA MARIA,0.050
MARIA CAMILA,0.050
CLARA EUGENIA,0.050
NIEVES MARIA,0.050
MARIA FLORENCIA,0.050
LINA MARIA,0.049
DULCENOMBRE,0.049
HAFIDA,0.049
DEVA,0.049
INAS,0.049
JARE,0.049
ADRIANA MARIA,0.049
JUANA ROSA,0.049
DARIA,0.049
AYLEN,0.049
IZAR,0.049
MARIA FLORENTINA,0.049
MARIA FUENCISLA,0.049
MIREN KARMELE,0.049
NAHIKARI,0.049
MARIA JUNCAL,0.048
MARIA NATALIA,0.048
LAURA ISABEL,0.048
AROHA,0.048
CRUZ,0.048
MARIA HERMINIA,0.048
AGURTZANE,0.048
LLUISA,0.048
ASIA,0.048
JANIRA,0.048
CRISTINA ISABEL,0.048
HAYAT,0.048
MAGALI,0.048
ANA CAROLINA,0.048
VIRGINIA MARIA,0.048
LEANDRA,0.048
MARIA ASSUMPCIO,0.048
AIALA,0.047
GIULIA,0.047
ARABIA,0.047
NORAH,0.047
CATALEYA,0.047
ALANA,0.047
HERMELINDA,0.047
NURIA ESTHER,0.047
IXONE,0.047
MARIA HELENA,0.047
GUIOMAR,0.047
ELEUTERIA,0.046
AMOR,0.046
CINTHIA,0.046
HAFSA,0.046
FUENCISLA,0.046
YESENIA,0.046
VINYET,0.046
MARIANELA,0.046
TALIA,0.046
JAMILA,0.046
CAMINO,0.046
LARA MARIA,0.046
ANAHI,0.046
ANA SOFIA,0.046
MARITZA,0.046
REMEI,0.046
MARIA AGUILA,0.046
AIXA,0.045
ZAHRA,0.045
JOHANA,0.045
SIMONA,0.045
FELICITA,0.045
FABIANA,0.045
MARIA ARGENTINA,0.045
SOPHIE,0.045
RICARDA,0.045
ISONA,0.045
HALIMA,0.045
NAILA,0.045
NAYLA,0.045
MARIA BERTA,0.045
LAUREANA,0.044
CARMEN ISABEL,0.044
CATHAYSA,0.044
AUXILIADORA,0.044
ERMITAS,0.044
ALBERTA,0.044
SYLVIA,0.044
LUCIA CARMEN,0.044
HELIODORA,0.044
MONTSE,0.044
AIORA,0.044
JESSICA MARIA,0.044
MERIEM,0.044
DULCE NOMBRE,0.044
VICTORIA MARIA,0.043
MARCIANA,0.043
MARIA NELIDA,0.043
MIREN ITZIAR,0.043
JANNAT,0.043
MARIA ADELINA,0.043
REGLA,0.043
KAWTAR,0.043
ANA JOSE,0.043
VICENTA MARIA,0.043
NELLY,0.043
GIOVANNA,0.043
JULENE,0.043
EVELIN,0.043
ESTELA MARIA,0.043
ROCIO CARMEN,0.043
KIRA,0.042
GLORIA ESTHER,0.042
MAIRA,0.042
JACOBA,0.042
KENIA,0.042
WIAM,0.042
MARIA ALEXANDRA,0.042
DOLORES CARMEN,0.042
LOIDA,0.042
ANA GLORIA,0.042
VERONICA MARIA,0.042
DENISE,0.042
MARIA REGINA,0.042
LAIDA,0.042
BELEN MARIA,0.042
LILIAN,0.042
LOUBNA,0.042
NADINE,0.042
KEYLA,0.042
HOUDA,0.042
MABEL,0.041
CARMEN BELEN,0.041
CHAIMAE,0.041
CHIARA,0.041
ANE MIREN,0.041
NABILA,0.041
SAMIA,0.041
MARIA NOEMI,0.041
CELEDONIA,0.041
EPIFANIA,0.041
DANIA,0.041
PEREGRINA,0.041
AIDA MARIA,0.041
COLOMA,0.041
ZIORTZA,0.041
ISABEL CARMEN,0.041
ANA JULIA,0.040
MARIA AURELIA,0.040
PAULE,0.040
HABIBA,0.040
MANAR,0.040
CARMEN LUISA,0.040
HARIDIAN,0.040
IARA,0.040
JUANITA,0.040
CORINA,0.040
JUANA TERESA,0.040
KAOUTAR,0.040
LLANOS,0.040
ANA MARGARITA,0.040
BONIFACIA,0.040
MARIA BENITA,0.040
YAMILA,0.040
SILVINA,0.040
STELLA,0.040
DOSINDA,0.039
MARIA REGLA,0.039
VANESSA MARIA,0.039
JEZABEL,0.039
MARIA DELFINA,0.039
LILIA,0.039
MARIA ISOLINA,0.039
LEONARDA,0.039
ANTOLINA,0.039
CAROLA,0.039
MARIA ANTONIETA,0.039
RAHMA,0.039
ANA ELENA,0.039
CATHERINE,0.039
MARIA LIDON,0.039
EMILIA MARIA,0.039
TASNIM,0.039
MILAGRO,0.039
ZINEB,0.039
CONCEPCION MARIA,0.039
ALIA,0.039
JOSEFA ANTONIA,0.039
LUDIVINA,0.039
GISELLE,0.039
MARIA RAFAELA,0.039
MARTHA LUCIA,0.039
NEMESIA,0.039
SHEILA MARIA,0.039
UMA,0.039
CARMEN LUCIA,0.039
EMMA MARIA,0.038
LEONIDES,0.038
YAIZA MARIA,0.038
ELENA ISABEL,0.038
XIMENA,0.038
ASMAE,0.038
CONCHA,0.038
FRANCINA,0.038
MARIA ASSUMPTA,0.038
ELIDA,0.038
ILHAM,0.038
EVARISTA,0.038
SAFAE,0.038
MERCEDES MARIA,0.038
DACIL,0.037
KARMELE,0.037
NIRA,0.037
AGATHA,0.037
NAHIARA,0.037
MARIA ELIZABETH,0.037
FULGENCIA,0.037
LETICIA MARIA,0.037
ZARA,0.037
CLARISA,0.037
JOSEFA CARMEN,0.037
IZARBE,0.037
PRAXEDES,0.037
DULCE NOMBRE MARIA,0.036
DALILA,0.036
GABINA,0.036
IRACHE,0.036
YANET,0.036
LAUDELINA,0.036
PEPITA,0.036
YANIRE,0.036
LARRAITZ,0.036
LEYLA,0.036
LUR,0.036
EIRE,0.036
NATASHA,0.036
ZENAIDA,0.036
ISRAA,0.036
SARAYMA,0.036
NUR,0.036
QUITERIA,0.036
SETEFILLA,0.036
ROSA PILAR,0.036
PROVIDENCIA,0.035
ATHENEA,0.035
JUANA ISABEL,0.035
IGONE,0.035
ISIS,0.035
LIVIA,0.035
MELINA,0.035
EDITA,0.035
HIPOLITA,0.035
ROCIO PILAR,0.035
ARMINDA,0.035
FATOUMATA,0.035
MARIA GREGORIA,0.035
YAMINA,0.035
ALBA ROCIO,0.035
NATACHA,0.035
LUANA,0.035
TANIT,0.035
DULCE,0.035
SUHAILA,0.035
DARA,0.035
ICIA,0.035
CAROLINA MARIA,0.034
IVONNE,0.034
MARIA RESURRECCION,0.034
ASSIA,0.034
MARIA VALENTINA,0.034
DANNA,0.034
ELVA,0.034
FANNY,0.034
CAMELIA,0.034
JAQUELINE,0.034
SULAMITA,0.034
YENIFER,0.034
CARMEN ELENA,0.034
FELICISIMA,0.034
HIGINIA,0.034
JOAQUIMA,0.034
IONE,0.034
MARIA FILOMENA,0.034
MARIA ITZIAR,0.034
ROSA ELVIRA,0.034
AHINARA,0.034
ALICE,0.034
TERESITA,0.034
FARIDA,0.034
FRANCISCA ISABEL,0.034
LUZ ADRIANA,0.034
HANNA,0.034
LAURENTINA,0.034
TRANSITO,0.034
ESCOLASTICA,0.033
MARIA OFELIA,0.033
ZOILA,0.033
ARAN,0.033
ANA FRANCISCA,0.033
MARIA AVELINA,0.033
SHEREZADE,0.033
RUBI,0.033
FIONA,0.033
NIDIA,0.033
ZAINAB,0.033
ARAITZ,0.033
CONSOL,0.033
GAIA,0.033
DIANA MARCELA,0.033
SOFIA MARIA,0.033
RENATA,0.033
ZULEIMA,0.033
ADELIA,0.033
LEONOR MARIA,0.033
MARIA ILUMINADA,0.033
MARIA IDOYA,0.033
BERTA MARIA,0.033
HIND,0.033
MEGAN,0.033
OMAIMA,0.033
PAQUITA,0.033
ANA CECILIA,0.033
ORIANA,0.033
ROSA BLANCA,0.033
ARIANNE,0.032
EIRA,0.032
OLGA LUCIA,0.032
CHANTAL,0.032
MARIA ELIA,0.032
MAURA,0.032
JUANA DOLORES,0.032
LIDE,0.032
MARIA FELIX,0.032
MARIA SACRAMENTO,0.032
NATHALIE,0.032
ANA ROSARIO,0.032
DIANA PATRICIA,0.032
ANALIA,0.032
KEILA,0.032
SAFAA,0.032
AHINOA,0.032
JUANA ANA,0.032
ALBA LUCIA,0.032
MERYEM,0.032
AHLAM,0.032
HUMILDAD,0.032
PEPA,0.032
DOUNIA,0.032
MARIA TISCAR,0.032
ANA ALICIA,0.032
ROSARIO CARMEN,0.032
FLOR,0.032
HANNAH,0.032
MARIA EVANGELINA,0.032
NAIALA,0.032
HONORINA,0.031
MARIEM,0.031
SALIMA,0.031
ERIN,0.031
MARIA TERESA JESUS,0.031
ILDEFONSA,0.031
NOURA,0.031
MARIA ENCINA,0.031
MILA,0.031
SANAE,0.031
MARIA GADOR,0.031
CARMEN ROSARIO,0.031
LLUCIA,0.031
OMAIRA,0.031
ROSALBA,0.031
HERMENEGILDA,0.031
JANNA,0.031
MYRIAN,0.031
MARIA TAMARA,0.031
AMY,0.031
EREA,0.031
MANUELA MARIA,0.030
MARIA CANDIDA,0.030
MIRARI,0.030
IRANZU,0.030
PALOMA MARIA,0.030
ILENIA,0.030
ADHARA,0.030
ASMAA,0.030
KIMBERLY,0.030
IRAIDA,0.030
JASMINA,0.030
MIREN ITXASO,0.030
AZIZA,0.030
MATILDA,0.030
MAGDA,0.030
MARIA CONCEPCIO,0.030
MARIA OTILIA,0.030
URBANA,0.030
HELGA,0.030
MARIA CORTES,0.030
MARIA GERTRUDIS,0.030
ROSINA,0.030
ALTAGRACIA,0.030
BARBARA MARIA,0.030
MARIA GENOVEVA,0.030
ANA LUZ,0.030
GUILLERMA,0.029
LEONCIA,0.029
VANIA,0.029
DAIRA,0.029
ELVIRA MARIA,0.029
CLEMENTA,0.029
SOUKAINA,0.029
AGUEDA MARIA,0.029
SEFORA,0.029
AGAPITA,0.029
LLARA,0.029
MARIA GRACIELA,0.029
SELMA,0.029
ALTEA,0.029
MAIKA,0.029
MARIA MONTE,0.029
ARWA,0.029
MARIA FABIOLA,0.029
XANA,0.029
ELIXABETE,0.029
LUZ ELENA,0.029
SEVERIANA,0.029
FRANCISCA ROSA,0.029
MARIA OBDULIA,0.029
ANA GABRIELA,0.029
GLORIA ISABEL,0.029
OUMAIMA,0.029
JOSEFA DOLORES,0.029
MARIA BELLA,0.029
CONCHITA,0.029
ZAYRA,0.029
HELEN,0.029
ANA MARTA,0.029
ISRAE,0.029
HIDAYA,0.028
GLORIA PATRICIA,0.028
MARIA DIVINA,0.028
TERESA CARMEN,0.028
IZADI,0.028
SHAKIRA,0.028
ALISON,0.028
CARMEN VICTORIA,0.028
MONICA PATRICIA,0.028
IBTISSAM,0.028
JENNY,0.028
NISRIN,0.028
YULIA,0.028
MARIA ROSALIA,0.028
MARIA REBECA,0.028
ROMA,0.028
ANA BELLA,0.028
CARLOTA MARIA,0.028
ELODIA,0.028
MARIA CRUCES,0.028
LUZ STELLA,0.028
MAYRA ALEJANDRA,0.028
NOHA,0.028
BEATRIZ ELENA,0.027
MARIA JOSEP,0.027
GENARA,0.027
LUZ DARY,0.027
ANA RAQUEL,0.027
MARIA HUERTAS,0.027
MARIA MICAELA,0.027
MIGUELINA,0.027
ASMA,0.027
MARIA DIGNA,0.027
REBECCA,0.027
MELCHORA,0.027
FINA,0.027
LEAH,0.027
WENDY,0.027
ANSELMA,0.027
MIREN AGURTZANE,0.027
NIKOLE,0.027
ALESSIA,0.027
CIARA,0.027
CAROL,0.027
LAURA CARMEN,0.027
JUANA JOSEFA,0.027
LINA MARCELA,0.027
TEODOSIA,0.026
YOHANA,0.026
CARMEN JULIA,0.026
EMPAR,0.026
NAYADE,0.026
EFIGENIA,0.026
ESPERANZA MARIA,0.026
VENANCIA,0.026
JOSEFA ISABEL,0.026
LILA,0.026
MARIA RUTH,0.026
MARIA CELINA,0.026
DELIA MARIA,0.026
LIERNI,0.026
GORETTI,0.026
MARIA PIA,0.026
MARIAMA,0.026
RABIA,0.026
AMINATA,0.026
JAZMIN,0.026
ANA CELIA,0.026
REBECA MARIA,0.026
TAMAR,0.026
MIREN ARANTZAZU,0.026
ROSA NIEVES,0.026
CHARLOTTE,0.026
AYELEN,0.026
STEPHANIE,0.026
AINA MARIA,0.026
DOUAA,0.026
ALAE,0.026
ANA EVA,0.026
ITAHISA,0.026
GLORIA INES,0.026
MARIANA JESUS,0.026
ASSUMPCIO,0.026
BRAULIA,0.026
DESEADA,0.026
ANGIE,0.026
MARIA AMERICA,0.026
PETRA MARIA,0.025
FATNA,0.025
MARIA LINA,0.025
ROSA BELEN,0.025
CRISTINA VICTORIA,0.025
NATHALIA,0.025
NIHAD,0.025
TAMARA MARIA,0.025
ARSENIA,0.025
MARGOT,0.025
JOSEFA PILAR,0.025
AMAGOIA,0.025
EUFRASIA,0.025
EUNICE,0.025
WISSAL,0.025
YAZMINA,0.025
SALADINA,0.025
SECUNDINA,0.025
CRISTINA CARMEN,0.025
FRANCISCA PAULA,0.025
BALMA,0.025
IBONE,0.025
AMALIA MARIA,0.025
CECILIA MARIA,0.025
CHAIMA,0.025
ILARGI,0.025
SERENA,0.025
EVA ISABEL,0.025
IMMA,0.025
LAURA CRISTINA,0.025
CONSTANCIA,0.025
DANIELA MARIA,0.025
LIS,0.025
MARIA CLAUDIA,0.025
NAYA,0.025
ARA,0.025
MARIA ANGEL,0.025
ENYA,0.025
EVA CRISTINA,0.025
IMELDA,0.025
IONA,0.025
MARIA AGUEDA,0.025
SIENA,0.025
DEVORA,0.024
AMELIE,0.024
EVA GLORIA,0.024
KEIRA,0.024
MARIA CELESTINA,0.024
ANTONIA JESUS,0.024
AYNARA,0.024
BRIANA,0.024
LUCIA ISABEL,0.024
MARIA CARLOTA,0.024
MAROUA,0.024
YVONNE,0.024
AMELIA MARIA,0.024
EUGENIA MARIA,0.024
IOLANDA,0.024
ISABEL DOLORES,0.024
MARIA JACINTA,0.024
MARIA TOMASA,0.024
MARINA CARMEN,0.024
SAADIA,0.024
MARIA AIDA,0.024
MARTA PILAR,0.024
JANETH,0.024
ANTONIA ISABEL,0.024
EUSTAQUIA,0.024
INTZA,0.024
MARIA ALTAGRACIA,0.024
MARIA ELISABET,0.024
MARIA ANGELINA,0.024
NELIA,0.023
MARILUZ,0.023
HERMOSINDA,0.023
BELARMINA,0.023
MELODIA,0.023
ANA MILENA,0.023
VENTURA,0.023
SAFA,0.023
SANAA,0.023
CAPILLA,0.023
IRYNA,0.023
ROMANA,0.023
VILMA,0.023
ANDREA CAROLINA,0.023
ASSUMPTA,0.023
JUANA FRANCISCA,0.023
ROSARIO PILAR,0.023
DESIDERIA,0.023
HAYDEE,0.023
LLUM,0.023
MANOLI,0.023
LYA,0.023
ELDA,0.023
LEONISA,0.023
ROSALINDA,0.023
ROSARIO FATIMA,0.023
ANA ELISA,0.023
ELIA MARIA,0.023
MARIA BELINDA,0.023
ANA ANTONIA,0.023
HERMINDA,0.023
KHLOE,0.023
MARIA FELIPA,0.023
DEMELSA,0.022
DOHA,0.022
IANIRE,0.022
GERMANA,0.022
MARIA JESSICA,0.022
GRANADA,0.022
LURDES,0.022
MARIA ISIDORA,0.022
PATRICIA ISABEL,0.022
PIA,0.022
DORIS,0.022
AMAIUR,0.022
ROSANNA,0.022
SVETLANA,0.022
CARMEN JESUS,0.022
ROSMERY,0.022
ANICETA,0.022
FRIDA,0.022
MARCIA,0.022
TOURIA,0.022
BALTASARA,0.022
CIRA,0.022
MARLEN,0.022
ALBERTINA,0.022
ANA LOURDES,0.022
CINTHYA,0.022
KRISTINA,0.022
MARIA OLIVIA,0.022
CHAIMAA,0.022
MARIA AMADA,0.022
MARIETA,0.022
NAWAL,0.022
SABAH,0.022
MELODI,0.022
IRAYA,0.022
MARY LUZ,0.022
FATMA,0.022
MARIA NEREA,0.022
YOMARA,0.022
CONXITA,0.022
INDHIRA,0.022
MARIA DANIELA,0.022
MARIA JUSTA,0.022
MONTEMAYOR,0.022
OLENA,0.022
LUJAN,0.022
QUINTINA,0.022
MARIA ARRATE,0.022
DEYANIRA,0.022
MARIA PASTORA,0.022
ROSENDA,0.022
HAKIMA,0.022
RITAJ,0.022
ANUNCIA,0.021
ESTELA CARMEN,0.021
ISABEL PILAR,0.021
KAYLA,0.021
MARIA AUREA,0.021
MARIA ALEGRIA,0.021
MARIA DESEADA,0.021
RIANSARES,0.021
ZALOA,0.021
JULIA ISABEL,0.021
IVANNA,0.021
BLANCA ISABEL,0.021
ROMAISA,0.021
GINEBRA,0.021
MARIA VAL,0.021
ALEXA,0.021
MARGARITA ROSA,0.021
MARTIRIO,0.021
MURIEL,0.021
DAIANA,0.021
FRANCISCA DOLORES,0.021
MARIA CELSA,0.021
PILAR CARMEN,0.021
DANIELA ALEJANDRA,0.021
MARIA PALMA,0.021
OROSIA,0.021
FAYNA,0.021
ISABEL ROSA,0.021
MARIA LUNA,0.021
CARMEN LAURA,0.021
EKATERINA,0.021
LIRIA,0.021
MARIA CLOTILDE,0.021
PATRICIA CARMEN,0.021
TABITA,0.021
MARIA LARA,0.021
SOUMIA,0.021
VIRGILIA,0.021
ITZEL,0.021
SILVIA PATRICIA,0.021
VIVIAN,0.021
KELLY,0.021
MARIA CLEOFE,0.021
ANABELLA,0.021
ANTONIA PILAR,0.021
CHAYMAE,0.021
ROSA AMELIA,0.021
AGUAS SANTAS,0.021
JUANA CARMEN,0.021
ANA GEMA,0.021
JASONE,0.021
MARINA ISABEL,0.021
ESTER MARIA,0.021
JOANE,0.021
LLEDO,0.021
EVELINA,0.020
GABRIELLA,0.020
MARIA LORENZA,0.020
RAKEL,0.020
ALEXANDRA MARIA,0.020
CORONADA,0.020
DENISSE,0.020
FATOU,0.020
HELENE,0.020
NADA,0.020
STELLA MARIS,0.020
YOSRA,0.020
ERIKA MARIA,0.020
BALDOMERA,0.020
FADMA,0.020
GADOR,0.020
OVIDIA,0.020
PAOLA MARIA,0.020
ANTONIA ROSA,0.020
SANDRA ISABEL,0.020
XULIA,0.020
EMERENCIANA,0.020
MARIA PALMIRA,0.020
MARLENY,0.020
MARIA IDOIA,0.020
SILVERIA,0.020
ELMA,0.020
MARGARITA ISABEL,0.020
NATALIYA,0.020
ELENA CARMEN,0.020
MARAVILLA,0.020
ROCIO MARIA,0.020
DOUAE,0.020
MARIA FLORES,0.020
PERFECTA,0.020
ARGELIA,0.020
LIBIA,0.020
HANAE,0.020
NICOL,0.020
CARMEN MERCEDES,0.020
EDNA,0.020
GERALDINE,0.020
HELENA MARIA,0.020
JULIETTE,0.020
FIDELINA,0.020
FRANCISCA CARMEN,0.020
INSAF,0.020
MAGALY,0.020
AIMARA,0.020
FOUZIA,0.020
INGE,0.020
INOCENTA,0.020
MARTA BEATRIZ,0.020
NAYMA,0.020
ALEX,0.019
CARMEN BEATRIZ,0.019
GHIZLANE,0.019
LAURA PILAR,0.019
CARMEN ALICIA,0.019
JOSEFA LUISA,0.019
SIGRID,0.019
ZULIMA,0.019
ANA MARINA,0.019
INMACULADA MARIA,0.019
VICTORIA ISABEL,0.019
ALCIRA,0.019
AMPARO MARIA,0.019
DAKOTA,0.019
GOIZANE,0.019
ROSA MARINA,0.019
ANNIA,0.019
MARIA GRANADA,0.019
ALEIDA,0.019
BRIANNA,0.019
KATTALIN,0.019
BETH,0.019
CRISTINA PILAR,0.019
MONIKA,0.019
AZAHARA MARIA,0.019
MARIA IMMACULADA,0.019
MARIA LIBERTAD,0.019
MARY CARMEN,0.019
CRISANTA,0.019
CARMEN CRISTINA,0.019
MARIA FELICITAS,0.019
OKSANA,0.019
OMAYMA,0.019
BLAU,0.019
ESTHER LIDIA,0.019
NAOUAL,0.019
FRANCISCA ANTONIA,0.019
MARIA DULCE,0.019
MARIA CANDELA,0.019
MARIA MERCED,0.019
ASUNCION MARIA,0.019
TERESA PILAR,0.019
CIRILA,0.019
FRANCISCA PILAR,0.019
LUZ MARY,0.019
MARIA SALVADORA,0.019
MIRTA,0.019
MARIA VILLAR,0.019
NORBERTA,0.019
ROSA MARY,0.019
YAMILE,0.019
MARIA MARAVILLAS,0.019
ROSA ESTHER,0.019
MAURICIA,0.019
ZELTIA,0.019
BRIGITTE,0.019
JAEL,0.019
LINDA,0.019
MELINDA,0.019
ROSA MAR,0.019
ITSASNE,0.018
LUCIA PILAR,0.018
MARAM,0.018
TERESA ISABEL,0.018
AYMARA,0.018
EVA BELEN,0.018
FADOUA,0.018
ROCIO MAR,0.018
SAFIA,0.018
ANA ESMERALDA,0.018
FLORA MARIA,0.018
LISA,0.018
MARIA BERNARDA,0.018
PASION,0.018
HOURIA,0.018
JENNIFER MARIA,0.018
AMBROSIA,0.018
ANA CONCEPCION,0.018
ANA MARIA CARMEN,0.018
ANTONIA CARMEN,0.018
ANA SILVIA,0.018
CLARA INES,0.018
MARIA DIANA,0.018
MARIA MARTINA,0.018
NICASIA,0.018
IDURRE,0.018
ROSARIO ISABEL,0.018
YUSRA,0.018
ATTENERI,0.018
DULCENOMBRE MARIA,0.018
EUNATE,0.018
GABRIELA MARIA,0.018
MAGNOLIA,0.018
MARIA CIELO,0.018
PERPETUA,0.018
ROSA MERCEDES,0.018
ALAA,0.018
ANA INES,0.018
ZAHARA,0.018
JAVIERA,0.018
JOSEFA ROSA,0.018
SANDRA ELIZABETH,0.018
INMA,0.018
MARIA TEODORA,0.018
MARY,0.018
AFRIKA,0.018
ALIZE,0.018
LUNA MARIA,0.018
SOUMAYA,0.018
DIKRA,0.018
ELOISA MARIA,0.018
GLORIA CARMEN,0.018
NEREA MARIA,0.018
RIHAB,0.018
SUSANA BEATRIZ,0.018
GENMA,0.018
ILDA,0.018
ILIANA,0.018
LEONILA,0.018
SABRIN,0.018
SACRAMENTOS,0.018
AFRICA MARIA,0.018
ELLA,0.018
MARIA TANIA,0.018
MARTA CRISTINA,0.018
OMAYRA,0.018
JEANETTE,0.018
MARIA FLORINDA,0.018
ANDREA CARMEN,0.018
HASNA,0.018
MARIA AROA,0.018
MARTA LUCIA,0.018
NIEVES ROSA,0.018
PORFIRIA,0.018
SHARON,0.018
TERESITA JESUS,0.018
YOVANA,0.018
MARIA REMEI,0.017
ARHANE,0.017
DOLORES PILAR,0.017
JACKELINE,0.017
MARIA YURENA,0.017
SOLEDAD MARIA,0.017
LETIZIA,0.017
MATEA,0.017
ROSA MARGARITA,0.017
YAEL,0.017
MIREN JAIONE,0.017
MONICA ISABEL,0.017
SHIRLEY,0.017
SANA,0.017
ESTIBALITZ,0.017
MARIA BRIGIDA,0.017
CARMEN YOLANDA,0.017
MARIA AZAHARA,0.017
NELA,0.017
PAULA ISABEL,0.017
SALWA,0.017
ANTONIA JOSEFA,0.017
MARTA LUISA,0.017
NATALIE,0.017
YAMILEY,0.017
ANA LORENA,0.017
ANNABEL,0.017
HAWA,0.017
IOSUNE,0.017
BEATRIZ CARMEN,0.017
BERTHA,0.017
CONSUELO MARIA,0.017
ANA KARINA,0.017
ELIDIA,0.017
ROSA LUZ,0.017
JENNYFER,0.017
MARIA JUDITH,0.017
TETYANA,0.017
ANA MANUELA,0.017
CARLOTTA,0.017
MARIA LILIANA,0.017
VENERANDA,0.017
ANA CLARA,0.017
NOELA,0.017
ALODIA,0.017
DUNIA ESTHER,0.017
NAIR,0.017
AITANA MARIA,0.017
JONE MIREN,0.017
CAROLINE,0.017
MARIA OLIMPIA,0.017
MARIA PAULINA,0.017
ALICIA CARMEN,0.017
IXEIA,0.017
LAMIA,0.017
LUCITA,0.017
ISABEL TERESA,0.017
RAISA,0.017
AINHOA MARIA,0.017
TATIANA MARIA,0.017
ALAINE,0.017
HANA,0.017
MARIA SALES,0.017
MIREN GURUTZE,0.017
NOR,0.017
PRECIOSA,0.017
MARUJA,0.016
TARA,0.016
BEATRIZ EUGENIA,0.016
MARIA LUCILA,0.016
MARIA VILLA,0.016
MARTA CARMEN,0.016
MERY,0.016
CARMEN LUZ,0.016
DORLETA,0.016
ANXELA,0.016
TRINITAT,0.016
CARMEN PATRICIA,0.016
NISRINE,0.016
ONINTZA,0.016
TIFFANY,0.016
YANELI,0.016
BETTY,0.016
HADA,0.016
IRIS MARIA,0.016
MARIA NELLY,0.016
MARICEL,0.016
CARMEN CECILIA,0.016
EUDOSIA,0.016
LAURA BEATRIZ,0.016
MARIA SAMPEDRO,0.016
XANDRA,0.016
ANGELA CARMEN,0.016
IZIAR,0.016
AYLIN,0.016
CARMEN ESTHER,0.016
GLORIA ELENA,0.016
LAURA PATRICIA,0.016
MARIA BALBINA,0.016
RIHAM,0.016
YUMALAY,0.016
EMELINA,0.016
MARIA LUZDIVINA,0.016
ROSA DOLORES,0.016
SIXTA,0.016
AINET,0.016
AMETS,0.016
ANA ESPERANZA,0.016
CARMEN ANGELES,0.016
DOLORES ISABEL,0.016
ETNA,0.016
EUKENE,0.016
GISELE,0.016
LARISA,0.016
SINFOROSA,0.016
ANGELA CRUZ,0.016
MARIA MONSERRATE,0.016
ROBLEDO,0.016
TXELL,0.016
GLORIA AMPARO,0.016
MARTA TERESA,0.016
ANTONIA DOLORES,0.016
AMABLE,0.016
ELIANE,0.016
FEDERICA,0.016
KATERINA,0.016
MARIA INOCENCIA,0.016
ORFELINA,0.016
RABAB,0.016
ANA ANGELES,0.016
MARIA ELBA,0.016
MARIA ELVA,0.016
SARE,0.016
BERENICE,0.016
ESTHER GLORIA,0.016
JOSEFA TERESA,0.016
MARIA DULCE NOMBRE,0.016
SOFIA ISABEL,0.016
AMANDA MARIA,0.016
BET,0.016
ELIXABET,0.016
FATIMA EZZAHRA,0.016
SINAI,0.016
TRINIDAD MARIA,0.016
MEI,0.016
MERIAM,0.016
ALMUDENA MARIA,0.016
MARIA ELISABETH,0.016
PAULA CARMEN,0.016
ABILIA,0.016
ANA LIDIA,0.016
MIREN AMAIA,0.016
SANDRA LILIANA,0.016
JESICA MARIA,0.015
MARIA EUSEBIA,0.015
MARIA GLADYS,0.015
NOHEMI,0.015
TARSILA,0.015
EVA PILAR,0.015
FELISA MARIA,0.015
MARIA ETELVINA,0.015
NICANORA,0.015
NURIA ISABEL,0.015
ALLEGRA,0.015
AMBAR,0.015
MIKAELA,0.015
SAIRA,0.015
ANDREA ISABEL,0.015
CLAUDIA ANDREA,0.015
ELISABEL,0.015
GUAYARMINA,0.015
SARA CARMEN,0.015
WILMA,0.015
IRENE CARMEN,0.015
MARIA LUCRECIA,0.015
AILEN,0.015
ANNA ISABEL,0.015
DENIA,0.015
LILIANA MARIA,0.015
YAMILETH,0.015
ANA YOLANDA,0.015
GABRIELA ALEJANDRA,0.015
LAURA SOFIA,0.015
ALINE,0.015
ENIA,0.015
JORGINA,0.015
MARIA ELOINA,0.015
MIREN MAITE,0.015
ROSA INES,0.015
CARMEN MARINA,0.015
MARTHA ISABEL,0.015
MONICA BEATRIZ,0.015
VALVANERA,0.015
CLAUDIA MARCELA,0.015
ELENA PILAR,0.015
ISABEL ROCIO,0.015
MARIA MISERICORDIA,0.015
MONICA CARMEN,0.015
NAJWA,0.015
YESSENIA,0.015
DAPHNE,0.015
LUZ MERY,0.015
MARIA MAGNOLIA,0.015
RAFAELA MARIA,0.015
LIDYA,0.015
SVITLANA,0.015
AINIZE,0.015
BETSABE,0.015
EILEEN,0.015
MARIA ANTIGUA,0.015
MARIA BARBARA,0.015
MARIA CAMPO,0.015
MARIA MINERVA,0.015
PERLA,0.015
SILVIA CRISTINA,0.015
TELESFORA,0.015
ISABEL VICTORIA,0.015
OUMAYMA,0.015
ROSALIA MARIA,0.015
YUMALAI,0.015
FLORES,0.015
FRANCISCA TERESA,0.015
FREYA,0.015
MARIA AINHOA,0.015
MAYKA,0.015
ELISEA,0.015
IRIA MARIA,0.015
MARIA ZORAIDA,0.015
MIRYAN,0.015
CRUZ MARIA,0.015
LUZ AMPARO,0.015
NATALY,0.015
MARIA DAVINIA,0.015
MOUNIA,0.015
YOUSSRA,0.015
BLANCA ELENA,0.015
MARIA RUFINA,0.015
ALICIA ISABEL,0.015
ARACELI MARIA,0.015
ELENA CRISTINA,0.015
HELIA,0.015
LISBETH,0.015
MANOLITA,0.015
NATIVITAT,0.015
SALOUA,0.015
ENEIDA,0.015
FIORELLA,0.015
LUISA ISABEL,0.015
AINE,0.014
BLANCA FLOR,0.014
FATIMA ZAHRAE,0.014
FRANCISCA JOSEFA,0.014
HERMITAS,0.014
JASMIN,0.014
MARIA MARCELINA,0.014
MARIA MARINA,0.014
PAULA CRISTINA,0.014
ROMUALDA,0.014
JOSEFA ANGELES,0.014
MARIA DESIRE,0.014
ROSA EVA,0.014
SOUHAILA,0.014
ARENE,0.014
BEATRIU,0.014
LAYAN,0.014
MARIEL,0.014
ARIADNA MARIA,0.014
FAUSTA,0.014
ROSA ANGELICA,0.014
SONIA ISABEL,0.014
TAIS,0.014
YULIANA,0.014
ELENA VICTORIA,0.014
GEMA ISABEL,0.014
HANAA,0.014
HEIDI,0.014
JASMINE,0.014
RACHEL,0.014
ROSA ANGELES,0.014
VALME,0.014
JUANI,0.014
JULIA CARMEN,0.014
MARIA TATIANA,0.014
DOAA,0.014
GLADIS,0.014
MANUELA CARMEN,0.014
MARIA LUJAN,0.014
MARIA RAMOS,0.014
MARIA DOMINGA,0.014
MARIA PAOLA,0.014
MERCEDES CARMEN,0.014
MIRIAM CARMEN,0.014
GRACE,0.014
LAURA VICTORIA,0.014
LUCINIA,0.014
MIREN JASONE,0.014
GIMENA,0.014
SUSANA ISABEL,0.014
ALBA CARMEN,0.014
CARMEN LOURDES,0.014
GENESIS,0.014
MARIA FELICIANA,0.014
MARIA VALVANERA,0.014
MEL,0.014
MIREN IDOIA,0.014
MOUNA,0.014
NARCISA JESUS,0.014
VALERIE,0.014
ANA CATALINA,0.014
ANA RITA,0.014
ANGELA ISABEL,0.014
EILA,0.014
ISAMAR,0.014
LYDIA MARIA,0.014
MARIA SABINA,0.014
MONICA ALEXANDRA,0.014
ANA INMACULADA,0.014
ANA MARIA PILAR,0.014
LEXURI,0.014
LUCY,0.014
MARIA ELIDA,0.014
MARIA QUERALT,0.014
YANETH,0.014
ARGIMIRA,0.014
ENOLA,0.014
ALSIRA,0.014
AWA,0.014
LAURA ESTHER,0.014
MIREN GOTZONE,0.014
OLGA LIDIA,0.014
ANA VIRGINIA,0.014
DAISY,0.014
MARIA ALFONSA,0.014
MARIA PURA,0.014
PATRICIA PILAR,0.014
SIMONE,0.014
SORAYA MARIA,0.014
GERONIMA,0.014
MARIA FERMINA,0.014
MARIA ISAURA,0.014
MARIA PERPETUO SOCORRO,0.014
MARILYN,0.014
NEIVA,0.014
NOELIA CARMEN,0.014
SIRIA,0.014
VICTORIA CARMEN,0.014
AISSATOU,0.014
ERMELINDA,0.014
LLUVIA,0.014
MACRINA,0.014
VERONICA CARMEN,0.014
BAYAN,0.014
KENZA,0.014
MAXIMILIANA,0.014
MARIA JIMENA,0.014
MATILDE MARIA,0.014
ROCIO BELEN,0.014
AIARA,0.014
JENIFFER,0.014
MARGARITA CARMEN,0.014
MARIA ERMITAS,0.014
MERIDA,0.014
NAHIR,0.014
NAZIHA,0.014
SELVA,0.014
CARMEN JOSEFA,0.014
TANYA,0.014
FIRDAOUS,0.013
ISABEL CLARA,0.013
LAURA ELENA,0.013
MARIA CORONADA,0.013
MARIA OLATZ,0.013
FIRDAWS,0.013
JOSEFA FRANCISCA,0.013
KENYA,0.013
NEILA,0.013
ROBERTA,0.013
STEFANIA,0.013
YARITZA,0.013
CARMELINA,0.013
CORONA,0.013
CRISTINA ELENA,0.013
DIANA MILENA,0.013
GORANE,0.013
MARIA BENIGNA,0.013
MARIA SHEILA,0.013
YASSMIN,0.013
CLAUDIA MILENA,0.013
DIANA ISABEL,0.013
MAFALDA,0.013
MARIA JOSEPA,0.013
MARICELA,0.013
NILDA,0.013
YASIRA,0.013
YESICA MARIA,0.013
ANA ELVIRA,0.013
ELA,0.013
ITXASNE,0.013
MADDALEN,0.013
MIMOUNT,0.013
YANAY,0.013
ALICIA ESTHER,0.013
ANGELA PATRICIA,0.013
CASSANDRA,0.013
LAZARA,0.013
LORENA CARMEN,0.013
ZAMARA,0.013
CARMEN AMELIA,0.013
HASNAE,0.013
MARIA JENNIFER,0.013
SERGIA,0.013
ARLETTE,0.013
BENJAMINA,0.013
CATARINA,0.013
CLAUDIA LORENA,0.013
DAIDA,0.013
EYRA,0.013
GURUTZE,0.013
ISLAM,0.013
KATALIN,0.013
PATRICIA ALEJANDRA,0.013
ARCADIA,0.013
CHENOA,0.013
MARIA LUCINDA,0.013
PAU,0.013
BEATRIZ ISABEL,0.013
DIAMANTINA,0.013
LEONTINA,0.013
VIDALINA,0.013
CARMEN LIDIA,0.013
DIANA ELIZABETH,0.013
VICTORIA ANGELES,0.013
EZEQUIELA,0.013
JUANA PILAR,0.013
LIDON,0.013
MARIA ZULEMA,0.013
MELODIE,0.013
YULIYA,0.013
ANA MATILDE,0.013
ANA REYES,0.013
ISABEL ANGELES,0.013
KEREN,0.013
MARIA NANCY,0.013
WISAL,0.013
YESIKA,0.013
CLAUDIA ISABEL,0.013
MARIA GUIA,0.013
MARIA HILDA,0.013
MERCEDES PILAR,0.013
MIREN ARANTZA,0.013
ROSA AURORA,0.013
ZAIDA MARIA,0.013
CARMEN ELISA,0.013
ISABEL ANA,0.013
MARIA CASILDA,0.013
SILVIA BEATRIZ,0.013
AROA MARIA,0.013
BLANDINA,0.013
IKHLAS,0.013
MARIA EDUARDA,0.013
MARIA NELA,0.013
NERMIN,0.013
SUSAN,0.013
YARELI,0.013
CARMEN CONCEPCION,0.013
CELINE,0.013
FIRDAUS,0.013
MARIA CONSTANZA,0.013
MARIA ROSARIO FATIMA,0.013
NORMA BEATRIZ,0.013
NOUHAILA,0.013
ROSA EMILIA,0.013
NIURKA,0.013
CONCHI,0.013
ENCARNA,0.013
MADELEINE,0.013
AFNAN,0.013
MARISELA,0.013
REINA,0.013
SILVIA CARMEN,0.013
SONIA ESTHER,0.013
YENNY,0.013
ADRIANA PATRICIA,0.013
ANISA,0.013
CONRADA,0.013
LORE,0.013
MAICA,0.013
MARIA HUMILDAD,0.013
SALIHA,0.013
VALERY,0.013
CORALIA,0.012
MARIA ELDA,0.012
MONICA PILAR,0.012
RANYA,0.012
ANA ASUNCION,0.012
CRISTINA BEATRIZ,0.012
EVA CARMEN,0.012
FATIMA CARMEN,0.012
ISABEL ANTONIA,0.012
ROSA VICTORIA,0.012
SIERRA,0.012
ALLENDE,0.012
BUENAVENTURA,0.012
MARIA DORINDA,0.012
SASKIA,0.012
USUE,0.012
VENUS,0.012
ZAIRA MARIA,0.012
AMANCIA,0.012
ANA SOLEDAD,0.012
MARIA JESICA,0.012
MARTA ROSA,0.012
OMARA,0.012
SILVESTRA,0.012
YAMILET,0.012
AINARA MARIA,0.012
ANISSA,0.012
AYSHA,0.012
CHAXIRAXI,0.012
JEANNETTE,0.012
LIGIA,0.012
SALUSTIANA,0.012
AURELIANA,0.012
CLAUDIA ALEJANDRA,0.012
EVA PATRICIA,0.012
HUERTAS,0.012
KASSANDRA,0.012
MARIA GUILLERMINA,0.012
NILE,0.012
OIANE,0.012
SONIA CARMEN,0.012
VALERIA MARIA,0.012
ABRAR,0.012
BERNABELA,0.012
ISABEL ROSARIO,0.012
JANINA,0.012
MAJDA,0.012
MARIA YASMINA,0.012
NATALI,0.012
OHIANE,0.012
ARANE,0.012
DAYRA,0.012
GLORIA PILAR,0.012
MARTHA LILIANA,0.012
NADIA MARIA,0.012
YUREMA,0.012
ANDREINA,0.012
CARMEN MAR,0.012
GLORIA ESPERANZA,0.012
LUBNA,0.012
MIREN IZASKUN,0.012
NUBIA,0.012
SELENIA,0.012
ALIDA,0.012
ANTONIA BELEN,0.012
FREDESVINDA,0.012
LAURA ALEJANDRA,0.012
ODALYS,0.012
PATRICIA ELENA,0.012
BLANCA PALOMA,0.012
CIRIACA,0.012
MARIEN,0.012
PALOMA ROCIO,0.012
RAZAN,0.012
ANA MAR,0.012
URSULA MARIA,0.012
DOAE,0.012
ODETTE,0.012
AIDE,0.012
BLANCA AMELIA,0.012
MARIA CLEMENTINA,0.012
SOFIA CARMEN,0.012
TRIANA MARIA,0.012
CANDELA MARIA,0.012
CAROLINA CARMEN,0.012
DAENERYS,0.012
ALBA MARINA,0.012
ANA VERONICA,0.012
CINTA ROCIO,0.012
ELISABET MARIA,0.012
ILEANA,0.012
JULIA ROSA,0.012
CARMEN MILAGROS,0.012
ELAINE,0.012
MARIA MODESTA,0.012
MARIA REMEDIO,0.012
NIA,0.012
RITA CARMEN,0.012
SAFIRA,0.012
SIENNA,0.012
ANDREA ESTEFANIA,0.012
ANJANA,0.012
CLEOFE,0.012
ELORA,0.012
GEORGIA,0.012
IKERNE,0.012
TINA,0.012
ANA CRUZ,0.012
ANA EUGENIA,0.012
ANDREA PILAR,0.012
MARIA ENEDINA,0.012
OLIVIA MARIA,0.012
YOLANDA ISABEL,0.012
FATIMA SOHORA,0.012
JOSEFA MANUELA,0.012
NAYALA,0.012
OLGA BEATRIZ,0.012
ZAYNAB,0.012
ANA RUTH,0.012
ARIEL,0.012
ESTELLA,0.012
LUZIA,0.012
SILVIA ISABEL,0.012
ZAKIA,0.012
ANDERE,0.011
CALIXTA,0.011
ELPIDIA,0.011
EULALIA MARIA,0.011
LILIANA PATRICIA,0.011
UBALDINA,0.011
ARAIA,0.011
CYNTIA,0.011
KALA,0.011
YVETTE,0.011
ALEJANDRA ISABEL,0.011
ALEXIA MARIA,0.011
AUDREY,0.011
CINTIA MARIA,0.011
FRUCTUOSA,0.011
MACARENA ROCIO,0.011
ANIANA,0.011
MARGARITA PILAR,0.011
MARTA SUSANA,0.011
NATHALY,0.011
RAJAE,0.011
XELA,0.011
XOANA,0.011
CARMEN FRANCISCA,0.011
DEMELZA,0.011
INES CARMEN,0.011
JUANA MANUELA,0.011
LIDUVINA,0.011
MARIA ERNESTINA,0.011
MOIRA,0.011
NIHAL,0.011
NURIA CARMEN,0.011
OLGA ISABEL,0.011
RAQUEL CARMEN,0.011
REGINA MARIA,0.011
ANA PAOLA,0.011
AURITA,0.011
HEGOA,0.011
JOSEFA ROSARIO,0.011
ORENCIA,0.011
SOFIA VALENTINA,0.011
SOLANGE,0.011
CINDY,0.011
FADWA,0.011
MARINA PILAR,0.011
SILVIA PILAR,0.011
YENNIFER,0.011
ANA EMILIA,0.011
BEATRIZ PILAR,0.011
ELIZABETH MARIA,0.011
LIANA,0.011
MARIA ARGEME,0.011
MARIA BENEDICTA,0.011
MARIA INMACULADA CONCEPCION,0.011
MICHELE,0.011
RUBIELA,0.011
SUKAINA,0.011
CORNELIA,0.011
MARIA JUSTINA,0.011
ROSA AMPARO,0.011
ANA MILAGROS,0.011
CASTORA,0.011
CLARIBEL,0.011
ISABEL MERCEDES,0.011
MARIA ADRIANA,0.011
MARIA DORA,0.011
MARIA MARCELA,0.011
MATXALEN,0.011
RUT MARIA,0.011
AZAHAR,0.011
CORO,0.011
DEOLINDA,0.011
IRADI,0.011
IRENE ISABEL,0.011
ROSA ANTONIA,0.011
ROSA TERESA,0.011
ANA BERTA,0.011
GISELLA,0.011
NATALIA CARMEN,0.011
OLEGARIA,0.011
ANA JOAQUINA,0.011
FATIMA ROSARIO,0.011
FRANCISCA JESUS,0.011
MARIA EDITA,0.011
MARIA PASCUALA,0.011
MARIYA,0.011
NATALIA ANDREA,0.011
HILDA MARIA,0.011
JULE,0.011
MANUELA PILAR,0.011
MARTA INES,0.011
OLGA PATRICIA,0.011
USOA,0.011
WIDAD,0.011
DANIELA CARMEN,0.011
DELMIRA,0.011
LUZ ANGELA,0.011
MAYELIN,0.011
YOHANNA,0.011
ESTEFANY,0.011
MARIA EUFEMIA,0.011
NATALIA ISABEL,0.011
NISAMAR,0.011
SELINA,0.011
SHAMIRA,0.011
SOFIA VICTORIA,0.011
STEFANY,0.011
ELENA BEATRIZ,0.011
LARISSA,0.011
VICTORIA ELENA,0.011
AKANE,0.011
ALICIA PILAR,0.011
GLADYS MARIA,0.011
LONGINA,0.011
MIHAELA,0.011
MYA,0.011
SASHA,0.011
SERVANDA,0.011
SHARAY,0.011
SOHORA,0.011
ADRIANA CAROLINA,0.011
ANA AMELIA,0.011
ANA AURORA,0.011
ANA ELIZABETH,0.011
AURIA,0.011
CATALINA ANA,0.011
FORTUNATA,0.011
KAUTAR,0.011
MAITENA,0.011
OUAFAE,0.011
VICTORIA ALEJANDRA,0.011
ANA GUADALUPE,0.011
CHRISTINA,0.011
LAURA DANIELA,0.011
MARIA ALBINA,0.011
MARIA ELADIA,0.011
MARIA ERIKA,0.011
MARTHA ELENA,0.011
MIRTHA,0.011
NAJOUA,0.011
PAULA ALEJANDRA,0.011
SHARA,0.011
YAJAIRA,0.011
ATANASIA,0.011
CATUXA,0.011
JOSEFINA MARIA,0.011
JUDITH MARIA,0.011
JUSTA MARIA,0.011
KHADDOUJ,0.011
MARIA DIONISIA,0.011
NAARA,0.011
OLYMPIA,0.011
SARA LUCIA,0.011
SARA PILAR,0.011
YOSUNE,0.011
CHARO,0.011
MARIA EDELMIRA,0.011
NADYA,0.011
NOEMI MARIA,0.011
SUSANA CARMEN,0.011
ANNIE,0.010
ARIAN,0.010
EZTIZEN,0.010
JANAT,0.010
JUANA DIOS,0.010
KHAOULA,0.010
MARIA LUZ DIVINA,0.010
REMEDIO,0.010
REMEDIOS MARIA,0.010
SONIA PILAR,0.010
ANTONIA ANGELES,0.010
CARMEN MARGARITA,0.010
CAROLINA ISABEL,0.010
JULIET,0.010
KARIN,0.010
ALISSON,0.010
CELTIA,0.010
FRANCISCA ASIS,0.010
GALIA,0.010
INDIANA,0.010
LUCIA TERESA,0.010
MARIA CLEMENCIA,0.010
NERE,0.010
ONELIA,0.010
PLACERES,0.010
ROSANGELA,0.010
SIOMARA,0.010
EDEN,0.010
EDUVIGES,0.010
JIHANE,0.010
LAURA TERESA,0.010
MAEVA,0.010
REMIGIA,0.010
ROSSANA,0.010
SALETA,0.010
ALEKSANDRA,0.010
ALOMA,0.010
FAIZA,0.010
JANETTE,0.010
MARIA VALME,0.010
ROCIO ISABEL,0.010
SARA ESTHER,0.010
ALEYDA,0.010
ANA REMEDIOS,0.010
ANDREA ALEJANDRA,0.010
CARMEN INMACULADA,0.010
EDA,0.010
FATUMATA,0.010
FRANCISCA ANA,0.010
IXEYA,0.010
LAMIAE,0.010
LEIZE,0.010
MARIA JOANA,0.010
MARUXA,0.010
AMALUR,0.010
ASELA,0.010
CARMEN ANA,0.010
CRISTINA ROCIO,0.010
GUADALUPE MARIA,0.010
KATYA,0.010
LAURA MERCEDES,0.010
LUDMILA,0.010
MARIA LLUC,0.010
MARIA LURDES,0.010
MARIA VALERIA,0.010
MAY,0.010
MONICA ESTHER,0.010
ALICIA BEATRIZ,0.010
ALLISON,0.010
ARACELY,0.010
CATALINA ISABEL,0.010
CELERINA,0.010
ELISABETE,0.010
MARIA JERUSALEN,0.010
MERTXE,0.010
NAYRA MARIA,0.010
NOHAILA,0.010
SIA,0.010
SUSANA PILAR,0.010
YRAYA,0.010
ANA CLAUDIA,0.010
ANTONIA LUISA,0.010
INNA,0.010
MAI,0.010
MARIA IRMA,0.010
RAYHANA,0.010
HODA,0.010
MANUELA ISABEL,0.010
MARGARET,0.010
NAYAT,0.010
SCARLETT,0.010
ANA OLGA,0.010
CARMEN ANTONIA,0.010
CRISTETA,0.010
ELINA,0.010
LILY,0.010
MARIA BIENVENIDA,0.010
MONICA ELIZABETH,0.010
NAJIA,0.010
PRADO,0.010
SEREZADE,0.010
YAQUELIN,0.010
ALENA,0.010
ANEU,0.010
DOLORES ROCIO,0.010
DULCINEA,0.010
ELEONOR,0.010
ESTILITA,0.010
EXPECTACION,0.010
MARIA EMERITA,0.010
SOFIA ALEJANDRA,0.010
ANOUK,0.010
CHRISTINE,0.010
GONZALA,0.010
NAZARIA,0.010
SARA ELENA,0.010
VERONICA ALEXANDRA,0.010
AILA,0.010
ANA IRENE,0.010
ARAI,0.010
BELLA MARIA,0.010
MARIA GENEROSA,0.010
MARTA EUGENIA,0.010
MIREN IGONE,0.010
ONINTZE,0.010
ROSA ANGELA,0.010
ASIL,0.010
AUREA MARIA,0.010
HAIZENE,0.010
INMACULADA CARMEN,0.010
LIDIA ISABEL,0.010
XARE,0.010
ZULMA,0.010
ANDREA VICTORIA,0.010
ANGELES CARMEN,0.010
ANTONIA FRANCISCA,0.010
BLANCA INES,0.010
CRISTINA EUGENIA,0.010
LOLI,0.010
MACARIA,0.010
MARIA SARAY,0.010
NASSIRA,0.010
NEREA CARMEN,0.010
YEDRA,0.010
ANTONIA ROCIO,0.010
DOMINIQUE,0.010
IOANA,0.010
JENIFER MARIA,0.010
JIHAN,0.010
LAURA VALENTINA,0.010
NADIN,0.010
NURA,0.010
PALMA,0.010
PATRICIA ELIZABETH,0.010
ESTITXU,0.010
LINAREJOS,0.010
MARIA APARECIDA,0.010
MARIA PAU,0.010
PAULA VICTORIA,0.010
SANDRA LORENA,0.010
AURORA CARMEN,0.010
CARMEN RAQUEL,0.010
CARMEN REYES,0.010
INDALECIA,0.010
ITHAISA,0.010
LIZETH,0.010
LUCIA VICTORIA,0.010
LUISA CARMEN,0.010
MAIMOUNA,0.010
MARIA JACQUELINE,0.010
SHAYLA,0.010
ANA BLANCA,0.010
FACUNDA,0.010
GHITA,0.010
GOTZONE,0.010
GRACIELA MARIA,0.010
JULIA PILAR,0.010
MARIA CUSTODIA,0.010
PAQUI,0.010
RKIA,0.010
ROSARIO ANA,0.010
SARA VICTORIA,0.010
YAZMIN,0.010
YOLANDA CARMEN,0.010
AILEEN,0.010
AMARANTA,0.010
JUANA LUISA,0.010
MANUELA ROCIO,0.010
MARIA FAUSTINA,0.010
MARIA ORETO,0.010
MIRNA,0.010
NURIA PILAR,0.010
ANA AMPARO,0.009
CARMEN MANUELA,0.009
IVONE,0.009
MAIER,0.009
MARIA OLALLA,0.009
MONICA ALEJANDRA,0.009
NEZHA,0.009
RUPERTA,0.009
SAKINA,0.009
SILVIA ELENA,0.009
THELMA,0.009
YURENA MARIA,0.009
BADIA,0.009
BLANCA AZUCENA,0.009
CONCEPCION CARMEN,0.009
CRISPINA,0.009
DEISY,0.009
FERDAOUS,0.009
ISOLDA,0.009
KENDRA,0.009
MIREN LOREA,0.009
ROCIO MACARENA,0.009
TAYRI,0.009
VICTORIA PILAR,0.009
CARMEN SOLEDAD,0.009
DAVINIA MARIA,0.009
EVA LUCIA,0.009
KATIXA,0.009
MARIA GEORGINA,0.009
NIOBE,0.009
RUTH ESTHER,0.009
SAMAR,0.009
DAURA,0.009
ELICIA,0.009
EUTIQUIA,0.009
JORDANA,0.009
KAROLINA,0.009
KAUZAR,0.009
LAURA ROCIO,0.009
MARIA EVELIA,0.009
POLONIA,0.009
SAMAY,0.009
SUMAYA,0.009
YASHIRA,0.009
ALEXANDRA ELIZABETH,0.009
ANTONIA TERESA,0.009
ASCENSION MARIA,0.009
BELKIS,0.009
CANDIDA MARIA,0.009
ELEONORA,0.009
GOIZALDE,0.009
IREA,0.009
JIMENA MARIA,0.009
MARIA ZAIDA,0.009
PAULA SOFIA,0.009
RADIA,0.009
SALUD MARIA,0.009
SAMPEDRO,0.009
VERONICA ELIZABETH,0.009
VIOLETA MARIA,0.009
WAFAE,0.009
AMANE,0.009
ANA CARLOTA,0.009
CARMEN FATIMA,0.009
CLAIRE,0.009
CORPUS,0.009
FRANCISCA ANGELES,0.009
GISELA MARIA,0.009
IRENE PILAR,0.009
JOSEFA CONCEPCION,0.009
LAURA ROSA,0.009
MARIA FRANCESCA,0.009
MINIA,0.009
MIREN ALAZNE,0.009
SONIA PATRICIA,0.009
VERONICA ISABEL,0.009
ANI,0.009
ARWEN,0.009
EMILIA CARMEN,0.009
MARIA YAIZA,0.009
MARTA BELEN,0.009
SALSABIL,0.009
YANA,0.009
YUDITH,0.009
BAHIJA,0.009
BRIANDA,0.009
EUTIMIA,0.009
ISABEL MARGARITA,0.009
MARIA NORMA,0.009
MIREN AINTZANE,0.009
SONIA BEATRIZ,0.009
YANELY,0.009
ANDREA CRISTINA,0.009
BLANCA CECILIA,0.009
GIOVANA,0.009
JULIANA MARIA,0.009
LAYA,0.009
MARIA PENELOPE,0.009
MARIA SETEFILLA,0.009
NOARA,0.009
RANDA,0.009
SIRIN,0.009
YURENA CARMEN,0.009
ANA CONSUELO,0.009
GIANNA,0.009
JULIA ESTHER,0.009
LUZ ANGELICA,0.009
MARIA NEREIDA,0.009
MAYRA ALEXANDRA,0.009
MILAGROS MARIA,0.009
SILVIA ESTHER,0.009
AGUSTINA MARIA,0.009
ANA ADELA,0.009
ANA ALEJANDRA,0.009
ANA NIEVES,0.009
ANDRESA,0.009
ANGELA ROSA,0.009
CARLA ISABEL,0.009
CARMEN INES,0.009
IBTISAM,0.009
MARCELIANA,0.009
MARIA CARMEN PILAR,0.009
MARIA YESICA,0.009
PIEDAD MARIA,0.009
ROSA FRANCISCA,0.009
ROSA JULIA,0.009
ROSA LAURA,0.009
SANTAS,0.009
STELA,0.009
VAITIARE,0.009
AIZPEA,0.009
ALBA ISABEL,0.009
BLANCA AURORA,0.009
CARMEN RITA,0.009
EROLA,0.009
JESSICA ALEXANDRA,0.009
JOAQUINA MARIA,0.009
JOSEFA ENCARNACION,0.009
JOSEFA MERCEDES,0.009
MARIA URSULA,0.009
ROCIO ALBA,0.009
ROSA CRISTINA,0.009
ROSABEL,0.009
SABRINE,0.009
SUA,0.009
ZENEIDA,0.009
AIA,0.009
INASS,0.009
JULIA TERESA,0.009
LUZ CARMEN,0.009
LYUDMYLA,0.009
MAHA,0.009
MARIA JUDIT,0.009
MARIA REINA,0.009
MARTA CECILIA,0.009
MARTA ROCIO,0.009
MIA VALENTINA,0.009
ANGELA ROCIO,0.009
AUBA,0.009
AYESHA,0.009
BRENDA MARIA,0.009
CLAUDIA BEATRIZ,0.009
MARIA ERUNDINA,0.009
MARIA LUCIANA,0.009
MARIANNE,0.009
NADINA,0.009
RHIMOU,0.009
TORIBIA,0.009
ALBA LUZ,0.009
ANGELA PILAR,0.009
ATIKA,0.009
CARLA PATRICIA,0.009
ESPERANZA ROCIO,0.009
EVA ROSA,0.009
JENNY ELIZABETH,0.009
MAIRA ALEJANDRA,0.009
MAIRENA,0.009
MARIA AUGUSTA,0.009
PILAR ANGELES,0.009
RAWAN,0.009
VIDA,0.009
YOSELIN,0.009
CLARA ROSA,0.009
ESCARLATA,0.009
IHINTZA,0.009
IUNE,0.009
MARIA GISELA,0.009
MONICA ROCIO,0.009
PATRICIA ALEXANDRA,0.009
PAULA PILAR,0.009
YAIMA,0.009
YSABEL,0.009
ADAYA,0.009
AISA,0.009
BRISA,0.009
CARMEN EMILIA,0.009
DESSIRE,0.009
GEMA CARMEN,0.009
MARCELA ALEJANDRA,0.009
MARIA BIBIANA,0.009
ROSA BEATRIZ,0.009
SORKUNDE,0.009
CARMEN SUSANA,0.009
CRISTEL,0.009
ESTRELLA CARMEN,0.009
JENNIFFER,0.009
KORO,0.009
LOURDES CARMEN,0.009
LUCINA,0.009
MARIA BENILDE,0.009
MARIA COROMOTO,0.009
MARIA ESPINO,0.009
MONSERRATE,0.009
SARA PATRICIA,0.009
ABIR,0.009
ANTONIETA,0.009
CLARA LUZ,0.009
DEBORA MARIA,0.009
ELVIA,0.009
EVERILDA,0.009
ISABEL EUGENIA,0.009
KATERINE,0.009
MARIA CAPILLA,0.009
MARIA CORPUS,0.009
MARIA IMELDA,0.009
MARYEM,0.009
ROSITA,0.009
WARDA,0.009
YUDIT,0.009
ARMONIA,0.009
CALA,0.009
GOIURI,0.009
ISABEL JOSEFA,0.009
JESSICA PAOLA,0.009
LORENA ISABEL,0.009
LUTGARDA,0.009
MARIA SEBASTIANA,0.009
MARIA YSABEL,0.009
MARTINA MARIA,0.009
OXANA,0.009
SARA CRISTINA,0.009
SOFIA ELENA,0.009
VERENA,0.009
WAFA,0.009
ANDREA VALENTINA,0.009
ANJARA,0.009
ARELIS,0.009
BELA,0.009
DONATA,0.009
ERNESTA,0.009
LEIDY JOHANNA,0.009
LIUDMILA,0.009
MARIA AMAIA,0.009
MARIA EDUVIGIS,0.009
MARIA IRIS,0.009
PILAR ISABEL,0.009
STEPHANY,0.009
VERA LUCIA,0.009
ANA MAGDALENA,0.009
DAILA,0.009
DANIELLE,0.009
EXPIRACION,0.009
GERARDA,0.009
LIDIA CARMEN,0.009
MARIA MELANIA,0.009
MARIA REPOSO,0.009
RIHANNA,0.009
ADRIANA ISABEL,0.008
ANYA,0.008
KAMAR,0.008
LAURA VANESSA,0.008
MARIA JULIETA,0.008
MARIA ROSAURA,0.008
MONTSERRAT MARIA,0.008
NATIVIDAD MARIA,0.008
RODAINA,0.008
SARA BEATRIZ,0.008
ADA MARIA,0.008
ALYSON,0.008
ANA JUANA,0.008
ASSIL,0.008
CARMEN GEMA,0.008
FADILA,0.008
ISABEL FRANCISCA,0.008
MAE,0.008
MARTA PATRICIA,0.008
PRISCILLA,0.008
ANA MARIA ISABEL,0.008
BRISEIDA,0.008
CARMEN LORENA,0.008
CHAYMA,0.008
DORITA,0.008
FELICITACION,0.008
GEMA PILAR,0.008
IBALLA,0.008
IERA,0.008
JOCELYN,0.008
JULIA ELENA,0.008
LAURA ANDREA,0.008
MANUELA JOSEFA,0.008
MARIA LLUCH,0.008
AMBER,0.008
CONCESA,0.008
ERICA MARIA,0.008
JOSEFA INES,0.008
JOSEFA VICENTA,0.008
MARIA ARA,0.008
MARIA MARLENE,0.008
MARIA ROGELIA,0.008
MARUA,0.008
XANTAL,0.008
YUNE,0.008
AURA MARIA,0.008
BINTA,0.008
CARMEN ESPERANZA,0.008
CARMEN SOFIA,0.008
ELENA PATRICIA,0.008
GASPARA,0.008
GRIMANESA,0.008
LEYRE MARIA,0.008
MANUELA JESUS,0.008
MARIA ANGELITA,0.008
MARIA LINAREJOS,0.008
MARILIN,0.008
MIKELE,0.008
MIQUELA,0.008
MONICA ANDREA,0.008
PATRICIA CAROLINA,0.008
ADAMA,0.008
AGUASANTA,0.008
CECILIA CARMEN,0.008
CYNTHIA MARIA,0.008
ENEA,0.008
GALINA,0.008
GLORIA MERCEDES,0.008
LUCIA BELEN,0.008
MARIA AMABLE,0.008
ROCIO CINTA,0.008
SCHEREZADE,0.008
SEVERA,0.008
TERESA DOLORES,0.008
ZOUBIDA,0.008
ANDREA ELIZABETH,0.008
CARMEN JOSE,0.008
GISEL,0.008
GRECIA,0.008
JAZMINA,0.008
KEYRA,0.008
MARIA ISIDRA,0.008
MARJORIE,0.008
ROMAYSA,0.008
RUTH ELIZABETH,0.008
SOFIA PILAR,0.008
TEODOMIRA,0.008
YAMNA,0.008
CONCEPCION PILAR,0.008
DIGNA MARIA,0.008
HONORIA,0.008
JOHANNA ELIZABETH,0.008
MARIA NICOLASA,0.008
RAMIRA,0.008
RODAYNA,0.008
SEHILA,0.008
VALENTINA MARIA,0.008
AIRA,0.008
FAMARA,0.008
MARIA FELICIA,0.008
MARIA JERONIMA,0.008
MARIA NARCISA,0.008
RENEE,0.008
ADRIANA CARMEN,0.008
AMAYA MARIA,0.008
CANDELARIA MARIA,0.008
CARMEN AURORA,0.008
ELISA CARMEN,0.008
ERKUDEN,0.008
ERLINDA,0.008
GIULIANA,0.008
IDA,0.008
INMACULADA ROCIO,0.008
JOSEFA ROCIO,0.008
MANUELA DOLORES,0.008
MIREN IRUNE,0.008
TERESA ANGELES,0.008
ANGELA CRISTINA,0.008
ANUSKA,0.008
CANDIDA ROSA,0.008
CARLA ANDREA,0.008
CARMEN NURIA,0.008
CARMEN VANESA,0.008
CLAUDIA LILIANA,0.008
CRISTINA TERESA,0.008
DAMASA,0.008
ELBA MARIA,0.008
EVA MARINA,0.008
LUCERO,0.008
PAULA LUCIA,0.008
ANA LETICIA,0.008
CARMEN IRENE,0.008
CRISTAL,0.008
CRISTIANE,0.008
LETICIA CARMEN,0.008
MARIA LILIA,0.008
MARTA VICTORIA,0.008
MARTHA PATRICIA,0.008
MERCEDES ISABEL,0.008
NILA,0.008
NINFA,0.008
NURI,0.008
PASTORA MARIA,0.008
SARA BELEN,0.008
SONIA BELEN,0.008
ANA LEONOR,0.008
BERNADETTE,0.008
DOLORES ANGELES,0.008
IDALIA,0.008
JUANA BELEN,0.008
LAURA MARCELA,0.008
LEOPOLDINA,0.008
ROSARIO ANGELES,0.008
SUSAGNA,0.008
ZULEYMA,0.008
AFRA,0.008
ANA FE,0.008
ANASTASIYA,0.008
CELIA CARMEN,0.008
ESTIVALIZ,0.008
HALA,0.008
HERMINIA MARIA,0.008
JUANA VICTORIA,0.008
MARIA BLASA,0.008
MARIA GUACIMARA,0.008
MARIA OLAYA,0.008
MARIANNA,0.008
MIREN BAKARNE,0.008
ONEKA,0.008
ROCIO ANGELES,0.008
SAINZA,0.008
SOFIA BELEN,0.008
TESSA,0.008
VALERIA CARMEN,0.008
ADORACION REYES,0.008
ANACLETA,0.008
ARACELIS,0.008
CLEO,0.008
FIDELIA,0.008
INARA,0.008
INAYA,0.008
LAMYAE,0.008
LEIRE MARIA,0.008
MARIA SILVINA,0.008
MARIANGEL,0.008
MONICA RAQUEL,0.008
NIRVANA,0.008
RAMONA MARIA,0.008
SHANDRA,0.008
ANDREA PAOLA,0.008
CLARA ELENA,0.008
DAHIANA,0.008
FRANCISCA JOSE,0.008
JUNO,0.008
LAURA INES,0.008
LESLIE,0.008
LUISA PILAR,0.008
MARIA CONSOL,0.008
MARIA NAZARETH,0.008
MARIA NOEL,0.008
MARIA SERAFINA,0.008
MARTHA MARIA,0.008
ROSA LIMA,0.008
YESSICA MARIA,0.008
YUNA,0.008
ANABELA,0.008
CARMEN EUGENIA,0.008
CARMENZA,0.008
CAROLINA ANDREA,0.008
JUANA JESUS,0.008
JULIA VICTORIA,0.008
LAIENE,0.008
MARIA EULOGIA,0.008
MERCHE,0.008
SANDRA CARMEN,0.008
VERONICA ROCIO,0.008
VITORIA,0.008
ANA FELISA,0.008
DOLORES JOSEFA,0.008
ELISABETH MARIA,0.008
EVA DOLORES,0.008
FRANCISCA ROSARIO,0.008
GENTZANE,0.008
LUZMILA,0.008
MARIA ERICA,0.008
MARIA PEREGRINA,0.008
MARIA ROBLEDO,0.008
MARIA ROSANA,0.008
NURIA BELEN,0.008
ODALIS,0.008
PINO MARIA,0.008
ROSA MATILDE,0.008
SONIA ELIZABETH,0.008
ANA MONTSERRAT,0.008
ANGELA VICTORIA,0.008
ANGELES PILAR,0.008
ARGELINA,0.008
CLAUDIA CARMEN,0.008
CLAUDIA CRISTINA,0.008
ESTRELLA MAR,0.008
FOIX,0.008
FRANCISCA ROCIO,0.008
GEMA ROCIO,0.008
JANIS,0.008
LISANDRA,0.008
MARIA JOVITA,0.008
MARIA VICTORINA,0.008
MIREN JOSEBE,0.008
ODILE,0.008
VALERIA ALEJANDRA,0.008
YAISA,0.008
ADAIA,0.008
ARMANDA,0.008
CARMEN ELVIRA,0.008
DIANA CRISTINA,0.008
DIANA PAOLA,0.008
EMILIA ISABEL,0.008
GLORIA BEATRIZ,0.008
JESUS MARIA,0.008
KATERYNA,0.008
LUCIA ANGELES,0.008
MAGDALENA MARIA,0.008
MARIA ANITA,0.008
MARIA CISNE,0.008
ORNELLA,0.008
ROEYA,0.008
ALEJANDRA CARMEN,0.008
CARMEN SONIA,0.008
CHAYMAA,0.008
GAROA,0.008
IDARA,0.008
ISABEL LUCIA,0.008
KAMILA,0.008
LIDIA ROSA,0.008
MARIA CARLA,0.008
RITA ISABEL,0.008
SANDRA CRISTINA,0.008
VANESSA CAROLINA,0.008
ZULAY,0.008
ABBY,0.007
CAMILA ALEJANDRA,0.007
CARMEN AMPARO,0.007
CRISTALINA,0.007
DELICIA,0.007
JULIE,0.007
MARIA CORINA,0.007
MARIA DUNIA,0.007
ROSA INMACULADA,0.007
SOMAYA,0.007
VIKTORIYA,0.007
XEILA,0.007
YANELA,0.007
ANA ENCARNACION,0.007
LAURA CAMILA,0.007
MARIA CARMELA,0.007
MARIA CAYETANA,0.007
MARIA LYDIA,0.007
MILAGROS CARMEN,0.007
MIREN SORKUNDE,0.007
NICOLETA,0.007
PURIFICACION MARIA,0.007
SERAPIA,0.007
SONIA CRISTINA,0.007
YASSMINE,0.007
AMPARO PILAR,0.007
ANTONIA ANA,0.007
DANIELA ALEXANDRA,0.007
DOLORES CONCEPCION,0.007
ELENA ROCIO,0.007
JENNY ALEXANDRA,0.007
JERUSALEN,0.007
JUANA ROSARIO,0.007
KAWTHAR,0.007
MARIA EDURNE,0.007
MARIA GINESA,0.007
MARTA ESTHER,0.007
NOA MARIA,0.007
PAOLA ALEJANDRA,0.007
SILA,0.007
WAFAA,0.007
ALLA,0.007
AURORA PILAR,0.007
DIANA LORENA,0.007
ESTEBANA,0.007
GRACIANA,0.007
JAQUELIN,0.007
KATRINA,0.007
KYRA,0.007
MARIA LEYRE,0.007
MARIA PRECIOSA,0.007
RAJAA,0.007
ROSA MARTA,0.007
SIARA,0.007
SILVIA TERESA,0.007
ADRIANNA,0.007
AURELIA MARIA,0.007
AVA,0.007
AZUL,0.007
CINTYA,0.007
CORAL MARIA,0.007
DIANDRA,0.007
EIMY,0.007
FARNERS,0.007
GOIATZ,0.007
GRETEL,0.007
IRAITZ,0.007
LAURA CAROLINA,0.007
MARIA CINTIA,0.007
MARIA VINYET,0.007
MARIA XIMENA,0.007
OUIAM,0.007
WASSIMA,0.007
ACACIA,0.007
ALOIA,0.007
ALONDRA,0.007
ASHA,0.007
CRISTINA MERCEDES,0.007
IRENA,0.007
JUANA MERCEDES,0.007
KHADY,0.007
NAIHARA,0.007
REGLA MARIA,0.007
RUBY,0.007
TECLA,0.007
VALVANUZ,0.007
YOLANDA PILAR,0.007
ADONINA,0.007
ALBA CRISTINA,0.007
ALICIA CRISTINA,0.007
ALVARINA,0.007
CLAUDIA ELENA,0.007
DENIS,0.007
EMETERIA,0.007
GAUDENCIA,0.007
JESSICA CARMEN,0.007
KATRIN,0.007
MARIA ANASTASIA,0.007
MARIA MONTIEL,0.007
MARIA SALADINA,0.007
NATALIA SOLEDAD,0.007
ROMAISSA,0.007
ROSA ALBA,0.007
TIMOTEA,0.007
VEGA MARIA,0.007
BLANCA LUZ,0.007
CRISTINA ALEJANDRA,0.007
ELIECER,0.007
ERHIMO,0.007
JUDIT MARIA,0.007
KARINA ELIZABETH,0.007
LISSETTE,0.007
LUCIA MAR,0.007
MARIA CANTO,0.007
MARIA CLAUSTRE,0.007
MONTIEL,0.007
PATRICIA ROCIO,0.007
ROSA LIDIA,0.007
TABATA,0.007
YADHIRA,0.007
ZORIONE,0.007
AURORA ISABEL,0.007
BARTOLINA,0.007
DONATILA,0.007
HERMESINDA,0.007
IVON,0.007
JOSEFA JESUS,0.007
MARIA APOLONIA,0.007
MILOUDA,0.007
NATALIA PILAR,0.007
OLGA MARINA,0.007
TERESA ROSARIO,0.007
VERONICA PATRICIA,0.007
ALANNA,0.007
ALISA,0.007
CATALINA CARMEN,0.007
ELIONOR,0.007
FRANCISCA VICTORIA,0.007
GALILEA,0.007
ISORA,0.007
KHOLOUD,0.007
LIZBETH,0.007
MAME DIARRA,0.007
MARIA ASTRID,0.007
MERCEDES ROCIO,0.007
MIREN ARANTXA,0.007
NIRMIN,0.007
VERONIKA,0.007
YAIRA,0.007
YANINA,0.007
ANA PAZ,0.007
ANGELA LUCIA,0.007
CARMELITA,0.007
ELENA TERESA,0.007
EVA ANGELINA,0.007
FRANCIA ELENA,0.007
GOIZEDER,0.007
JUANA ROCIO,0.007
MARIA ALCIRA,0.007
MARIA ILDA,0.007
MARIA SEGUNDA,0.007
MARIA SIRA,0.007
MARINA MARIA,0.007
OCTAVIA,0.007
PATRICIA BEATRIZ,0.007
ROSA AMALIA,0.007
VARINIA,0.007
VIRGINIA CARMEN,0.007
WANDA,0.007
YARISA,0.007
ZULEICA,0.007
ANA SONIA,0.007
ANNE MARIE,0.007
CARLA SOFIA,0.007
CARMEN ENCARNACION,0.007
DENISA,0.007
ELISABEHT,0.007
GABRIELA ALEXANDRA,0.007
JADIYA,0.007
JUNA,0.007
MARTA INMACULADA,0.007
MORAIMA,0.007
ANA ESTER,0.007
ARGIA,0.007
CAMILA ANDREA,0.007
EMPERATRIZ,0.007
ESTEFANIA CARMEN,0.007
GRACIA PATRICIA,0.007
HEURA,0.007
JOY,0.007
LAURA LUCIA,0.007
MARIA DOSINDA,0.007
MARIA EMILIANA,0.007
NURIA MONTSERRAT,0.007
RUTH NOEMI,0.007
VERONICA PILAR,0.007
VIVIANE,0.007
AMANI,0.007
ANA ABEL,0.007
ANTONIA ROSARIO,0.007
BINTOU,0.007
BLANCA DELIA,0.007
CAROLINA PILAR,0.007
DANIELA CAROLINA,0.007
JUANA CRUZ,0.007
JUANA MARGARITA,0.007
LAURINDA,0.007
LUISA ANTONIA,0.007
MARIA ALBERTA,0.007
MARIA PLACERES,0.007
MARINA VICTORIA,0.007
MAYSA,0.007
MEGHAN,0.007
NARYIS,0.007
OLGA CRISTINA,0.007
ROSA IRENE,0.007
SAHARA,0.007
ZIHARA,0.007
ANA MIRIAM,0.007
BIDANE,0.007
FAOUZIA,0.007
FRANCISCA MERCEDES,0.007
GLORIA ELIZABETH,0.007
IBANA,0.007
JENNY PATRICIA,0.007
JINAN,0.007
JOANA AINA,0.007
LIAH,0.007
MARIA EDITH,0.007
MARIA SALOBRAR,0.007
MARIA VENTURA,0.007
MARIA YANIRA,0.007
MARYNA,0.007
SOTERA,0.007
UMAIMA,0.007
VERONICA ANDREA,0.007
VIOLETTA,0.007
BERNABEA,0.007
CATIA,0.007
CRISTINA BELEN,0.007
DIANA ALEXANDRA,0.007
HAYAR,0.007
ISABEL CONCEPCION,0.007
IZARNE,0.007
JOSEFA AMPARO,0.007
JOSEPHINE,0.007
LUZ ALBA,0.007
LUZ ESTELLA,0.007
MAGDALENA SOFIA,0.007
MARIA GRISELDA,0.007
MARIA SANTA,0.007
MIREN MIRARI,0.007
SENDA,0.007
AIZEA,0.007
ALBA PILAR,0.007
ANA ARACELI,0.007
ANA KAREN,0.007
DAMARI,0.007
EMMA ROSA,0.007
ESTEFANI,0.007
ISRA,0.007
JANINE,0.007
JULIA MERCEDES,0.007
LARA ISABEL,0.007
LEIDY JOHANA,0.007
MARIA LEOCADIA,0.007
MIREN ELIXABETE,0.007
MONICA CRISTINA,0.007
MONIQUE,0.007
NORA MARIA,0.007
ROSA VIRGINIA,0.007
AMPARO ISABEL,0.007
ANA FATIMA,0.007
ANDREA VERONICA,0.007
AYALA,0.007
BAKARNE,0.007
BLANCA PILAR,0.007
CORAYMA,0.007
CRISTINA ANGELES,0.007
DEIENE,0.007
ELENA MERCEDES,0.007
LEONIDA,0.007
MARIA ABEL,0.007
MARIA ALCOR,0.007
MARIA BASILISA,0.007
MARIA CLAUDINA,0.007
MARIE,0.007
MAXIMIANA,0.007
MERYAM,0.007
OHIANA,0.007
PRISCA,0.007
RAQUEL PILAR,0.007
ROSA ESPERANZA,0.007
SARA SOFIA,0.007
ALBA ROSA,0.007
BLASINA,0.007
CARMEN ELIZABETH,0.007
DIANA LUCIA,0.007
DOLORES ENCARNACION,0.007
DOLORES ROSARIO,0.007
EMA,0.007
FRANCISCA LUISA,0.007
JEMIMA,0.007
LUCIA MERCEDES,0.007
MARGA,0.007
NASIRA,0.007
OUARDA,0.007
PEDRONA,0.007
ACORAIDA,0.007
ALDA,0.007
ANA MARIA ANGELES,0.007
AUDELINA,0.007
BANESA,0.007
CARMEN NOELIA,0.007
IHSAN,0.007
ILONA,0.007
KARLA PATRICIA,0.007
LILIANE,0.007
MAHJOUBA,0.007
MARIA PROVIDENCIA,0.007
MARIA SATURNINA,0.007
MARIFE,0.007
MARILIA,0.007
MARTHA ELIZABETH,0.007
MELIDA,0.007
ORETO,0.007
ORLANDA,0.007
PAULA ROCIO,0.007
YULISA,0.007
ADELAIDA MARIA,0.007
ADRIANA ELIZABETH,0.007
ANA TRINIDAD,0.007
ARTEMIA,0.007
CRISTINA DOLORES,0.007
EMELY,0.007
EVA VICTORIA,0.007
EVELYNE,0.007
FIDENCIA,0.007
HONORATA,0.007
IDANIA,0.007
JOSEFA ANA,0.007
LAURA VANESA,0.007
LEIDY,0.007
MARIA ARGELIA,0.007
MARIA BLANCA NIEVES,0.007
MARIA DALIA,0.007
MARIA LIBRADA,0.007
MARILU,0.007
OLGA ESTHER,0.007
SOLEDAD CARMEN,0.007
SONIA RAQUEL,0.007
AIDEE,0.007
BEATRIZ TERESA,0.007
CARMEN CONSUELO,0.007
ESTEFANIA MARIA,0.007
INDIARA,0.007
JULIETTA,0.007
MARIA FIDELA,0.007
MARIA PRUDENCIA,0.007
MIMOUNA,0.007
MIRIAM ISABEL,0.007
NOEMY,0.007
ROCIO VALLE,0.007
ZOULIKHA,0.007
AILIN,0.006
ANTONIA MERCEDES,0.006
BETLEM,0.006
ENAR,0.006
EVA ANGELES,0.006
EXPEDITA,0.006
FRANCISCA BELEN,0.006
IDAIRA MARIA,0.006
ISABELLE,0.006
KATHERIN,0.006
MIGDALIA,0.006
NORMA ELIZABETH,0.006
ROCIO INMACULADA,0.006
ROSEMARY,0.006
VANESSA CARMEN,0.006
YAIZA CARMEN,0.006
AINHOA CARMEN,0.006
ANA VALENTINA,0.006
ANDREIA,0.006
BATIRTZE,0.006
CONSUELO PILAR,0.006
DEYSI,0.006
EVA ROCIO,0.006
GHIZLAN,0.006
IVANKA,0.006
JUANA ANGELES,0.006
LILI,0.006
LIZ,0.006
LUPE,0.006
MARIA JENIFER,0.006
NARJIS,0.006
NORMA MARIA,0.006
PUREZA,0.006
ROSA ENCARNACION,0.006
ROSA JOSEFA,0.006
SHAMARA,0.006
SILVIA SUSANA,0.006
YOHARA,0.006
ADELE,0.006
ADRIANA LUCIA,0.006
BENICIA,0.006
CELSA MARIA,0.006
DAYANNA,0.006
DORA MARIA,0.006
GLORIA CECILIA,0.006
LUCIA ROSARIO,0.006
MAISA,0.006
MARIANA ISABEL,0.006
NEYLA,0.006
PATRICIA CRISTINA,0.006
PATRICIA TERESA,0.006
SUCESO,0.006
AMALIA ISABEL,0.006
ANTONIA JOSE,0.006
ANYELINA,0.006
CARLA ALEJANDRA,0.006
DOLORES FRANCISCA,0.006
ENCARNACION ISABEL,0.006
ESPERANZA CARMEN,0.006
FABIOLA MARIA,0.006
HAFSSA,0.006
ISABEL BEATRIZ,0.006
JANICE,0.006
JULIA CRISTINA,0.006
LEOVIGILDA,0.006
MARTHA BEATRIZ,0.006
MIRIAM PILAR,0.006
NAZARET MARIA,0.006
RIMA,0.006
SARA ELIZABETH,0.006
SORAIDA,0.006
TAMARA ISABEL,0.006
VICTORIA SOFIA,0.006
ANA MARY,0.006
ARANZAZU MARIA,0.006
ASIYA,0.006
BLANCA ROCIO,0.006
CARMEN VERONICA,0.006
CELIA ISABEL,0.006
CRISTINA ELIZABETH,0.006
DAHLIA,0.006
DELIOMA,0.006
ENA,0.006
EVA RAQUEL,0.006
GABRIELA ELIZABETH,0.006
GLENDA,0.006
HADDA,0.006
HASNAA,0.006
LAIRA,0.006
MANUELA ANGELES,0.006
MARIA AMANDA,0.006
MARIA HERMITAS,0.006
MARIA LUDIVINA,0.006
MARIA MARTIRIO,0.006
MIREN ITSASO,0.006
NAYARA MARIA,0.006
OSKIA,0.006
ROSA ALICIA,0.006
ROSA MILAGROS,0.006
ROSARIO DOLORES,0.006
SILVIA RAQUEL,0.006
VICENTA ISABEL,0.006
AIZA,0.006
AMPARO CARMEN,0.006
CLAUDIA CAROLINA,0.006
EMILIA PILAR,0.006
FRANCISCA ELENA,0.006
JOSEFA ASUNCION,0.006
LIV,0.006
MARIA HERMELINDA,0.006
MARICARMEN,0.006
NAJLAE,0.006
NANCY ELIZABETH,0.006
NOELIA PILAR,0.006
PAULA TERESA,0.006
ROSA LUCIA,0.006
VERONICA ALEJANDRA,0.006
VICTORIA VALENTINA,0.006
VIOLANT,0.006
YANIRA MARIA,0.006
YOANNA,0.006
ANA AMALIA,0.006
ANDREA FABIANA,0.006
CHADIA,0.006
CIELO,0.006
DONIA,0.006
ELEA,0.006
KESIA,0.006
KYARA,0.006
LAURA BELEN,0.006
LISETTE,0.006
LOLA MARIA,0.006
MARIA GLADIS,0.006
MARIA PASION,0.006
MARITZA ELIZABETH,0.006
MARTA ALICIA,0.006
MIREN LOURDES,0.006
REPOSO,0.006
REYES MARIA,0.006
ROSA ADELA,0.006
ROSA ELIZABETH,0.006
SAYOA,0.006
YAHAIRA,0.006
YASSMINA,0.006
ADELA CARMEN,0.006
ALESANDRA,0.006
ANDREA PATRICIA,0.006
AOUATIF,0.006
BLANCA MARGARITA,0.006
CARMEN GUADALUPE,0.006
CASTA,0.006
CECILIA ISABEL,0.006
DOLORES ROSA,0.006
DOLORES TERESA,0.006
EDILIA,0.006
ELENA MARGARITA,0.006
EVA TERESA,0.006
IHSSAN,0.006
ISABEL ELENA,0.006
KYLIE,0.006
MARIA GORETI,0.006
NADIRA,0.006
NIT,0.006
NOELIA ISABEL,0.006
OLGA PILAR,0.006
PURIFICACIO,0.006
ROSA VICENTA,0.006
AIURI,0.006
ANGELA TERESA,0.006
EUSTASIA,0.006
GLORIA ANGELES,0.006
ISABEL PATRICIA,0.006
JOSEFA LUCIA,0.006
LUCIA ESTHER,0.006
LUISA MERCEDES,0.006
MANOLA,0.006
MARIA CLARISA,0.006
NADIYA,0.006
ODILA,0.006
PILAR ROSARIO,0.006
ROSA CLARA,0.006
SANTOS,0.006
SUSANA CRISTINA,0.006
TEXENERY,0.006
YANIRA CARMEN,0.006
ANA IRIS,0.006
ANA ROSALIA,0.006
AYSEL,0.006
CARMEN VANESSA,0.006
CLAUDIA LUCIA,0.006
CRIPTANA,0.006
DASHA,0.006
ESTRELLA ROCIO,0.006
FRANCISCA INMACULADA,0.006
HEBA,0.006
JESSICA ALEJANDRA,0.006
JUSTINIANA,0.006
KONTXI,0.006
LAVINIA,0.006
LISSET,0.006
MARIA DOROTEA,0.006
MARIA STELLA,0.006
MARINELA,0.006
MELBA,0.006
MIMUNT,0.006
NELY,0.006
SAMRA,0.006
THANIA,0.006
YOVANNA,0.006
AINITZE,0.006
ALANIS,0.006
ALIS,0.006
ANA BEL,0.006
ANA ESTRELLA,0.006
ANA VICENTA,0.006
AUGUSTA,0.006
BEATRICE,0.006
CARMEN ANDREA,0.006
DEOGRACIAS,0.006
DOLORES MERCEDES,0.006
ELIANA MARIA,0.006
ESPIRITU SANTO,0.006
GRACIELA BEATRIZ,0.006
LUCIA ELENA,0.006
LUISA MARGARITA,0.006
MARIA ALEXIA,0.006
MARIA FANNY,0.006
MARIA MIRIAM,0.006
MARY CRUZ,0.006
MIRELA,0.006
MIRIAM ROCIO,0.006
NANCY MARIA,0.006
PILAR TERESA,0.006
SUSANA BELEN,0.006
YOBANA,0.006
DAINA,0.006
DIVINA PASTORA,0.006
EVANGELISTA,0.006
EXALTACION,0.006
LUISA ELENA,0.006
MARIA ALCAZAR,0.006
MIRIAM ESTHER,0.006
NANCY ROCIO,0.006
OUASSIMA,0.006
PATRICIA EUGENIA,0.006
TISCAR,0.006
TRINI,0.006
VIVIANA ANDREA,0.006
ZOILA ROSA,0.006
ANA ASCENSION,0.006
ANA MONICA,0.006
AURKENE,0.006
CONSUELO CARMEN,0.006
CRISTINA ANA,0.006
DAVINIA CARMEN,0.006
DAYARA,0.006
ELVIRA CARMEN,0.006
ESTHER CARMEN,0.006
ISABEL LUISA,0.006
JOSEFA JUANA,0.006
LICINIA,0.006
LILIANA BEATRIZ,0.006
LUCIA CRISTINA,0.006
MARIA DACIL,0.006
MARIA DULCENOMBRE,0.006
MARIELLA,0.006
MARTA DOLORES,0.006
MONICA LILIANA,0.006
NATALIA CAROLINA,0.006
NOUR EL HOUDA,0.006
SOAD,0.006
SUSANA PATRICIA,0.006
YAREN,0.006
YASMINA MARIA,0.006
ZULEIKA,0.006
ZUNILDA,0.006
ANANDA,0.006
ANDREEA,0.006
CHEYENNE,0.006
ELODIE,0.006
ILIA,0.006
INES PILAR,0.006
JOSEFA MARGARITA,0.006
MARIA AQUILINA,0.006
MARIA LEONIDES,0.006
MARIA MERITXELL,0.006
MARIETTA,0.006
NAREL,0.006
NIKOL,0.006
NORHAN,0.006
PACITA,0.006
SONIA MARGARITA,0.006
SUSANA ELENA,0.006
YANELIS,0.006
AMALIA CARMEN,0.006
ANA PALOMA,0.006
ANATOLIA,0.006
AZUCENA MARIA,0.006
CARLA DANIELA,0.006
CRISTINA MARGARITA,0.006
ENRICA,0.006
GLORIA TERESA,0.006
INGRID MARIA,0.006
IRMA MARIA,0.006
LUZ ESTELA,0.006
MARIA DEBORA,0.006
MARIA ENMA,0.006
MARLENI,0.006
MARTA MERCEDES,0.006
PAULA VALENTINA,0.006
PILAR MERCEDES,0.006
RINAD,0.006
ROSA GEMA,0.006
SALKA,0.006
SANDRA BEATRIZ,0.006
SANDRA VIVIANA,0.006
SILVIA EUGENIA,0.006
STEPHANIA,0.006
ZHOR,0.006
ARGEME,0.006
BLANCA ESTELA,0.006
CARMEN JOSEFINA,0.006
CLORINDA,0.006
CONCEPCION ISABEL,0.006
DANIELA ANDREA,0.006
EMMA SOFIA,0.006
ESTELITA,0.006
FATIMA ZAHRAA,0.006
GLORIA CRISTINA,0.006
IZEL,0.006
KATY,0.006
LAURA GABRIELA,0.006
LAURA MARINA,0.006
LOURDES PILAR,0.006
MARIA TURA,0.006
MARTA ALEJANDRA,0.006
NAIKE,0.006
NAIROBI,0.006
NASSIMA,0.006
NATALYA,0.006
NURIA CRISTINA,0.006
SANDRA ROCIO,0.006
SOUKAYNA,0.006
UZURI,0.006
VIRGINIA ISABEL,0.006
ADELA ISABEL,0.006
ADOSINDA,0.006
ANTONIA INMACULADA,0.006
BLANCA ALICIA,0.006
CARMEN CELIA,0.006
CARMEN JUANA,0.006
CARMEN VIRGINIA,0.006
CORINNE,0.006
DAYAMI,0.006
EDELWEISS,0.006
ELGA,0.006
ELVIRA ISABEL,0.006
GABRIELA FERNANDA,0.006
GEMMA ISABEL,0.006
GIULIETTA,0.006
LILIAM,0.006
MARIA BARCA,0.006
MARIA CARMEN ISABEL,0.006
MARIA CONCHA,0.006
MARY SOL,0.006
NONA,0.006
OFELIA MARIA,0.006
PALOMA CARMEN,0.006
PAOLA ALEXANDRA,0.006
ROSE,0.006
AILYN,0.006
ALFONSINA,0.006
CARMEN ASUNCION,0.006
CARMEN MONTSERRAT,0.006
CASIANA,0.006
CHANEL,0.006
CLAUDIA CECILIA,0.006
DARIANA,0.006
EMMA VICTORIA,0.006
FANTA,0.006
FARA,0.006
ISABEL BELEN,0.006
JUGATX,0.006
LANA,0.006
MERCEDES ANGELES,0.006
ROMAYSAE,0.006
SANDRA PILAR,0.006
SARA INES,0.006
SOFIA CAROLINA,0.006
TANIA CARMEN,0.006
TIZIANA,0.006
VIKTORIA,0.006
YUNAIDA,0.006
AMAPOLA,0.006
AMELIA CARMEN,0.006
ANDREA LUCIA,0.006
CARMEN LEONOR,0.006
CARMEN PINO,0.006
CRISTINA LUCIA,0.006
ELIZAVETA,0.006
GABRIELLE,0.006
GERVASIA,0.006
GRISEL,0.006
ISABEL MILAGROS,0.006
LAURA ELIZABETH,0.006
LORENA ELIZABETH,0.006
MARCELLA,0.006
MARIA CELEDONIA,0.006
MARIA JULITA,0.006
MAYRA ELIZABETH,0.006
MAYSAE,0.006
MIREN IOSUNE,0.006
MORGANA,0.006
NAYARA CARMEN,0.006
NICOLE ALEJANDRA,0.006
OUAFAA,0.006
ROSA ESMERALDA,0.006
ROSA MAGDALENA,0.006
SARA VALENTINA,0.006
SATURIA,0.006
ALICIA VICTORIA,0.006
ANA VALERIA,0.006
ANGUSTIA,0.006
CARMEN MATILDE,0.006
CATHAISA,0.006
CRISTINA PATRICIA,0.006
ERMINDA,0.006
FLORENTINA MARIA,0.006
IRIANA,0.006
KAREN ELIZABETH,0.006
KLARA,0.006
LAURA RAQUEL,0.006
LIRIOS,0.006
LOBNA,0.006
MARIA ADELIA,0.006
MARTA SOFIA,0.006
NATALIA CRISTINA,0.006
NEREYDA,0.006
PURA CONCEPCION,0.006
SADIA,0.006
SANDRA PAOLA,0.006
SHAIMA,0.006
SULEIMA,0.006
TERESA VICTORIA,0.006
AIMEE,0.006
ALICIA MARGARITA,0.006
ANA SANDRA,0.006
ANA SUSANA,0.006
ATILANA,0.006
BIDATZ,0.006
CARMEN REMEDIOS,0.006
CONCEPCION DOLORES,0.006
CRISTINA ROSARIO,0.006
EMILIE,0.006
ETHEL,0.006
FRANCISCA LOURDES,0.006
GLORIA JESUS,0.006
JOSEFA VICTORIA,0.006
LAURA CECILIA,0.006
MARIA CRESCENCIA,0.006
MARIA DORIS,0.006
MARIA ROMINA,0.006
MARLA,0.006
MONICA CECILIA,0.006
NAOMY,0.006
NYDIA,0.006
PALOMA PILAR,0.006
SAHAR,0.006
SANDRA CAROLINA,0.006
ADIELA,0.005
ALISHA,0.005
ANA ESTEFANIA,0.005
ANA MARIA JESUS,0.005
ANA SARA,0.005
BEATRIZ ANA,0.005
BEATRIZ CRISTINA,0.005
CARMEN SILVIA,0.005
CESARINA,0.005
CLAUDIA ELIZABETH,0.005
EVA MERCEDES,0.005
ISABEL INMACULADA,0.005
JOSEFA NIEVES,0.005
JUANA CRISTINA,0.005
KAOUTHAR,0.005
MARIA EMPAR,0.005
MARIA HILARIA,0.005
OLGA CARMEN,0.005
RESTITUTA,0.005
RUDESINDA,0.005
SILKE,0.005
SYLVIE,0.005
YISEL,0.005
YURIMA,0.005
ABENCHARA,0.005
ARLENE,0.005
ASTRID CAROLINA,0.005
BERA,0.005
BOUTAINA,0.005
CARMEN ALEJANDRA,0.005
ENCARNACION PILAR,0.005
ESMERALDA MARIA,0.005
ESTEFANA,0.005
FRANCISCA ESTHER,0.005
FRANCISCA MANUELA,0.005
GLORIA ALICIA,0.005
ISABEL MARINA,0.005
JANE,0.005
JULIA DOLORES,0.005
KORA,0.005
KRISTEL,0.005
LAURA MARGARITA,0.005
LORENA ROCIO,0.005
MALVA,0.005
MARIA ANGELINES,0.005
MARIA BASILIA,0.005
MARIA DEMELSA,0.005
MARIA EFIGENIA,0.005
MARIA RIANSARES,0.005
SANDRA LUCIA,0.005
SILVIA MERCEDES,0.005
TEBA,0.005
UXUA,0.005
ABUNDIA,0.005
ANA ANGELA,0.005
ARACELI CARMEN,0.005
ARIJ,0.005
BLANCA CARMEN,0.005
CARMEN AMALIA,0.005
CLAUDIA SOFIA,0.005
DIANA ALEJANDRA,0.005
GABRIELA CAROLINA,0.005
JUANA INES,0.005
KAREN ANDREA,0.005
KARINE,0.005
KASANDRA,0.005
LEOPOLDA,0.005
LUCIA ALEJANDRA,0.005
MADELIN,0.005
MANUELA ROSARIO,0.005
MARGARITA TERESA,0.005
MARIA CORONA,0.005
MARIA RENE,0.005
MARIA SALUT,0.005
MARIA UJUE,0.005
SALUA,0.005
SAVINA,0.005
SILVIA CAROLINA,0.005
SILVIA ROSA,0.005
ADOLFA,0.005
AGORA,0.005
ANA GEMMA,0.005
ANA LUNA,0.005
ANGELA MERCEDES,0.005
CARMEN SARA,0.005
DANIELA VALENTINA,0.005
DANNA SOFIA,0.005
ERENIA,0.005
GUIDA,0.005
IRENE BEATRIZ,0.005
ISABEL YOLANDA,0.005
IXCHEL,0.005
JOSEFA ELENA,0.005
KARLA MARIA,0.005
LORNA,0.005
MARIA LEIRE,0.005
MARIANA CARMEN,0.005
MIREN EUKENE,0.005
MONICA LUCIA,0.005
MONICA SUSANA,0.005
NELI,0.005
NOEMA,0.005
OLINDA,0.005
ORIA,0.005
REYNA,0.005
SURI,0.005
TERESA MERCEDES,0.005
VANESA CARMEN,0.005
VIOLANTE,0.005
YLENIA MARIA,0.005
ANA PURIFICACION,0.005
AYAT,0.005
BETSAIDA,0.005
CAROLINA BEATRIZ,0.005
CAROLINA ELIZABETH,0.005
CORTES,0.005
DOMICIANA,0.005
GISSELA,0.005
GLORIA NANCY,0.005
IA,0.005
ISABEL JUANA,0.005
JOSEFA MILAGROS,0.005
JOYCE,0.005
LISET,0.005
LORENA PATRICIA,0.005
MARIA CASTELLAR,0.005
MARIA PRIMITIVA,0.005
MARIA ROSALBA,0.005
NAEVIA,0.005
NERI,0.005
PILAR ROCIO,0.005
SHEILA CARMEN,0.005
TRINIDAD CARMEN,0.005
ZAINEB,0.005
ANA LIA,0.005
ANGHARAD,0.005
ARABELA,0.005
EDELIA,0.005
FADUA,0.005
FRANCISCA CONCEPCION,0.005
FRANCISCA LUCIA,0.005
LARYSA,0.005
LIDA,0.005
LILITH,0.005
MARIA ZULIMA,0.005
MINERVA MARIA,0.005
NAIARA MARIA,0.005
PATRICIA ANA,0.005
PEPI,0.005
PILAR ROSA,0.005
SINFORIANA,0.005
SORALLA,0.005
VILLA,0.005
ZAYDA,0.005
ZENOBIA,0.005
ALEJANDRA PILAR,0.005
AMELIA ISABEL,0.005
BASSMA,0.005
CARMEN MARTA,0.005
ENRIQUETA MARIA,0.005
FATIMETU,0.005
FRANCISCA EUGENIA,0.005
HIART,0.005
IRAMA,0.005
JUANA GLORIA,0.005
JULIA ANTONIA,0.005
LEDICIA,0.005
LILIANA ELIZABETH,0.005
MARIA GUMERSINDA,0.005
MARIA JUNQUERA,0.005
NAJIMA,0.005
OMNIA,0.005
PATRICIA MONICA,0.005
SAYRA,0.005
SILVIA ALEJANDRA,0.005
TERESA MARGARITA,0.005
ULPIANA,0.005
VIRGINIA PILAR,0.005
VITALINA,0.005
ADAMINA,0.005
ANAHIS,0.005
ASHLY,0.005
AURAH,0.005
AYLEEN,0.005
DANAY,0.005
ELEN,0.005
ELVA MARIA,0.005
FERNANDA MARIA,0.005
GOYA,0.005
HEIDY,0.005
INMACULADA PILAR,0.005
JOSEFA ESTHER,0.005
LORENA PILAR,0.005
LUCELLY,0.005
LUISA DOLORES,0.005
LUZ AMERICA,0.005
MARGARITA VICTORIA,0.005
MARIA YESSICA,0.005
MARINA TERESA,0.005
MARTA MARGARITA,0.005
MERCEDES ROSARIO,0.005
MILAGROS PILAR,0.005
MONICA TERESA,0.005
NATIVIDAD CARMEN,0.005
PAULA ELENA,0.005
ROSA CONCEPCION,0.005
SANDRA VERONICA,0.005
TURIA,0.005
WASIMA,0.005
YAMIRA,0.005
YOLANDA BEATRIZ,0.005
ADRIANA BEATRIZ,0.005
ALEJANDRA VICTORIA,0.005
ANDREA FERNANDA,0.005
BENILDA,0.005
BLANCA LUCIA,0.005
CARMEN OLIVA,0.005
CARMEN TRINIDAD,0.005
ELENA ROSA,0.005
ESTRELLA MARINA,0.005
EVA BEATRIZ,0.005
GLORIA STELLA,0.005
HALYNA,0.005
HASSANA,0.005
HUDA,0.005
ILAZKI,0.005
IRINA MARIA,0.005
ISABEL ENCARNACION,0.005
LUCIA INMACULADA,0.005
LUIZA,0.005
MANUELA ANTONIA,0.005
MARIA ALEJANDRINA,0.005
MARIA CORALIA,0.005
MARIA ZOILA,0.005
MUNA,0.005
NICOLE ALEXANDRA,0.005
NOUHA,0.005
OLHA,0.005
PABLA,0.005
ROSA MARIA CARMEN,0.005
SARABEL,0.005
SOKAINA,0.005
SONIA ROCIO,0.005
ADELFA,0.005
AINARA CARMEN,0.005
ALFONSA MARIA,0.005
ASSIYA,0.005
BARBARA CARMEN,0.005
CARLA LORENA,0.005
DELIA ROSA,0.005
ELIA ISABEL,0.005
EVELYN MARIA,0.005
FRANCESCA MARIA,0.005
FRANCHESCA,0.005
GABRIELA CARMEN,0.005
GILDA,0.005
HERMELINA,0.005
IVANA MARIA,0.005
KATERIN,0.005
LAURA VIRGINIA,0.005
LEONORA,0.005
MACARENA CARMEN,0.005
MARGARITA ELENA,0.005
MARIA NELIA,0.005
MERCEDES DOLORES,0.005
OLGA TERESA,0.005
PILAR DOLORES,0.005
ROSA MANUELA,0.005
SALLY,0.005
SHIRA,0.005
SINAY,0.005
SINDIA,0.005
ZELAI,0.005
AMPARO ROCIO,0.005
ANA CANDELARIA,0.005
ANA RAMONA,0.005
ANDREA BELEN,0.005
ANTONIA CONCEPCION,0.005
ANTONIA MARGARITA,0.005
CARMEN ESTRELLA,0.005
DACIL MARIA,0.005
DOLLY,0.005
ELIZABETH CARMEN,0.005
ELLEN,0.005
ENCARNACION DOLORES,0.005
FATIMA ISABEL,0.005
GERMELINA,0.005
GLORIA MARINA,0.005
IBANE,0.005
IGNACIA MARIA,0.005
ISABEL LOURDES,0.005
IULIA,0.005
JUANA ESTHER,0.005
KATHERINE ELIZABETH,0.005
LOUIZA,0.005
MADAY,0.005
MARIA AGRIPINA,0.005
MARIA CONSTANTINA,0.005
MARIA FELICITA,0.005
MARIA JANET,0.005
MARIA RUBIELA,0.005
MARTA IRENE,0.005
NAIRA MARIA,0.005
NATALE,0.005
NATALIA ALEJANDRA,0.005
NAUSICA,0.005
NAZHA,0.005
NESRIN,0.005
NOHARA,0.005
NORMA ISABEL,0.005
PAULA DANIELA,0.005
ROSA YOLANDA,0.005
SAMYA,0.005
SEYNABOU,0.005
SOFIA CRISTINA,0.005
SUEVIA,0.005
SUSANA ESTHER,0.005
XENA,0.005
ANGUSTIAS MARIA,0.005
BETANIA,0.005
CARMEN PAULA,0.005
CAROLINA ALEJANDRA,0.005
EKRAM,0.005
ELI,0.005
ELIGIA,0.005
ERIKA CARMEN,0.005
ISMENE,0.005
JOSEFINA CARMEN,0.005
JUANA ELENA,0.005
JUANA RAMONA,0.005
JULIETH,0.005
LYS,0.005
MANUELA FRANCISCA,0.005
MANUELA TERESA,0.005
MARIA CAMELIA,0.005
MARIA HIGINIA,0.005
MARIA ISABELLA,0.005
MARIA VICTORIANA,0.005
MATILDE ISABEL,0.005
MIREN AINHOA,0.005
MIRIAM ELIZABETH,0.005
MONEIBA,0.005
NANCY BEATRIZ,0.005
ROSARIO MERCEDES,0.005
SANDRA ELENA,0.005
SANDY,0.005
YELENA,0.005
ALEJANDRA PATRICIA,0.005
ALICIA TERESA,0.005
ALYSSA,0.005
ANA BARBARA,0.005
ANA FLOR,0.005
CAMILA BELEN,0.005
CHRISTEL,0.005
CHRISTELLE,0.005
CLARA CARMEN,0.005
DIANA SOFIA,0.005
GEMMA PILAR,0.005
GUASIMARA,0.005
IDALINA,0.005
JANAINA,0.005
JUANA CONCEPCION,0.005
LAURA DOLORES,0.005
LIDIA PILAR,0.005
LUCIA INES,0.005
MARIA LIRIOS,0.005
MARIA MAXIMINA,0.005
MARIA SABRINA,0.005
MARITA,0.005
MARTA GEMA,0.005
MIAH,0.005
MIREN JOSU,0.005
NASIHA,0.005
OLGA CECILIA,0.005
OLGA ELENA,0.005
POLINA,0.005
RAMONA CARMEN,0.005
TAMIMOUNT,0.005
TEIA,0.005
TERESA CONCEPCION,0.005
TERESA ROCIO,0.005
TRACY,0.005
YURENA PINO,0.005
ZITA,0.005
AGAR,0.005
ANA DANIELA,0.005
CARMEN PALOMA,0.005
CLARA TERESA,0.005
DRIFA,0.005
DUNIA MARIA,0.005
ELENA BELEN,0.005
ELENA SOFIA,0.005
FAINA,0.005
HAMIDA,0.005
IDAYRA,0.005
INA,0.005
ISABEL AMPARO,0.005
KAIRA,0.005
LAUDINA,0.005
LAURA MAR,0.005
MAILEN,0.005
MARGARITA ANGELES,0.005
MARIA CARMO,0.005
MARIA SUCESO,0.005
MARIA YESENIA,0.005
MIRACLE,0.005
NURIA ESTER,0.005
OLGA ROSA,0.005
PAOLA CARMEN,0.005
REINA ISABEL,0.005
TANIA ISABEL,0.005
TERESA ANTONIA,0.005
TERESA ROSA,0.005
VERA MARIA,0.005
VICKY,0.005
AISSA,0.005
ALICIA MERCEDES,0.005
BLESSING,0.005
CRISTINA INMACULADA,0.005
GEMA BELEN,0.005
JUANA LUCIA,0.005
LUISA ESTHER,0.005
LUZ VICTORIA,0.005
MARIA IVANA,0.005
MARIA RUS,0.005
MARTHA INES,0.005
MELITONA,0.005
MIREN JONE,0.005
NELIDA MARIA,0.005
NIKA,0.005
NORALBA,0.005
ROSA EUGENIA,0.005
SARA TERESA,0.005
SILVIA INES,0.005
SUNDUS,0.005
TIANA,0.005
VICTORIA LUCIA,0.005
YERA,0.005
ZOILA MARIA,0.005
ZUBEROA,0.005
ALCAZAR,0.005
ALVARA,0.005
ANAYA,0.005
ANDREA ALEXANDRA,0.005
ARIADNA CARMEN,0.005
BARBARA ISABEL,0.005
BLANCA PATRICIA,0.005
CATTLEYA,0.005
CLAUDIA VICTORIA,0.005
ELENA DOLORES,0.005
GLORIA BELEN,0.005
ITXARO,0.005
JANNET,0.005
JENARA,0.005
JESSICA ANDREA,0.005
LIBORIA,0.005
MARIA BERNARDINA,0.005
MARIA KARLA,0.005
MARTA ROSARIO,0.005
OSANE,0.005
PATRICIA VICTORIA,0.005
RABEA,0.005
ROSA MARIA PILAR,0.005
SILVIA LORENA,0.005
SOFIA ALEXANDRA,0.005
ZARAIDA,0.005
ACERINA,0.005
ADRIANA PILAR,0.005
AGURNE,0.005
AITHANA,0.005
ANNETTE,0.005
ARIDIAN,0.005
CARMEN OLGA,0.005
GABRIELA ESTEFANIA,0.005
INDRA,0.005
JOSEFA EMILIA,0.005
KHAWLA,0.005
LISBET,0.005
LORETA,0.005
LUCIA DOLORES,0.005
LUCIA VALENTINA,0.005
MANUELA ROSA,0.005
MARGARITA DOLORES,0.005
MARIA AMOR HERMOSO,0.005
MARIA MIREYA,0.005
MARIA PINAR,0.005
MARIA ROSALINA,0.005
MARIA SAN PEDRO,0.005
MERCEDES ELENA,0.005
MICAELA MARIA,0.005
OUMOU,0.005
PIETAT,0.005
PILAR NIEVES,0.005
ROSE MARY,0.005
TIRSA,0.005
VALERIA SOFIA,0.005
YAREL,0.005
YOLANDA ESTHER,0.005
ALBA VICTORIA,0.005
ANGELA BEATRIZ,0.005
ARI,0.005
CAROLINA VICTORIA,0.005
CATALINA PILAR,0.005
CATALINA ROSA,0.005
CLAUDIA XIMENA,0.005
CRISTINA ROSA,0.005
DAYSI,0.005
ERIKA PATRICIA,0.005
FLORIANA,0.005
FRANCISCA ASUNCION,0.005
GLORIA LUCIA,0.005
HUMBELINA,0.005
IMARA,0.005
JOSEFA INMACULADA,0.005
JUVENTINA,0.005
KLOE,0.005
LAURA PINO,0.005
MARGARITA JESUS,0.005
MARIA CARMEN TERESA,0.005
MARIA ENCARNACIO,0.005
MARIA TERESA CARMEN,0.005
MARIA ZENAIDA,0.005
MARICRUZ,0.005
MARILO,0.005
NICOLE ANDREA,0.005
ODILIA,0.005
OUAFA,0.005
PATRICIA ANDREA,0.005
RAMIA,0.005
SYRA,0.005
TERESA JOSEFA,0.005
TREMEDAL,0.005
VALERIA VALENTINA,0.005
VALLIVANA,0.005
VICENTA PILAR,0.005
WAHIBA,0.005
ZAHIA,0.005
ALBA PATRICIA,0.005
ALBA SOFIA,0.005
ALBA TERESA,0.005
ALEXIS,0.005
AMEL,0.005
ANDREA BEATRIZ,0.005
ANGELA ROSARIO,0.005
AROLA,0.005
BIBIANA MARIA,0.005
CANDY,0.005
CARLA CRISTINA,0.005
CARLA VICTORIA,0.005
CARMEN LETICIA,0.005
CARMEN MAGDALENA,0.005
CLARA ESTHER,0.005
CLARA LUISA,0.005
DIANA PILAR,0.005
EMMA LUCIA,0.005
JAMAICA,0.005
KATE,0.005
KATIUSKA,0.005
LUISA VICTORIA,0.005
MARIA IRACHE,0.005
MARIA TERESA PILAR,0.005
MERCEDES CRISTINA,0.005
MIA ISABELLA,0.005
OLGA MERCEDES,0.005
PELIGROS,0.005
QUERUBINA,0.005
SANDRA MARCELA,0.005
SARA ALEJANDRA,0.005
SARELA,0.005
TIBURCIA,0.005
UMBELINA,0.005
ALEJANDRA BEATRIZ,0.005
ALEXANDRA PATRICIA,0.005
ANTONIA JUANA,0.005
ARSELINA,0.005
