GARCIA;33.815;;;
RODRIGUEZ;21.313;;;
GONZALEZ;21.293;;;
FERNANDEZ;21.170;;;
LOPEZ;20.015;;;
MARTINEZ;19.131;;;
SANCHEZ;18.875;;;
PEREZ;17.933;;;
MARTIN;11.337;;;
GOMEZ;11.311;;;
JIMENEZ;9.237;;;
RUIZ;8.500;;;
HERNANDEZ;8.351;;;
DIAZ;7.806;;;
MORENO;7.470;;;
MUÑOZ;6.544;;;
ALVAREZ;6.422;;;
ROMERO;5.116;;;
ALONSO;4.538;;;
GUTIERREZ;4.446;;;
NAVARRO;4.141;;;
TORRES;3.873;;;
DOMINGUEZ;3.646;;;
VAZQUEZ;3.410;;;
RAMOS;3.315;;;
GIL;3.234;;;
RAMIREZ;3.084;;;
SERRANO;3.053;;;
BLANCO;2.826;;;
MOLINA;2.798;;;
MORALES;2.756;;;
SUAREZ;2.740;;;
ORTEGA;2.717;;;
DELGADO;2.688;;;
CASTRO;2.629;;;
ORTIZ;2.433;;;
RUBIO;2.416;;;
MARIN;2.356;;;
SANZ;2.137;;;
NUÑEZ;2.068;;;
IGLESIAS;2.055;;;
CORTES;2.037;;;
MEDINA;2.005;;;
GARRIDO;1.987;;;
CASTILLO;1.906;;;
SANTOS;1.894;;;
LOZANO;1.849;;;
GUERRERO;1.823;;;
CANO;1.788;;;
PRIETO;1.698;;;
MENDEZ;1.637;;;
CALVO;1.607;;;
GALLEGO;1.604;;;
CRUZ;1.600;;;
MARQUEZ;1.596;;;
LEON;1.583;;;
VIDAL;1.578;;;
HERRERA;1.571;;;
PEÑA;1.566;;;
CABRERA;1.553;;;
FLORES;1.542;;;
CAMPOS;1.528;;;
VEGA;1.487;;;
FUENTES;1.476;;;
CARRASCO;1.463;;;
DIEZ;1.436;;;
NIETO;1.396;;;
CABALLERO;1.396;;;
REYES;1.382;;;
AGUILAR;1.346;;;
SANTANA;1.338;;;
PASCUAL;1.332;;;
HERRERO;1.332;;;
LORENZO;1.307;;;
HIDALGO;1.301;;;
MONTERO;1.299;;;
GIMENEZ;1.297;;;
SANTIAGO;1.295;;;
IBAÑEZ;1.269;;;
FERRER;1.245;;;
DURAN;1.240;;;
CARMONA;1.211;;;
MORA;1.205;;;
VICENTE;1.204;;;
BENITEZ;1.203;;;
VARGAS;1.199;;;
ARIAS;1.172;;;
CRESPO;1.140;;;
PASTOR;1.104;;;
SOTO;1.096;;;
ROMAN;1.090;;;
SAEZ;1.083;;;
VELASCO;1.074;;;
MOYA;1.061;;;
SOLER;1.047;;;
GALLARDO;1.043;;;
PARRA;1.037;;;
ESTEBAN;1.035;;;
BRAVO;1.023;;;
PARDO;1.007;;;
MERINO;0.984;;;
ROJAS;0.975;;;
LARA;0.965;;;
ESPINOSA;0.955;;;
FRANCO;0.951;;;
IZQUIERDO;0.947;;;
RIVAS;0.939;;;
CAMACHO;0.931;;;
CASADO;0.929;;;
REDONDO;0.922;;;
RIVERA;0.921;;;
ARROYO;0.920;;;
LUQUE;0.915;;;
GALAN;0.912;;;
REY;0.908;;;
OTERO;0.899;;;
MONTES;0.898;;;
VERA;0.897;;;
SEGURA;0.890;;;
SIERRA;0.886;;;
CARRILLO;0.883;;;
RIOS;0.883;;;
HEREDIA;0.874;;;
SILVA;0.871;;;
MARCOS;0.866;;;
SORIANO;0.850;;;
BERNAL;0.841;;;
MARTI;0.839;;;
MENDOZA;0.836;;;
ROBLES;0.835;;;
VALERO;0.827;;;
VILA;0.812;;;
EXPOSITO;0.812;;;
MACIAS;0.803;;;
PALACIOS;0.799;;;
BENITO;0.790;;;
ROLDAN;0.787;;;
GUERRA;0.785;;;
VARELA;0.779;;;
CONTRERAS;0.777;;;
BUENO;0.776;;;
MATEO;0.776;;;
ANDRES;0.775;;;
VILLAR;0.757;;;
GUILLEN;0.751;;;
MATEOS;0.749;;;
ESCUDERO;0.749;;;
MIRANDA;0.734;;;
AGUILERA;0.730;;;
CASAS;0.722;;;
APARICIO;0.717;;;
ESTEVEZ;0.708;;;
RIVERO;0.707;;;
GALVEZ;0.699;;;
PADILLA;0.695;;;
JURADO;0.692;;;
BELTRAN;0.691;;;
RICO;0.690;;;
MENENDEZ;0.689;;;
CALDERON;0.684;;;
SALAS;0.681;;;
CONDE;0.681;;;
BERMUDEZ;0.679;;;
PLAZA;0.677;;;
ARANDA;0.675;;;
ABAD;0.674;;;
GRACIA;0.674;;;
QUINTANA;0.671;;;
BLAZQUEZ;0.665;;;
PEREIRA;0.662;;;
ACOSTA;0.661;;;
SALAZAR;0.655;;;
MANZANO;0.653;;;
SANTAMARIA;0.646;;;
GUZMAN;0.642;;;
ROCA;0.641;;;
TRUJILLO;0.639;;;
RUEDA;0.636;;;
CUESTA;0.632;;;
SERRA;0.630;;;
MIGUEL;0.630;;;
VILLANUEVA;0.627;;;
HURTADO;0.625;;;
TOMAS;0.623;;;
AVILA;0.623;;;
DE LA FUENTE;0.619;;;
MESA;0.619;;;
PACHECO;0.618;;;
COSTA;0.616;;;
DEL RIO;0.611;;;
LAZARO;0.601;;;
PONS;0.601;;;
SANCHO;0.599;;;
MILLAN;0.598;;;
SIMON;0.596;;;
LUNA;0.592;;;
ALARCON;0.592;;;
ESCOBAR;0.591;;;
ZAMORA;0.587;;;
BLASCO;0.582;;;
CASTAÑO;0.582;;;
BERMEJO;0.573;;;
SALVADOR;0.572;;;
BALLESTEROS;0.569;;;
VALVERDE;0.565;;;
MALDONADO;0.564;;;
BAUTISTA;0.561;;;
PAREDES;0.552;;;
OLIVA;0.548;;;
PONCE;0.546;;;
CORDERO;0.545;;;
DE LA CRUZ;0.545;;;
MONTOYA;0.545;;;
VALLE;0.544;;;
LORENTE;0.544;;;
ANTON;0.537;;;
RODRIGO;0.533;;;
MARTOS;0.531;;;
COLLADO;0.530;;;
POZO;0.529;;;
AMADOR;0.527;;;
MAS;0.525;;;
CUEVAS;0.523;;;
CUENCA;0.523;;;
JUAN;0.522;;;
MURILLO;0.520;;;
QUESADA;0.520;;;
BARROSO;0.519;;;
DE LA TORRE;0.515;;;
BARRERA;0.511;;;
ROS;0.506;;;
PULIDO;0.503;;;
MARCO;0.503;;;
NAVAS;0.501;;;
CABELLO;0.500;;;
ALBA;0.499;;;
ORDOÑEZ;0.498;;;
ARENAS;0.493;;;
CORRAL;0.492;;;
ROJO;0.490;;;
AGUADO;0.487;;;
GIMENO;0.487;;;
ESCRIBANO;0.486;;;
SORIA;0.485;;;
MENA;0.485;;;
CARO;0.482;;;
GALINDO;0.482;;;
SAIZ;0.481;;;
PUIG;0.481;;;
ASENSIO;0.478;;;
DOMINGO;0.476;;;
VALLEJO;0.475;;;
LUCAS;0.473;;;
REINA;0.470;;;
POLO;0.469;;;
NARANJO;0.467;;;
MATA;0.465;;;
RAMON;0.464;;;
LINARES;0.459;;;
VALENCIA;0.453;;;
VILLALBA;0.451;;;
LEAL;0.449;;;
OJEDA;0.446;;;
CARRETERO;0.446;;;
PAZ;0.445;;;
MORAN;0.445;;;
AGUIRRE;0.441;;;
BURGOS;0.438;;;
MOHAMED;0.430;;;
BONILLA;0.430;;;
ARAGON;0.429;;;
OLIVER;0.428;;;
CASTELLANO;0.418;;;
CARRION;0.417;;;
CORDOBA;0.417;;;
CLEMENTE;0.414;;;
SOSA;0.414;;;
ROIG;0.412;;;
CALERO;0.409;;;
ROSA;0.406;;;
VILLA;0.405;;;
ANDREU;0.405;;;
HERNANDO;0.404;;;
CHACON;0.404;;;
CARRERA;0.401;;;
ALCARAZ;0.401;;;
COBO;0.399;;;
SAAVEDRA;0.397;;;
CACERES;0.397;;;
JUAREZ;0.397;;;
CARDENAS;0.397;;;
VELAZQUEZ;0.395;;;
TOLEDO;0.394;;;
SOLA;0.392;;;
MORAL;0.390;;;
VELA;0.389;;;
DOMENECH;0.388;;;
RIERA;0.388;;;
LLORENTE;0.387;;;
CARBONELL;0.385;;;
CORREA;0.383;;;
REQUENA;0.381;;;
ZAPATA;0.381;;;
SEVILLA;0.376;;;
VILLEGAS;0.376;;;
LUIS;0.375;;;
ARRIBAS;0.375;;;
ALFONSO;0.373;;;
SALGADO;0.373;;;
PELAEZ;0.370;;;
OLIVARES;0.370;;;
BARRIOS;0.369;;;
PIÑEIRO;0.369;;;
CARBALLO;0.369;;;
PRADO;0.367;;;
FONT;0.365;;;
DE LA ROSA;0.364;;;
SOLIS;0.361;;;
ESTEVE;0.361;;;
PEREA;0.360;;;
QUINTERO;0.360;;;
CASTILLA;0.358;;;
AYALA;0.356;;;
MARRERO;0.356;;;
GRAU;0.355;;;
PINEDA;0.354;;;
CANTERO;0.351;;;
BOSCH;0.351;;;
BAENA;0.349;;;
CID;0.349;;;
BALLESTER;0.349;;;
SALINAS;0.348;;;
SANCHIS;0.347;;;
PALOMO;0.346;;;
PORRAS;0.343;;;
BELMONTE;0.342;;;
RINCON;0.340;;;
CASANOVA;0.340;;;
RECIO;0.339;;;
MIRALLES;0.339;;;
NICOLAS;0.338;;;
LAGO;0.338;;;
PALMA;0.338;;;
AREVALO;0.337;;;
PINO;0.336;;;
BARBA;0.336;;;
COBOS;0.334;;;
HERRANZ;0.331;;;
ARRANZ;0.329;;;
MUÑIZ;0.329;;;
SALA;0.327;;;
CUADRADO;0.325;;;
VENTURA;0.325;;;
VAQUERO;0.324;;;
MADRID;0.324;;;
PINTO;0.324;;;
CABEZAS;0.322;;;
COLL;0.322;;;
BARREIRO;0.321;;;
MARQUES;0.321;;;
OCAÑA;0.321;;;
CERVERA;0.321;;;
CARDONA;0.320;;;
ANGULO;0.317;;;
NAVARRETE;0.316;;;
GRANADOS;0.314;;;
PUENTE;0.312;;;
CAMARA;0.310;;;
ALFARO;0.310;;;
GAMEZ;0.310;;;
VELEZ;0.309;;;
BECERRA;0.308;;;
BELLO;0.307;;;
ALCANTARA;0.307;;;
MEJIAS;0.305;;;
EGEA;0.304;;;
LOSADA;0.303;;;
FALCON;0.303;;;
PUJOL;0.303;;;
OCHOA;0.303;;;
LATORRE;0.302;;;
BARRAGAN;0.302;;;
CORRALES;0.301;;;
CASTELLANOS;0.301;;;
VALLS;0.301;;;
RUANO;0.301;;;
TAPIA;0.300;;;
VERGARA;0.300;;;
ROVIRA;0.298;;;
CEBRIAN;0.297;;;
SASTRE;0.297;;;
FAJARDO;0.297;;;
HUERTAS;0.296;;;
PERALTA;0.296;;;
FRAILE;0.296;;;
CEREZO;0.295;;;
CATALAN;0.295;;;
ARJONA;0.294;;;
BORREGO;0.294;;;
PAVON;0.293;;;
MORCILLO;0.292;;;
ARIZA;0.292;;;
BARBERO;0.292;;;
CAMPO;0.292;;;
SEGOVIA;0.292;;;
ESTRADA;0.291;;;
GUIJARRO;0.290;;;
DEL VALLE;0.289;;;
GODOY;0.287;;;
AZNAR;0.287;;;
PEINADO;0.286;;;
ROMERA;0.286;;;
VALENZUELA;0.285;;;
CANOVAS;0.285;;;
ALCAIDE;0.285;;;
MORILLO;0.284;;;
MELERO;0.284;;;
FERREIRO;0.283;;;
TORO;0.283;;;
CARVAJAL;0.282;;;
LOBATO;0.282;;;
AMAYA;0.280;;;
LLAMAS;0.280;;;
TEJERO;0.279;;;
AGUDO;0.279;;;
GALVAN;0.278;;;
ESPEJO;0.278;;;
GORDILLO;0.278;;;
TIRADO;0.278;;;
JORGE;0.277;;;
REAL;0.276;;;
SOLE;0.276;;;
SAINZ;0.276;;;
VALDES;0.273;;;
FERREIRA;0.272;;;
DORADO;0.272;;;
CRIADO;0.272;;;
PORTILLO;0.270;;;
GRANDE;0.270;;;
DE MIGUEL;0.270;;;
ROSALES;0.269;;;
BARRIO;0.269;;;
GONZALO;0.269;;;
ROYO;0.268;;;
DAVILA;0.267;;;
CHAMORRO;0.266;;;
DUQUE;0.266;;;
ROSADO;0.265;;;
SALGUERO;0.264;;;
MOYANO;0.264;;;
FRIAS;0.264;;;
PIZARRO;0.264;;;
SOLANO;0.263;;;
FREIRE;0.262;;;
CALLEJA;0.262;;;
ALCAZAR;0.261;;;
OLMEDO;0.261;;;
BORJA;0.261;;;
FIGUEROA;0.260;;;
DUARTE;0.260;;;
DEL POZO;0.260;;;
AVILES;0.259;;;
ALCALA;0.259;;;
TENA;0.258;;;
ALCALDE;0.258;;;
PLA;0.257;;;
MOSQUERA;0.256;;;
FERRERO;0.256;;;
ZAMBRANO;0.254;;;
PANIAGUA;0.254;;;
HUERTA;0.254;;;
LLORENS;0.253;;;
REBOLLO;0.252;;;
PAZOS;0.252;;;
PIÑERO;0.252;;;
SAENZ;0.251;;;
GARZON;0.250;;;
ABELLAN;0.249;;;
NOGUERA;0.249;;;
CHAVES;0.249;;;
HERAS;0.249;;;
SALCEDO;0.248;;;
HERVAS;0.248;;;
LAFUENTE;0.248;;;
VIVES;0.248;;;
BARRANCO;0.247;;;
BONET;0.246;;;
SERNA;0.246;;;
OLMO;0.246;;;
PAEZ;0.246;;;
POVEDA;0.245;;;
QUIROS;0.245;;;
BRITO;0.244;;;
HARO;0.244;;;
BARTOLOME;0.244;;;
MATEU;0.243;;;
CABEZA;0.243;;;
VALIENTE;0.242;;;
PENA;0.241;;;
MELLADO;0.241;;;
VALLES;0.239;;;
LLOPIS;0.239;;;
BORRAS;0.239;;;
GINER;0.238;;;
BARCELO;0.237;;;
LAGUNA;0.237;;;
MOLERO;0.237;;;
OSUNA;0.237;;;
ARCE;0.237;;;
MIRA;0.237;;;
PALOMARES;0.236;;;
SOUTO;0.236;;;
PALOMINO;0.235;;;
DEL CASTILLO;0.235;;;
DEL PINO;0.234;;;
BILBAO;0.233;;;
YAÑEZ;0.233;;;
MAESTRE;0.233;;;
FUERTES;0.233;;;
AFONSO;0.232;;;
GARCES;0.232;;;
CARREÑO;0.232;;;
VILCHEZ;0.230;;;
ARAUJO;0.230;;;
SAN JOSE;0.229;;;
MONTESINOS;0.229;;;
CASTELLO;0.228;;;
ZAFRA;0.228;;;
CEBALLOS;0.227;;;
CALLE;0.226;;;
BAEZA;0.225;;;
URBANO;0.225;;;
ANDRADE;0.225;;;
OROZCO;0.225;;;
BELLIDO;0.225;;;
OLMOS;0.224;;;
RIBAS;0.224;;;
PRATS;0.224;;;
PUERTAS;0.223;;;
FELIPE;0.223;;;
ALVARADO;0.223;;;
OSORIO;0.223;;;
JAEN;0.223;;;
CASTAÑEDA;0.222;;;
PERALES;0.222;;;
MINGUEZ;0.222;;;
VIZCAINO;0.222;;;
PAREJA;0.222;;;
MURCIA;0.222;;;
LEIVA;0.222;;;
ZARAGOZA;0.220;;;
CARRERAS;0.220;;;
MONTORO;0.219;;;
GASCON;0.219;;;
CAMPILLO;0.218;;;
LUENGO;0.218;;;
PERIS;0.216;;;
GAGO;0.215;;;
BUSTAMANTE;0.215;;;
SEBASTIAN;0.215;;;
TEJADA;0.214;;;
BAÑOS;0.214;;;
ARCOS;0.213;;;
VALERA;0.213;;;
CASAL;0.212;;;
MONGE;0.212;;;
ALEGRE;0.212;;;
CAÑAS;0.211;;;
ENRIQUEZ;0.211;;;
FUSTER;0.211;;;
DE CASTRO;0.210;;;
SOBRINO;0.210;;;
VILAR;0.209;;;
CAZORLA;0.209;;;
NADAL;0.208;;;
ACEVEDO;0.207;;;
MAYA;0.207;;;
SANJUAN;0.207;;;
TEJEDOR;0.207;;;
LEDESMA;0.207;;;
DE LEON;0.207;;;
SALMERON;0.206;;;
CONESA;0.206;;;
SEOANE;0.206;;;
JEREZ;0.206;;;
BUSTOS;0.205;;;
TELLO;0.204;;;
BAREA;0.203;;;
ARMAS;0.203;;;
PALLARES;0.203;;;
SARMIENTO;0.201;;;
FERRE;0.201;;;
VERDU;0.201;;;
MONTIEL;0.200;;;
PRADOS;0.199;;;
PADRON;0.199;;;
LOBO;0.199;;;
TORTOSA;0.199;;;
BARRERO;0.198;;;
DEL CAMPO;0.198;;;
RIPOLL;0.198;;;
CLIMENT;0.198;;;
CATALA;0.197;;;
MORON;0.197;;;
AYUSO;0.197;;;
MARI;0.197;;;
MAYOR;0.197;;;
FERRANDO;0.197;;;
ZABALA;0.197;;;
VEIGA;0.196;;;
PEÑALVER;0.196;;;
PRADA;0.195;;;
TABOADA;0.195;;;
ALEMAN;0.194;;;
AMOROS;0.194;;;
BEJARANO;0.194;;;
ABRIL;0.193;;;
SAN MARTIN;0.193;;;
MORO;0.193;;;
GALERA;0.193;;;
FRAGA;0.192;;;
DIEGUEZ;0.192;;;
BAEZ;0.192;;;
ARTEAGA;0.192;;;
JORDAN;0.191;;;
JARA;0.191;;;
CHAVEZ;0.191;;;
ORELLANA;0.190;;;
YUSTE;0.190;;;
MAROTO;0.189;;;
PATIÑO;0.189;;;
TAMAYO;0.189;;;
ALVARO;0.189;;;
MANSO;0.189;;;
LUCENA;0.188;;;
NOGALES;0.188;;;
INFANTE;0.187;;;
SANDOVAL;0.187;;;
PINILLA;0.186;;;
BERENGUER;0.186;;;
MANRIQUE;0.186;;;
PEDROSA;0.185;;;
ATIENZA;0.185;;;
CERDA;0.185;;;
DEL OLMO;0.184;;;
MOTA;0.184;;;
SAMPEDRO;0.184;;;
VILLENA;0.184;;;
ALBERT;0.184;;;
MIGUEZ;0.183;;;
ROCHA;0.183;;;
VILLAVERDE;0.183;;;
RAYA;0.183;;;
DUEÑAS;0.182;;;
ALMAGRO;0.182;;;
SEVILLANO;0.182;;;
UBEDA;0.182;;;
MIRO;0.181;;;
CANALES;0.181;;;
VIÑAS;0.181;;;
BATISTA;0.180;;;
MORILLAS;0.180;;;
TERUEL;0.180;;;
MANZANARES;0.180;;;
DIEGO;0.180;;;
ECHEVERRIA;0.179;;;
DE LAS HERAS;0.179;;;
ORTUÑO;0.179;;;
BARROS;0.179;;;
VASQUEZ;0.179;;;
CIFUENTES;0.179;;;
INIESTA;0.178;;;
CHECA;0.178;;;
MEDRANO;0.178;;;
ACEDO;0.177;;;
RIBERA;0.177;;;
MERCHAN;0.177;;;
ESPAÑA;0.177;;;
PERDOMO;0.176;;;
AHMED;0.176;;;
PUERTO;0.176;;;
TRIGO;0.175;;;
CAPARROS;0.175;;;
ECHEVARRIA;0.175;;;
DE DIEGO;0.175;;;
NOVOA;0.174;;;
ARES;0.174;;;
ROBLEDO;0.174;;;
HERREROS;0.174;;;
BOLAÑOS;0.174;;;
TALAVERA;0.173;;;
GRANADO;0.173;;;
LUJAN;0.173;;;
DA SILVA;0.173;;;
FRANCES;0.173;;;
MATAS;0.172;;;
MACIA;0.172;;;
MONTILLA;0.172;;;
ALMEIDA;0.172;;;
BALAGUER;0.172;;;
BERNABE;0.171;;;
MONTAÑO;0.171;;;
HERMIDA;0.171;;;
ESPADA;0.171;;;
QUEVEDO;0.171;;;
SEGARRA;0.171;;;
FRANCISCO;0.170;;;
MOREIRA;0.170;;;
CUBERO;0.169;;;
ZAMORANO;0.169;;;
PERAL;0.169;;;
MACHADO;0.169;;;
PUERTA;0.168;;;
TELLEZ;0.168;;;
DE LOS SANTOS;0.168;;;
MOLINERO;0.168;;;
BERNABEU;0.168;;;
TOME;0.168;;;
TORIBIO;0.168;;;
BUENDIA;0.168;;;
MONZON;0.167;;;
PINA;0.167;;;
MARIÑO;0.167;;;
BARBERA;0.167;;;
MELIAN;0.167;;;
PRAT;0.166;;;
CORONADO;0.166;;;
MAYO;0.165;;;
JARAMILLO;0.165;;;
ENCINAS;0.165;;;
IBARRA;0.164;;;
LAMAS;0.164;;;
RODENAS;0.164;;;
ARANA;0.164;;;
PARRILLA;0.163;;;
LLORET;0.163;;;
SAURA;0.162;;;
CERVANTES;0.162;;;
VIVAS;0.162;;;
PEIRO;0.162;;;
VALDIVIA;0.162;;;
CARRO;0.162;;;
COSTAS;0.162;;;
SANMARTIN;0.161;;;
MAYORAL;0.161;;;
MARISCAL;0.161;;;
GABARRI;0.161;;;
PIQUERAS;0.161;;;
BADIA;0.161;;;
TOVAR;0.161;;;
TORRE;0.160;;;
MARTORELL;0.160;;;
QUILES;0.159;;;
BOIX;0.159;;;
CAÑETE;0.159;;;
HINOJOSA;0.159;;;
PALACIO;0.159;;;
MELENDEZ;0.158;;;
UREÑA;0.158;;;
MEJIA;0.158;;;
CARRERO;0.158;;;
COCA;0.158;;;
ANDUJAR;0.158;;;
GAMERO;0.158;;;
REVUELTA;0.158;;;
FARIÑA;0.157;;;
PEDRAZA;0.157;;;
CAMPS;0.157;;;
CAÑADAS;0.156;;;
GIRALDO;0.155;;;
FIDALGO;0.154;;;
PICAZO;0.154;;;
NARVAEZ;0.154;;;
PERERA;0.154;;;
PLANAS;0.154;;;
ZURITA;0.154;;;
SEPULVEDA;0.154;;;
GOÑI;0.153;;;
GUISADO;0.153;;;
MIR;0.153;;;
ACUÑA;0.152;;;
AMORES;0.152;;;
ALAMO;0.151;;;
DOS SANTOS;0.151;;;
TORREGROSA;0.151;;;
RIAL;0.151;;;
GORDO;0.151;;;
AMOR;0.151;;;
ROMO;0.151;;;
VILCHES;0.150;;;
CARRASCOSA;0.150;;;
SOLANA;0.150;;;
FRUTOS;0.150;;;
SEGUI;0.149;;;
PALAU;0.149;;;
GIRON;0.149;;;
PALAZON;0.149;;;
ADAN;0.149;;;
BOTELLA;0.149;;;
SABATER;0.149;;;
CALATAYUD;0.149;;;
SALES;0.148;;;
CODINA;0.148;;;
DE DIOS;0.148;;;
LEMA;0.148;;;
PICO;0.148;;;
VEGAS;0.148;;;
ARELLANO;0.148;;;
MESTRE;0.148;;;
RIQUELME;0.148;;;
QUERO;0.147;;;
LORA;0.147;;;
PARADA;0.147;;;
ARNAU;0.147;;;
PAREJO;0.147;;;
TOLEDANO;0.147;;;
NEVADO;0.147;;;
HERMOSO;0.146;;;
HERRAIZ;0.146;;;
LABRADOR;0.146;;;
MERA;0.146;;;
VIERA;0.146;;;
NOVO;0.146;;;
CHICO;0.145;;;
CUELLAR;0.145;;;
CANTOS;0.145;;;
POSTIGO;0.145;;;
BELDA;0.144;;;
ANTOLIN;0.144;;;
RIBES;0.144;;;
DEL MORAL;0.143;;;
NIEVES;0.143;;;
PELLICER;0.143;;;
GUIRADO;0.143;;;
VICO;0.143;;;
CESPEDES;0.143;;;
MEGIAS;0.143;;;
REVILLA;0.143;;;
JIMENO;0.143;;;
CAAMAÑO;0.143;;;
JAIME;0.143;;;
ANTUNEZ;0.143;;;
FUENTE;0.143;;;
SEMPERE;0.142;;;
TORRALBA;0.142;;;
RAMIRO;0.142;;;
VERDUGO;0.142;;;
NEIRA;0.141;;;
CORDON;0.141;;;
CENTENO;0.141;;;
GALIANO;0.140;;;
SILVESTRE;0.140;;;
GUARDIOLA;0.140;;;
ELVIRA;0.140;;;
SACRISTAN;0.140;;;
FARRE;0.140;;;
PIÑA;0.139;;;
QUIROGA;0.139;;;
BENAVIDES;0.139;;;
YAGUE;0.139;;;
SINGH;0.138;;;
ALEMANY;0.138;;;
CABANILLAS;0.138;;;
CANTO;0.137;;;
ROSELL;0.137;;;
BERROCAL;0.137;;;
MANSILLA;0.137;;;
COMAS;0.136;;;
COLOMER;0.136;;;
AROCA;0.136;;;
GILABERT;0.136;;;
URIARTE;0.136;;;
CAÑIZARES;0.135;;;
ESPIN;0.135;;;
ARNAIZ;0.135;;;
FEIJOO;0.134;;;
TRILLO;0.134;;;
MAÑAS;0.134;;;
HOYOS;0.134;;;
CAPDEVILA;0.133;;;
ROSELLO;0.133;;;
FIGUERAS;0.133;;;
CERDAN;0.133;;;
PERELLO;0.133;;;
GISBERT;0.133;;;
SANS;0.133;;;
BETANCOR;0.133;;;
TORREJON;0.132;;;
MONTEAGUDO;0.132;;;
MONTENEGRO;0.131;;;
TUDELA;0.131;;;
PORTELA;0.131;;;
LLANOS;0.131;;;
AMAT;0.131;;;
CORNEJO;0.131;;;
CAMPOY;0.131;;;
GUEVARA;0.130;;;
MAZA;0.130;;;
CRISTOBAL;0.130;;;
FONSECA;0.130;;;
FLOREZ;0.130;;;
GARRIGA;0.130;;;
SAN JUAN;0.129;;;
CHAPARRO;0.129;;;
MORILLA;0.129;;;
HOLGADO;0.129;;;
AMADO;0.129;;;
MESEGUER;0.129;;;
MARMOL;0.129;;;
BASTIDA;0.129;;;
TEJERA;0.129;;;
SECO;0.129;;;
QUIÑONES;0.128;;;
REIG;0.128;;;
ALIAGA;0.128;;;
RIO;0.128;;;
ESPINO;0.128;;;
MURIEL;0.128;;;
PLASENCIA;0.127;;;
GABARRE;0.126;;;
ABREU;0.126;;;
BARRIENTOS;0.126;;;
CARPIO;0.126;;;
VALCARCEL;0.126;;;
SAN MIGUEL;0.126;;;
CAMINO;0.125;;;
JULIAN;0.125;;;
SAMPER;0.125;;;
ESPINOZA;0.125;;;
CARRANZA;0.125;;;
SALDAÑA;0.125;;;
GUIRAO;0.125;;;
RUZ;0.125;;;
DE HARO;0.125;;;
GAVILAN;0.124;;;
VACA;0.124;;;
MORERA;0.124;;;
FLORIDO;0.124;;;
MATOS;0.123;;;
JULIA;0.123;;;
CASTELLS;0.123;;;
LILLO;0.123;;;
BENAVENTE;0.123;;;
ANAYA;0.122;;;
OVIEDO;0.122;;;
DORTA;0.122;;;
MORATO;0.122;;;
CHICA;0.121;;;
FERRERA;0.121;;;
OLIVERA;0.121;;;
LORCA;0.121;;;
SOUSA;0.120;;;
PARIS;0.120;;;
CASARES;0.120;;;
RECHE;0.120;;;
CASALS;0.120;;;
VALDERRAMA;0.120;;;
HIGUERAS;0.119;;;
PAJARES;0.119;;;
CALZADA;0.118;;;
PEREDA;0.118;;;
DE LA IGLESIA;0.118;;;
JOVER;0.118;;;
MERIDA;0.118;;;
AGULLO;0.118;;;
DENIZ;0.118;;;
CABRERO;0.118;;;
VERDEJO;0.118;;;
CONEJO;0.117;;;
URRUTIA;0.117;;;
FERRERAS;0.117;;;
TUR;0.117;;;
JORDA;0.117;;;
MONTALVO;0.117;;;
CANDELA;0.117;;;
SALAMANCA;0.117;;;
ROPERO;0.117;;;
CASERO;0.117;;;
DE LA PEÑA;0.116;;;
ALBALADEJO;0.116;;;
ELIAS;0.116;;;
MELGAR;0.116;;;
ASENJO;0.116;;;
CUETO;0.116;;;
BENAVENT;0.116;;;
ARRIETA;0.116;;;
GASPAR;0.116;;;
UGARTE;0.115;;;
CORBACHO;0.115;;;
DEL AMO;0.115;;;
PUEYO;0.115;;;
VARA;0.115;;;
GOMIS;0.115;;;
NOGUEIRA;0.115;;;
MERCADO;0.115;;;
CERRO;0.115;;;
MATO;0.115;;;
DAZA;0.114;;;
ARAGONES;0.114;;;
MARTEL;0.114;;;
ESPINAR;0.114;;;
MAESTRO;0.114;;;
LLORCA;0.114;;;
COELLO;0.114;;;
PUGA;0.114;;;
LARREA;0.113;;;
BAYON;0.113;;;
FERRANDEZ;0.113;;;
VADILLO;0.113;;;
TORRADO;0.113;;;
ESPARZA;0.113;;;
DE ANDRES;0.113;;;
DE LA VEGA;0.113;;;
PALOMAR;0.113;;;
BRIONES;0.113;;;
RIUS;0.112;;;
GARMENDIA;0.112;;;
SALIDO;0.112;;;
TORMO;0.112;;;
MONTALBAN;0.112;;;
SIMO;0.112;;;
MADRIGAL;0.112;;;
MATIAS;0.111;;;
BERNARDO;0.111;;;
PAGES;0.111;;;
HIERRO;0.111;;;
DE PABLO;0.111;;;
BARRIGA;0.111;;;
AYLLON;0.111;;;
VILLALOBOS;0.111;;;
ESCALANTE;0.111;;;
MANCEBO;0.110;;;
TRIVIÑO;0.110;;;
MONJE;0.110;;;
PINTADO;0.110;;;
DE LA CALLE;0.110;;;
CASANOVAS;0.110;;;
QUINTANILLA;0.110;;;
ANGUITA;0.110;;;
RAMA;0.110;;;
CAPILLA;0.110;;;
MILAN;0.109;;;
DONOSO;0.109;;;
CABO;0.109;;;
DONAIRE;0.109;;;
LARRAÑAGA;0.109;;;
VILANOVA;0.109;;;
GIRALDEZ;0.109;;;
BOU;0.109;;;
CADENAS;0.109;;;
CARPINTERO;0.109;;;
PORTERO;0.108;;;
MOLLA;0.108;;;
CASTILLEJO;0.108;;;
SABATE;0.108;;;
UTRERA;0.108;;;
GUARDIA;0.108;;;
ANTEQUERA;0.108;;;
POZA;0.108;;;
IRIARTE;0.107;;;
TORRENT;0.107;;;
ALVES;0.107;;;
RABADAN;0.107;;;
BLAS;0.107;;;
GALLO;0.107;;;
PORCEL;0.107;;;
BUSTO;0.107;;;
PICON;0.107;;;
DALMAU;0.106;;;
BUITRAGO;0.106;;;
ZUÑIGA;0.106;;;
CASCALES;0.106;;;
CORTIJO;0.106;;;
MONREAL;0.106;;;
ALBARRAN;0.106;;;
PALMERO;0.106;;;
MIQUEL;0.106;;;
LIMA;0.106;;;
CAÑADA;0.106;;;
AMIGO;0.105;;;
PITA;0.105;;;
TERRON;0.105;;;
MEDIAVILLA;0.105;;;
CLAVIJO;0.105;;;
GARAY;0.105;;;
PORTA;0.105;;;
BERLANGA;0.105;;;
VALENTIN;0.105;;;
PELAYO;0.105;;;
SARABIA;0.105;;;
PAYA;0.105;;;
GREGORIO;0.104;;;
GARROTE;0.104;;;
POZUELO;0.104;;;
RONCERO;0.104;;;
MONTESDEOCA;0.104;;;
PARRAGA;0.104;;;
VAL;0.104;;;
ALMANSA;0.104;;;
PRIEGO;0.104;;;
JODAR;0.103;;;
MONTAÑES;0.103;;;
ALBERDI;0.103;;;
CARBAJO;0.103;;;
GEA;0.103;;;
MIGUELEZ;0.103;;;
MENESES;0.103;;;
BLANCH;0.103;;;
COMPANY;0.103;;;
ZORRILLA;0.103;;;
DE FRUTOS;0.103;;;
CARDOSO;0.103;;;
BARRETO;0.103;;;
GINES;0.103;;;
ANGEL;0.103;;;
CUERVO;0.103;;;
LLUCH;0.103;;;
RODA;0.102;;;
MORALEDA;0.102;;;
ESCRIVA;0.102;;;
CISNEROS;0.102;;;
SANABRIA;0.102;;;
PUCHE;0.102;;;
REGUERA;0.102;;;
NORIEGA;0.101;;;
TRIGUERO;0.101;;;
INFANTES;0.101;;;
PIÑOL;0.101;;;
AGUERA;0.101;;;
MICO;0.101;;;
BARAHONA;0.101;;;
MORELL;0.100;;;
RAPOSO;0.100;;;
PORTO;0.100;;;
JUSTO;0.100;;;
ARCAS;0.100;;;
GAZQUEZ;0.100;;;
MAQUEDA;0.100;;;
MORANTE;0.100;;;
CARABALLO;0.100;;;
PEÑAS;0.100;;;
AGUIAR;0.099;;;
BAYO;0.099;;;
SILES;0.099;;;
MORGADO;0.099;;;
POMARES;0.099;;;
TENORIO;0.099;;;
MULERO;0.098;;;
VALLADARES;0.098;;;
PANADERO;0.098;;;
MILLA;0.098;;;
MONROY;0.098;;;
VACAS;0.098;;;
GRANDA;0.098;;;
REGUEIRO;0.098;;;
CONCEPCION;0.098;;;
DE PAZ;0.098;;;
ESCALONA;0.098;;;
PLATA;0.098;;;
ZAMBRANA;0.098;;;
BERTRAN;0.098;;;
CARAVACA;0.098;;;
MANJON;0.098;;;
CASTRILLO;0.098;;;
QUEROL;0.098;;;
OLIVEIRA;0.097;;;
ALMAZAN;0.097;;;
ROCAMORA;0.097;;;
GRANERO;0.097;;;
ABELLA;0.097;;;
CARRACEDO;0.097;;;
CASTEJON;0.097;;;
ASENCIO;0.097;;;
MURO;0.097;;;
PLANA;0.097;;;
CABAÑAS;0.097;;;
MACHO;0.097;;;
TORNERO;0.096;;;
ALCON;0.096;;;
CANTON;0.096;;;
PRADAS;0.096;;;
BOLIVAR;0.096;;;
ROSILLO;0.096;;;
TEBAR;0.096;;;
BARBOSA;0.096;;;
CEPEDA;0.096;;;
VILAS;0.095;;;
AMARO;0.095;;;
CERRATO;0.095;;;
GANDIA;0.095;;;
CALZADO;0.095;;;
FORTES;0.095;;;
CARBO;0.095;;;
CASTELL;0.095;;;
MACHIN;0.095;;;
SEDANO;0.095;;;
MOLINER;0.094;;;
MIRAS;0.094;;;
MOTOS;0.094;;;
ARREGUI;0.094;;;
TORRIJOS;0.094;;;
BARCO;0.093;;;
ROA;0.093;;;
VILLARREAL;0.093;;;
HENRIQUEZ;0.093;;;
CAMPAÑA;0.093;;;
LLEDO;0.093;;;
SOTELO;0.093;;;
ARGUELLES;0.093;;;
RIVEIRO;0.093;;;
VENEGAS;0.093;;;
CUTILLAS;0.093;;;
PARRAS;0.093;;;
RUS;0.092;;;
ARTILES;0.092;;;
BARON;0.092;;;
ESCAMILLA;0.092;;;
DEL BARRIO;0.092;;;
CUARTERO;0.092;;;
CONEJERO;0.092;;;
BAZAN;0.092;;;
VARO;0.092;;;
DE PEDRO;0.091;;;
TRINIDAD;0.091;;;
LOUREIRO;0.091;;;
FABREGAT;0.091;;;
TORRECILLAS;0.091;;;
COZAR;0.091;;;
MANGAS;0.091;;;
ABADIA;0.091;;;
CANAL;0.091;;;
BARRENA;0.091;;;
VILARIÑO;0.091;;;
URIBE;0.091;;;
MENGUAL;0.090;;;
OLLER;0.090;;;
AGUAYO;0.090;;;
CASILLAS;0.090;;;
FONTAN;0.090;;;
PEDRERO;0.090;;;
RAMIS;0.090;;;
VIGO;0.090;;;
ARMENGOL;0.090;;;
MARIA;0.090;;;
DURA;0.090;;;
MONFORT;0.090;;;
ABASCAL;0.090;;;
UCEDA;0.090;;;
PARRADO;0.090;;;
SENDRA;0.090;;;
QUILEZ;0.090;;;
JAUREGUI;0.090;;;
ORTA;0.090;;;
QUINTAS;0.090;;;
MORATA;0.090;;;
BEJAR;0.090;;;
ALSINA;0.090;;;
IÑIGUEZ;0.090;;;
CANALS;0.089;;;
PABLOS;0.089;;;
SEIJAS;0.089;;;
FERRI;0.089;;;
TERAN;0.089;;;
BARCIA;0.089;;;
GALIANA;0.089;;;
DIZ;0.089;;;
COLOM;0.089;;;
BREA;0.089;;;
YANES;0.089;;;
ANDRADES;0.089;;;
ORTS;0.089;;;
CARNERO;0.088;;;
PANTOJA;0.088;;;
TORRENTE;0.088;;;
LAVADO;0.088;;;
ROQUE;0.088;;;
CAMARERO;0.088;;;
GONZALVEZ;0.088;;;
NEBOT;0.088;;;
TORRECILLA;0.087;;;
VELASQUEZ;0.087;;;
PABLO;0.087;;;
NICOLAU;0.087;;;
DEVESA;0.087;;;
ROSAS;0.087;;;
ANTELO;0.087;;;
DE JUAN;0.087;;;
CAYUELA;0.087;;;
BUSQUETS;0.087;;;
LANDA;0.087;;;
FELIX;0.087;;;
AGUILA;0.087;;;
HUGUET;0.087;;;
ROMANO;0.087;;;
MUGICA;0.086;;;
ALCOLEA;0.086;;;
LAHOZ;0.086;;;
LIEBANA;0.086;;;
NIÑO;0.086;;;
SAN ROMAN;0.086;;;
LLANO;0.086;;;
ALGUACIL;0.086;;;
CASES;0.086;;;
FERRO;0.086;;;
IBORRA;0.086;;;
VIEJO;0.085;;;
ARNAL;0.085;;;
VICENT;0.085;;;
ARAMBURU;0.085;;;
DEL REY;0.085;;;
DURO;0.085;;;
ROSARIO;0.085;;;
BORRERO;0.085;;;
VALBUENA;0.085;;;
LASO;0.085;;;
SIMARRO;0.085;;;
GRAÑA;0.085;;;
AMO;0.085;;;
POSADA;0.085;;;
LASTRA;0.085;;;
HIGUERA;0.085;;;
SALVATIERRA;0.085;;;
BAQUERO;0.084;;;
ROSSELLO;0.084;;;
REINOSO;0.084;;;
NUÑO;0.084;;;
RUA;0.084;;;
COUTO;0.084;;;
FERRANDIZ;0.084;;;
BLANES;0.084;;;
FUNES;0.084;;;
TOSCANO;0.084;;;
GADEA;0.083;;;
NAVALON;0.083;;;
BARRIONUEVO;0.083;;;
MASIP;0.083;;;
ORTIGOSA;0.083;;;
ARRABAL;0.083;;;
PEREIRO;0.083;;;
IRANZO;0.083;;;
VIVANCOS;0.083;;;
BLANCA;0.083;;;
BAS;0.083;;;
RANGEL;0.083;;;
CORONEL;0.083;;;
LAGE;0.083;;;
MENDIZABAL;0.083;;;
MATAMOROS;0.083;;;
NEGRIN;0.082;;;
MORENTE;0.082;;;
VENDRELL;0.082;;;
BARRAL;0.082;;;
PARREÑO;0.082;;;
SABORIDO;0.082;;;
MATILLA;0.082;;;
CURBELO;0.082;;;
MARINA;0.082;;;
LIÑAN;0.082;;;
BARQUERO;0.082;;;
MOLL;0.082;;;
ROZAS;0.082;;;
VIANA;0.082;;;
CARREIRA;0.082;;;
EGIDO;0.082;;;
CANET;0.081;;;
ROMEO;0.081;;;
PASTRANA;0.081;;;
ARTERO;0.081;;;
DE LOS REYES;0.081;;;
ACERO;0.081;;;
PINTOR;0.081;;;
CRUCES;0.081;;;
CORREAS;0.081;;;
REGALADO;0.081;;;
ARAQUE;0.081;;;
POMBO;0.081;;;
MONDEJAR;0.081;;;
BALLESTA;0.081;;;
ALMENDROS;0.081;;;
SELLES;0.081;;;
ESTEBANEZ;0.081;;;
DE LUCAS;0.081;;;
ALI;0.080;;;
ARTIGAS;0.080;;;
LLINARES;0.080;;;
BELLON;0.080;;;
ROMEU;0.080;;;
DEL VAL;0.080;;;
ALBERO;0.080;;;
PAGAN;0.080;;;
HUETE;0.080;;;
OLEA;0.080;;;
CORCOLES;0.080;;;
LASA;0.080;;;
DE BLAS;0.080;;;
YEPES;0.080;;;
SALADO;0.080;;;
SAMANIEGO;0.079;;;
FRANCH;0.079;;;
CURTO;0.079;;;
CALVENTE;0.079;;;
PINEDO;0.079;;;
SOLERA;0.079;;;
CURIEL;0.079;;;
FELIU;0.079;;;
NOTARIO;0.079;;;
MONZO;0.079;;;
PALENCIA;0.079;;;
CORTINA;0.079;;;
DE JESUS;0.079;;;
COTO;0.079;;;
MERCADER;0.079;;;
HITA;0.079;;;
FRESNEDA;0.079;;;
BARREDA;0.079;;;
GALISTEO;0.078;;;
CORBALAN;0.078;;;
BERNARDEZ;0.078;;;
PAJUELO;0.078;;;
EDO;0.078;;;
CHINCHILLA;0.078;;;
TORRICO;0.078;;;
LOSA;0.078;;;
VELARDE;0.078;;;
ACEITUNO;0.078;;;
TOLOSA;0.078;;;
MULET;0.078;;;
BAJO;0.078;;;
OLTRA;0.078;;;
COLMENERO;0.078;;;
CALABUIG;0.078;;;
VICARIO;0.078;;;
ALGABA;0.078;;;
GIJON;0.077;;;
IZAGUIRRE;0.077;;;
GUASCH;0.077;;;
GABALDON;0.077;;;
CORPAS;0.077;;;
PACHON;0.077;;;
TERCERO;0.077;;;
ALLER;0.077;;;
CLAVERO;0.077;;;
ALBEROLA;0.077;;;
BERNAD;0.077;;;
VARONA;0.077;;;
MATE;0.077;;;
GUILLAMON;0.077;;;
BARRUL;0.076;;;
BORREGUERO;0.076;;;
NOYA;0.076;;;
HERRAEZ;0.076;;;
TORRAS;0.076;;;
GUILLEM;0.076;;;
BRENES;0.076;;;
ESPINA;0.076;;;
IÑIGO;0.076;;;
HUESO;0.076;;;
MARCH;0.076;;;
RODERO;0.076;;;
LLADO;0.076;;;
MARCHENA;0.076;;;
ALCOCER;0.076;;;
DEL TORO;0.076;;;
BARRADO;0.076;;;
BAYONA;0.076;;;
PATON;0.075;;;
AZORIN;0.075;;;
BARRACHINA;0.075;;;
FELIZ;0.075;;;
LAVIN;0.075;;;
TRIGUEROS;0.075;;;
REGO;0.075;;;
ETXEBERRIA;0.075;;;
SIRVENT;0.075;;;
VALDIVIESO;0.075;;;
CUADROS;0.075;;;
BOZA;0.075;;;
MANCERA;0.075;;;
ESCOLANO;0.075;;;
PIEDRA;0.075;;;
GAITAN;0.075;;;
ALEGRIA;0.075;;;
TABARES;0.074;;;
POSE;0.074;;;
PITARCH;0.074;;;
QUINTELA;0.074;;;
DE LA HOZ;0.074;;;
GOICOECHEA;0.074;;;
ZARZA;0.074;;;
BERTOMEU;0.074;;;
ASENSI;0.074;;;
AGUERO;0.074;;;
MONEDERO;0.074;;;
CHAMIZO;0.074;;;
DEL CERRO;0.074;;;
TAMARIT;0.074;;;
MAGAN;0.074;;;
BERRIO;0.074;;;
SERRAT;0.074;;;
BORRELL;0.074;;;
VICENS;0.074;;;
CASTIÑEIRA;0.074;;;
BALBOA;0.074;;;
ZARCO;0.074;;;
COLOMA;0.074;;;
HERNANZ;0.074;;;
VIVO;0.073;;;
TORRALBO;0.073;;;
ARACIL;0.073;;;
SOLSONA;0.073;;;
CALLEJO;0.073;;;
CEJUDO;0.073;;;
BARO;0.073;;;
CUEVA;0.073;;;
ESCOBEDO;0.073;;;
ZARATE;0.073;;;
MIRON;0.073;;;
ESTEPA;0.073;;;
PERONA;0.073;;;
GANDARA;0.073;;;
TORAL;0.073;;;
SOMOZA;0.073;;;
CALLEJAS;0.073;;;
RENDON;0.073;;;
SEIJO;0.073;;;
COMESAÑA;0.073;;;
QUIJADA;0.073;;;
CABRERIZO;0.072;;;
VILLAESCUSA;0.072;;;
TREJO;0.072;;;
JAREÑO;0.072;;;
BEDOYA;0.072;;;
BORGES;0.072;;;
MAESO;0.072;;;
GONZALES;0.072;;;
POU;0.072;;;
LERMA;0.072;;;
MALAGON;0.072;;;
AVALOS;0.072;;;
AMENGUAL;0.072;;;
RODRIGUES;0.072;;;
GARGALLO;0.072;;;
BARCENA;0.072;;;
DEL HOYO;0.072;;;
TORTAJADA;0.072;;;
LARROSA;0.072;;;
MOURE;0.072;;;
REQUEJO;0.072;;;
ARMENTEROS;0.072;;;
MOLANO;0.072;;;
HEVIA;0.072;;;
ARANGO;0.071;;;
PELEGRIN;0.071;;;
LLACER;0.071;;;
BATLLE;0.071;;;
TEJEDA;0.071;;;
MELO;0.071;;;
BROTONS;0.071;;;
MUR;0.071;;;
SICILIA;0.071;;;
FABRA;0.071;;;
GIRONA;0.071;;;
AGUSTI;0.071;;;
PRADES;0.071;;;
LLOP;0.070;;;
LUMBRERAS;0.070;;;
GELABERT;0.070;;;
MESAS;0.070;;;
BAUZA;0.070;;;
PIQUER;0.070;;;
MARQUINA;0.070;;;
DIOS;0.070;;;
TRONCOSO;0.070;;;
GASCO;0.070;;;
CANDEL;0.070;;;
MAYORGA;0.070;;;
GALDEANO;0.070;;;
MAGRO;0.070;;;
GALDON;0.070;;;
COLLANTES;0.069;;;
URBINA;0.069;;;
PIMENTEL;0.069;;;
ALCAÑIZ;0.069;;;
BERNAT;0.069;;;
BERBEL;0.069;;;
MIÑANA;0.069;;;
LOPERA;0.069;;;
DARIAS;0.069;;;
CRUZADO;0.069;;;
LEYVA;0.069;;;
CIUDAD;0.069;;;
GAMBOA;0.069;;;
MACHUCA;0.069;;;
CAMARENA;0.069;;;
FLOR;0.069;;;
CEDEÑO;0.069;;;
BOUZAS;0.069;;;
CAO;0.069;;;
NOVILLO;0.069;;;
ADAME;0.069;;;
HERNAN;0.069;;;
CORONA;0.069;;;
COLLAZO;0.068;;;
VILLALON;0.068;;;
MADUEÑO;0.068;;;
REVERTE;0.068;;;
GAMARRA;0.068;;;
LEDO;0.068;;;
MUNUERA;0.068;;;
HERMOSILLA;0.068;;;
AZCONA;0.068;;;
UTRILLA;0.068;;;
REGUEIRA;0.068;;;
ILLAN;0.068;;;
GOMARIZ;0.068;;;
GONGORA;0.068;;;
GAVIRA;0.068;;;
CLAVERIA;0.068;;;
CUBAS;0.068;;;
MOSCOSO;0.068;;;
PUENTES;0.068;;;
ETXEBARRIA;0.068;;;
ARANGUREN;0.068;;;
CEA;0.068;;;
MONTAÑEZ;0.068;;;
QUISPE;0.067;;;
ENRIQUE;0.067;;;
VINUESA;0.067;;;
ESPI;0.067;;;
MORANT;0.067;;;
ZABALETA;0.067;;;
MALLO;0.067;;;
CREMADES;0.067;;;
BELENGUER;0.067;;;
OLIVERAS;0.067;;;
GARATE;0.067;;;
BATALLA;0.067;;;
CAÑELLAS;0.067;;;
CASTELLON;0.067;;;
ESCOLAR;0.067;;;
VERDE;0.067;;;
MONTSERRAT;0.067;;;
MAYORDOMO;0.067;;;
VIÑA;0.067;;;
RIOJA;0.066;;;
ORTIN;0.066;;;
IVARS;0.066;;;
JUSTICIA;0.066;;;
MARCHANTE;0.066;;;
VARAS;0.066;;;
ROURA;0.066;;;
VILALTA;0.066;;;
LABORDA;0.066;;;
BAZ;0.066;;;
URIA;0.066;;;
LECHUGA;0.066;;;
BOLUDA;0.066;;;
PIERA;0.066;;;
BONILLO;0.066;;;
FABREGAS;0.066;;;
CANOSA;0.066;;;
RICART;0.066;;;
TROYA;0.066;;;
GALARZA;0.066;;;
MUELA;0.066;;;
CARRASCAL;0.066;;;
GALLEGOS;0.066;;;
PONT;0.066;;;
MAGDALENO;0.066;;;
LASHERAS;0.066;;;
ILLESCAS;0.066;;;
RUBIALES;0.066;;;
TEIJEIRO;0.066;;;
CASTELLA;0.066;;;
FANDIÑO;0.066;;;
ADELL;0.066;;;
TRUEBA;0.066;;;
JOVE;0.066;;;
BOADA;0.066;;;
PUEBLA;0.065;;;
PADIN;0.065;;;
RODAS;0.065;;;
MULA;0.065;;;
PORTILLA;0.065;;;
JUNQUERA;0.065;;;
ALEJO;0.065;;;
ALMODOVAR;0.065;;;
PALENZUELA;0.065;;;
GALEANO;0.065;;;
FOLCH;0.065;;;
RAYO;0.065;;;
VILAPLANA;0.065;;;
TEROL;0.065;;;
BENEDICTO;0.065;;;
SALVADO;0.065;;;
PALACIN;0.065;;;
GREGORI;0.065;;;
HORTELANO;0.065;;;
OBREGON;0.065;;;
ELENA;0.065;;;
MENDIETA;0.065;;;
LARIOS;0.065;;;
ORIHUELA;0.065;;;
DOBLAS;0.065;;;
ADROVER;0.064;;;
OCAMPO;0.064;;;
CACHO;0.064;;;
CAPEL;0.064;;;
DONCEL;0.064;;;
LLOBET;0.064;;;
POLANCO;0.064;;;
VILLARROEL;0.064;;;
PALLAS;0.064;;;
CANTARERO;0.064;;;
INSUA;0.064;;;
FORNES;0.064;;;
MARZO;0.064;;;
BOUZA;0.064;;;
GOMILA;0.064;;;
NOGUES;0.064;;;
COROMINAS;0.064;;;
ARREBOLA;0.064;;;
ALBARRACIN;0.064;;;
ARMERO;0.063;;;
AGUSTIN;0.063;;;
CORREDOR;0.063;;;
ELORZA;0.063;;;
GUAL;0.063;;;
MELGAREJO;0.063;;;
MAGAÑA;0.063;;;
MARTINS;0.063;;;
ARNEDO;0.063;;;
ORGAZ;0.063;;;
CUADRA;0.063;;;
CALVIÑO;0.063;;;
RUBIA;0.063;;;
DIALLO;0.063;;;
MORAGA;0.063;;;
MONSERRAT;0.063;;;
DE LOS RIOS;0.063;;;
GOMES;0.063;;;
MOLINS;0.063;;;
OÑATE;0.062;;;
RIESCO;0.062;;;
ESCALERA;0.062;;;
ARCO;0.062;;;
JUEZ;0.062;;;
BOCANEGRA;0.062;;;
PRESA;0.062;;;
GALA;0.062;;;
LEMOS;0.062;;;
PLATERO;0.062;;;
ZAPICO;0.062;;;
PAÑOS;0.062;;;
CALLEJON;0.062;;;
LIGERO;0.062;;;
CARCELES;0.062;;;
CARAZO;0.062;;;
MARFIL;0.062;;;
LUGO;0.062;;;
VAZ;0.062;;;
POYATOS;0.062;;;
SALOM;0.062;;;
TARIN;0.062;;;
FARIÑAS;0.062;;;
SOLORZANO;0.061;;;
ARIÑO;0.061;;;
PINTOS;0.061;;;
CAVERO;0.061;;;
OVEJERO;0.061;;;
CAÑO;0.061;;;
LANZA;0.061;;;
DEL ROSARIO;0.061;;;
GAYA;0.061;;;
VILLAREJO;0.061;;;
SANTAELLA;0.061;;;
SILLERO;0.061;;;
GRANELL;0.061;;;
MESTRES;0.061;;;
ASTORGA;0.061;;;
CORREDERA;0.061;;;
PEÑARANDA;0.061;;;
CORDOVA;0.061;;;
ARREDONDO;0.061;;;
CRESPI;0.061;;;
SEBASTIA;0.061;;;
HOLGUIN;0.061;;;
BATALLER;0.061;;;
CASTELO;0.061;;;
RISCO;0.061;;;
TEIXEIRA;0.061;;;
LLAMAZARES;0.060;;;
ODRIOZOLA;0.060;;;
DOMENE;0.060;;;
ANTONIO;0.060;;;
RIBA;0.060;;;
VIGIL;0.060;;;
TEIXIDO;0.060;;;
ELIZALDE;0.060;;;
CAVA;0.060;;;
ARMENDARIZ;0.060;;;
CABALEIRO;0.060;;;
SUERO;0.060;;;
MELCHOR;0.060;;;
AUGUSTO;0.060;;;
EZQUERRA;0.060;;;
LAMA;0.060;;;
ROJANO;0.060;;;
FALCO;0.060;;;
SESMA;0.060;;;
CUELLO;0.060;;;
HUMANES;0.060;;;
FEITO;0.060;;;
OLIVEROS;0.060;;;
CHINEA;0.060;;;
MALO;0.060;;;
SARRIA;0.060;;;
MATUTE;0.060;;;
ALLENDE;0.060;;;
DOPICO;0.060;;;
TORRENS;0.059;;;
DUAL;0.059;;;
ESTRELLA;0.059;;;
MENACHO;0.059;;;
BETHENCOURT;0.059;;;
SUREDA;0.059;;;
COMINO;0.059;;;
GODINO;0.059;;;
MOLTO;0.059;;;
CALVET;0.059;;;
BEL;0.059;;;
DOVAL;0.059;;;
PEDREIRA;0.059;;;
VILLARROYA;0.059;;;
COLAS;0.059;;;
POL;0.059;;;
LIMON;0.059;;;
GARRIGOS;0.059;;;
CAMARASA;0.059;;;
VASCO;0.059;;;
SALGUEIRO;0.059;;;
MONTANER;0.059;;;
PIRIS;0.059;;;
TINOCO;0.059;;;
CARRIL;0.059;;;
OLIVE;0.059;;;
ULLOA;0.059;;;
VALENCIANO;0.059;;;
GUEDES;0.059;;;
ARRIZABALAGA;0.058;;;
GAMIZ;0.058;;;
BOHORQUEZ;0.058;;;
CUBILLO;0.058;;;
BARBER;0.058;;;
CAMPUZANO;0.058;;;
OLALLA;0.058;;;
NAVA;0.058;;;
HERRADOR;0.058;;;
TENDERO;0.058;;;
ABARCA;0.058;;;
RUFO;0.058;;;
ADRIAN;0.058;;;
MANRESA;0.058;;;
CARA;0.058;;;
BUZON;0.058;;;
SANGUINO;0.058;;;
PARIENTE;0.058;;;
MOZO;0.058;;;
CAPITAN;0.058;;;
SANJURJO;0.058;;;
BUSTILLO;0.058;;;
BAÑON;0.058;;;
ESQUINAS;0.058;;;
ZAPATERO;0.058;;;
CERON;0.058;;;
MIÑANO;0.057;;;
MANCHON;0.057;;;
PERNAS;0.057;;;
LORITE;0.057;;;
PARES;0.057;;;
RESTREPO;0.057;;;
ARTOLA;0.057;;;
ESTRUCH;0.057;;;
GARIJO;0.057;;;
BAILON;0.057;;;
LLABRES;0.057;;;
VIVAR;0.057;;;
ISLA;0.057;;;
EZQUERRO;0.057;;;
OLIVAS;0.057;;;
VILLALTA;0.057;;;
GIBERT;0.057;;;
CABANES;0.057;;;
BENET;0.057;;;
ARENCIBIA;0.057;;;
BARQUIN;0.057;;;
LOIS;0.057;;;
BLESA;0.057;;;
DOLZ;0.057;;;
KHAN;0.057;;;
ARRIAGA;0.057;;;
BORRALLO;0.057;;;
OLLE;0.057;;;
JAUME;0.057;;;
DEL AGUILA;0.057;;;
MADARIAGA;0.057;;;
VILLEN;0.057;;;
MORATALLA;0.057;;;
LAINEZ;0.056;;;
MAYOL;0.056;;;
FORTUNY;0.056;;;
GALLART;0.056;;;
DEL ALAMO;0.056;;;
NOVAS;0.056;;;
SAN EMETERIO;0.056;;;
RECUERO;0.056;;;
CANCELA;0.056;;;
GAONA;0.056;;;
ALMENARA;0.056;;;
DE PRADO;0.056;;;
LEBRON;0.056;;;
NAVAJAS;0.056;;;
MANCHADO;0.056;;;
VILLALONGA;0.056;;;
SALVA;0.056;;;
VERGES;0.056;;;
ORTI;0.056;;;
GRAS;0.056;;;
LOMAS;0.056;;;
COUSO;0.056;;;
LAGARES;0.056;;;
IGUAL;0.056;;;
ARGUELLO;0.056;;;
ALAMEDA;0.056;;;
MONTEJO;0.056;;;
BELLVER;0.055;;;
DE FRANCISCO;0.055;;;
MATESANZ;0.055;;;
BRUNO;0.055;;;
MANCILLA;0.055;;;
PLANELLS;0.055;;;
BERNA;0.055;;;
ALDEA;0.055;;;
GOIKOETXEA;0.055;;;
VIEDMA;0.055;;;
BERMUDO;0.055;;;
GAY;0.055;;;
BRIZ;0.055;;;
MAURI;0.055;;;
BRU;0.055;;;
DE LA PUENTE;0.055;;;
CARNICERO;0.055;;;
ANDREO;0.055;;;
SANTACRUZ;0.055;;;
MONTAÑA;0.055;;;
AMATE;0.055;;;
VICTORIA;0.055;;;
ARQUES;0.055;;;
SARRION;0.055;;;
BELINCHON;0.055;;;
FERIA;0.055;;;
CAPO;0.055;;;
ALEJANDRE;0.055;;;
FILGUEIRA;0.055;;;
ROMA;0.055;;;
CABRAL;0.055;;;
SANTISTEBAN;0.055;;;
SANTANDER;0.055;;;
AGUILO;0.055;;;
MENOR;0.054;;;
NUEZ;0.054;;;
GORDON;0.054;;;
BENJUMEA;0.054;;;
MIÑARRO;0.054;;;
VIZUETE;0.054;;;
MINGORANCE;0.054;;;
CASELLAS;0.054;;;
COLORADO;0.054;;;
MARAÑON;0.054;;;
PICHARDO;0.054;;;
MOHEDANO;0.054;;;
FRESNO;0.054;;;
NAHARRO;0.054;;;
CERRILLO;0.054;;;
GAMBIN;0.054;;;
QUERALT;0.054;;;
CHUECA;0.054;;;
BIELSA;0.054;;;
ISERN;0.054;;;
IRIGOYEN;0.054;;;
JARQUE;0.054;;;
OSES;0.054;;;
PERNIA;0.054;;;
ALTUNA;0.054;;;
FRUCTUOSO;0.054;;;
AGIRRE;0.054;;;
BERZOSA;0.053;;;
OLIVAN;0.053;;;
PALAO;0.053;;;
MORAGUES;0.053;;;
UGALDE;0.053;;;
TRENADO;0.053;;;
ZAZO;0.053;;;
DONATE;0.053;;;
DE LA PAZ;0.053;;;
OLMEDA;0.053;;;
LACALLE;0.053;;;
GIRONES;0.053;;;
PADIAL;0.053;;;
LLERA;0.053;;;
BARAJAS;0.053;;;
ESPINOLA;0.053;;;
COMA;0.053;;;
PARERA;0.053;;;
MASCARO;0.053;;;
RAVELO;0.053;;;
RIAÑO;0.053;;;
DOBLADO;0.053;;;
ACEBES;0.053;;;
GARRO;0.053;;;
LONDOÑO;0.053;;;
BORONAT;0.053;;;
ANGLADA;0.053;;;
DE LUIS;0.053;;;
VECINO;0.053;;;
AÑON;0.053;;;
ITURBE;0.052;;;
PAYAN;0.052;;;
GUAMAN;0.052;;;
AVENDAÑO;0.052;;;
VIEIRA;0.052;;;
SEDEÑO;0.052;;;
BACHILLER;0.052;;;
MAÑEZ;0.052;;;
RIZO;0.052;;;
OLLERO;0.052;;;
BELLES;0.052;;;
SAN SEGUNDO;0.052;;;
BENEYTO;0.052;;;
ALDANA;0.052;;;
MEDEL;0.052;;;
FERRANDIS;0.052;;;
BARBERAN;0.052;;;
CASTAÑON;0.052;;;
TATO;0.052;;;
ARBELO;0.052;;;
BLAYA;0.052;;;
PEDREÑO;0.052;;;
BONO;0.052;;;
URREA;0.052;;;
MOROTE;0.052;;;
AMOEDO;0.052;;;
BOTE;0.052;;;
MORTE;0.052;;;
ZAYAS;0.052;;;
VIVANCO;0.052;;;
PINAR;0.052;;;
CASTAN;0.052;;;
CELDRAN;0.051;;;
GIRALT;0.051;;;
CHICHARRO;0.051;;;
ESCRIG;0.051;;;
ALOS;0.051;;;
MERLO;0.051;;;
MONCADA;0.051;;;
CAMARGO;0.051;;;
PAMIES;0.051;;;
CORCHERO;0.051;;;
SANDE;0.051;;;
OSPINA;0.051;;;
NOGUERAS;0.051;;;
VALDEZ;0.051;;;
CLAROS;0.051;;;
VICEDO;0.051;;;
SANTIN;0.051;;;
SORO;0.051;;;
ARMESTO;0.051;;;
MASA;0.051;;;
BUJAN;0.051;;;
SAHUQUILLO;0.051;;;
PARDOS;0.051;;;
JUANES;0.051;;;
SAÑUDO;0.051;;;
MIER;0.051;;;
AIZPURUA;0.051;;;
GRAGERA;0.051;;;
MOLES;0.051;;;
CECILIA;0.051;;;
LAHUERTA;0.051;;;
FABREGA;0.051;;;
MEROÑO;0.051;;;
MOURIÑO;0.051;;;
PI;0.051;;;
LIZARRAGA;0.051;;;
SAUCEDO;0.051;;;
ATENCIA;0.051;;;
LARGO;0.051;;;
FERNANDES;0.051;;;
FAUS;0.050;;;
DIAGO;0.050;;;
BECERRIL;0.050;;;
DE ARRIBA;0.050;;;
DE VICENTE;0.050;;;
MONCAYO;0.050;;;
ARMADA;0.050;;;
NUEVO;0.050;;;
YESTE;0.050;;;
JOSE;0.050;;;
FUMERO;0.050;;;
OLAYA;0.050;;;
MAZON;0.050;;;
GORRIZ;0.050;;;
TORRENTS;0.050;;;
CAMBRA;0.050;;;
MECA;0.050;;;
FLEITAS;0.050;;;
MUIÑO;0.050;;;
HUERGA;0.050;;;
PRIOR;0.050;;;
GUITART;0.050;;;
CHAO;0.050;;;
SOLLA;0.050;;;
FORES;0.050;;;
LAPEÑA;0.050;;;
BALSERA;0.050;;;
VILELA;0.050;;;
YEBRA;0.050;;;
ZUBIZARRETA;0.050;;;
BERGES;0.050;;;
FIGUEIRAS;0.050;;;
MOREJON;0.050;;;
PONTE;0.050;;;
BURILLO;0.050;;;
DE VEGA;0.050;;;
ROUCO;0.049;;;
PAZO;0.049;;;
MEDEROS;0.049;;;
ABAL;0.049;;;
FAYOS;0.049;;;
ABDESELAM;0.049;;;
POVEDANO;0.049;;;
TRAPERO;0.049;;;
GARRE;0.049;;;
SANAHUJA;0.049;;;
VAQUERIZO;0.049;;;
BOTANA;0.049;;;
ALBIOL;0.049;;;
PALOMERO;0.049;;;
EXTREMERA;0.049;;;
MONTERDE;0.049;;;
FORMOSO;0.049;;;
TARRAGA;0.049;;;
ALBERCA;0.049;;;
GUELL;0.049;;;
ZURDO;0.049;;;
CORES;0.049;;;
MANUEL;0.049;;;
BASCUÑANA;0.049;;;
FIOL;0.049;;;
ALIAS;0.049;;;
ARTACHO;0.049;;;
MUELAS;0.049;;;
ROCHE;0.049;;;
CABANAS;0.049;;;
VINAGRE;0.049;;;
SAYAGO;0.049;;;
DE GRACIA;0.049;;;
MONSALVE;0.049;;;
FORTEA;0.049;;;
ORIA;0.049;;;
RENEDO;0.049;;;
LEO;0.049;;;
DE PABLOS;0.049;;;
CINTAS;0.049;;;
SOCORRO;0.048;;;
BIOSCA;0.048;;;
APARISI;0.048;;;
ANTUÑA;0.048;;;
PALMER;0.048;;;
PENAS;0.048;;;
SELVA;0.048;;;
MARUGAN;0.048;;;
PRECIADO;0.048;;;
PEÑAFIEL;0.048;;;
FORT;0.048;;;
REGIDOR;0.048;;;
FIERRO;0.048;;;
MAGDALENA;0.048;;;
GAYOSO;0.048;;;
SOLDEVILA;0.048;;;
DOÑA;0.048;;;
NAJERA;0.048;;;
ESPADAS;0.048;;;
SUBIRATS;0.048;;;
NAYA;0.048;;;
CORZO;0.048;;;
AVELLANEDA;0.048;;;
COSANO;0.048;;;
CABEZUELO;0.048;;;
DE LA MATA;0.048;;;
FORNER;0.048;;;
HEREDERO;0.048;;;
LENDINEZ;0.047;;;
ESCANDELL;0.047;;;
ESCODA;0.047;;;
OLANO;0.047;;;
BALBUENA;0.047;;;
REVERT;0.047;;;
MONASTERIO;0.047;;;
ARRIOLA;0.047;;;
PIQUE;0.047;;;
HAMED;0.047;;;
BRAGADO;0.047;;;
MINGO;0.047;;;
LORES;0.047;;;
RUIPEREZ;0.047;;;
PENALVA;0.047;;;
PANDO;0.047;;;
FARRES;0.047;;;
AGUDELO;0.047;;;
PUJADAS;0.047;;;
SANTANO;0.047;;;
TARAZONA;0.047;;;
ARDILA;0.047;;;
CAÑAMERO;0.047;;;
GABRIEL;0.047;;;
DE OLIVEIRA;0.047;;;
ALMELA;0.047;;;
TROYANO;0.046;;;
VALIDO;0.046;;;
TABERNERO;0.046;;;
RONDA;0.046;;;
ALGARRA;0.046;;;
MAMANI;0.046;;;
MANEIRO;0.046;;;
DA COSTA;0.046;;;
ALBERTO;0.046;;;
VALLINA;0.046;;;
CEJAS;0.046;;;
GOYA;0.046;;;
BENLLOCH;0.046;;;
PUJANTE;0.046;;;
CABAÑERO;0.046;;;
CAPELLA;0.046;;;
BUIL;0.046;;;
VILLARES;0.046;;;
PORCAR;0.046;;;
MONCHO;0.046;;;
FERRERES;0.046;;;
VELILLA;0.046;;;
IMAZ;0.046;;;
PEÑATE;0.046;;;
VIEITES;0.046;;;
BURGUEÑO;0.046;;;
REGUERO;0.046;;;
TEJERINA;0.046;;;
DE LA RUBIA;0.046;;;
SOJO;0.046;;;
BALLESTERO;0.046;;;
PAIS;0.046;;;
RIBEIRO;0.046;;;
BELLOSO;0.046;;;
VIÑALS;0.046;;;
LLANES;0.046;;;
CARRIO;0.046;;;
BAÑULS;0.046;;;
VAÑO;0.046;;;
BOSQUE;0.046;;;
ROGER;0.046;;;
BEATO;0.045;;;
MACARRO;0.045;;;
COLOMINA;0.045;;;
BARRO;0.045;;;
CAICEDO;0.045;;;
HUSSAIN;0.045;;;
ESCAMEZ;0.045;;;
CANTALEJO;0.045;;;
PUCHADES;0.045;;;
ESQUIVEL;0.045;;;
CALVILLO;0.045;;;
SIGUENZA;0.045;;;
SOLANAS;0.045;;;
VILLARRUBIA;0.045;;;
TELLERIA;0.045;;;
DOPAZO;0.045;;;
ABDELKADER;0.045;;;
CIFRE;0.045;;;
RANDO;0.045;;;
CUMPLIDO;0.045;;;
INGLES;0.045;;;
BRUNET;0.045;;;
MASO;0.045;;;
CABERO;0.045;;;
VALIÑO;0.045;;;
CARTAGENA;0.045;;;
MANCHEÑO;0.045;;;
URANGA;0.045;;;
MANZANERA;0.045;;;
BAÑO;0.045;;;
FIGUEROLA;0.045;;;
DOCAMPO;0.045;;;
REPISO;0.045;;;
MANCHA;0.045;;;
SERVERA;0.045;;;
CABEZON;0.045;;;
ORIVE;0.045;;;
RIGO;0.045;;;
HERRAN;0.045;;;
NEGRO;0.045;;;
ANDUEZA;0.045;;;
PAN;0.045;;;
CLARAMUNT;0.045;;;
CALONGE;0.045;;;
CALLES;0.045;;;
HUARTE;0.045;;;
HENARES;0.045;;;
FERRON;0.044;;;
MOMPO;0.044;;;
BADIOLA;0.044;;;
MUIÑOS;0.044;;;
VERDAGUER;0.044;;;
PINILLOS;0.044;;;
FERRAN;0.044;;;
MASCARELL;0.044;;;
LINDE;0.044;;;
MARCHAL;0.044;;;
CARBAJAL;0.044;;;
LUCIO;0.044;;;
RIESGO;0.044;;;
HORMIGO;0.044;;;
LIDON;0.044;;;
GUINEA;0.044;;;
ARGUDO;0.044;;;
BETANCORT;0.044;;;
MONTON;0.044;;;
CHAVARRIA;0.044;;;
PEDROS;0.044;;;
LEZCANO;0.044;;;
PEON;0.044;;;
COLOME;0.044;;;
LAMELA;0.044;;;
BARREDO;0.044;;;
AGRA;0.044;;;
CORROCHANO;0.044;;;
DE BENITO;0.044;;;
BAYARRI;0.044;;;
MOÑINO;0.044;;;
SUEIRO;0.044;;;
LAO;0.044;;;
PARAMO;0.044;;;
GARDE;0.044;;;
YUBERO;0.044;;;
BRAÑA;0.044;;;
COLON;0.044;;;
SOTOMAYOR;0.044;;;
VAREA;0.044;;;
YANEZ;0.044;;;
COBAS;0.044;;;
FABIAN;0.044;;;
CARRAL;0.044;;;
RUPEREZ;0.044;;;
FORCADA;0.044;;;
ANTA;0.044;;;
DE TORRES;0.043;;;
CARRATALA;0.043;;;
GONZALVO;0.043;;;
VILASECA;0.043;;;
TORNE;0.043;;;
BARREIRA;0.043;;;
MANERO;0.043;;;
ARRIAZA;0.043;;;
QUIJANO;0.043;;;
ESLAVA;0.043;;;
CADIZ;0.043;;;
PIÑON;0.043;;;
ESPAÑOL;0.043;;;
MASSO;0.043;;;
ESTELLES;0.043;;;
VILELLA;0.043;;;
LOJO;0.043;;;
MURCIANO;0.043;;;
PEDRO;0.043;;;
BARBEITO;0.043;;;
LANGA;0.043;;;
AQUINO;0.043;;;
POMAR;0.043;;;
MAILLO;0.043;;;
LIZANA;0.043;;;
DEL ARCO;0.043;;;
MENDIOLA;0.043;;;
ESPIGARES;0.043;;;
RAMALLO;0.043;;;
BARRANTES;0.043;;;
PAMPIN;0.043;;;
PATO;0.043;;;
VIÑUELA;0.043;;;
VALDERAS;0.043;;;
PARGA;0.043;;;
GERMAN;0.043;;;
GRIMA;0.043;;;
ALTAMIRANO;0.043;;;
BENGOA;0.043;;;
FONTANET;0.043;;;
TAPIAS;0.043;;;
FOLGADO;0.043;;;
BORT;0.043;;;
ENCISO;0.042;;;
GUIU;0.042;;;
LOZA;0.042;;;
SOCAS;0.042;;;
DE TORO;0.042;;;
BEITIA;0.042;;;
CAZALLA;0.042;;;
CONSUEGRA;0.042;;;
CHEN;0.042;;;
PIÑERA;0.042;;;
DACOSTA;0.042;;;
PEREGRINA;0.042;;;
MARIMON;0.042;;;
DELICADO;0.042;;;
ALBACETE;0.042;;;
IRIONDO;0.042;;;
BOLADO;0.042;;;
MENCIA;0.042;;;
PALOU;0.042;;;
ZAPATER;0.042;;;
CREUS;0.042;;;
ALEJANDRO;0.042;;;
CLARES;0.042;;;
LUPIAÑEZ;0.042;;;
MUHAMMAD;0.042;;;
SABIO;0.042;;;
DE SANTIAGO;0.042;;;
ALES;0.042;;;
VIGARA;0.042;;;
POYATO;0.042;;;
RAGA;0.042;;;
LACASA;0.042;;;
ROY;0.042;;;
NACHER;0.042;;;
CELADA;0.042;;;
ORENES;0.042;;;
POZAS;0.042;;;
RAVENTOS;0.042;;;
LACRUZ;0.041;;;
CABRE;0.041;;;
CEREZUELA;0.041;;;
GRANJA;0.041;;;
BALCELLS;0.041;;;
ITURRALDE;0.041;;;
MERCADAL;0.041;;;
ROSIQUE;0.041;;;
MEZQUITA;0.041;;;
DE MINGO;0.041;;;
JERONIMO;0.041;;;
POCH;0.041;;;
HENAO;0.041;;;
GOZALO;0.041;;;
ALAMINOS;0.041;;;
FERRIZ;0.041;;;
PLAZAS;0.041;;;
EGAÑA;0.041;;;
QUIÑONERO;0.041;;;
LUCERO;0.041;;;
NOVELLA;0.041;;;
CIVERA;0.041;;;
LAZCANO;0.041;;;
CARCELLER;0.041;;;
RULL;0.041;;;
DE LA MORENA;0.041;;;
AMAR;0.041;;;
CASAÑAS;0.041;;;
ABUIN;0.041;;;
RENTERO;0.041;;;
SINTES;0.041;;;
MOSTEIRO;0.041;;;
NDIAYE;0.041;;;
MELIA;0.041;;;
GAÑAN;0.041;;;
BERENGUEL;0.041;;;
ISIDRO;0.041;;;
BEA;0.041;;;
CELAYA;0.041;;;
CAMUÑAS;0.041;;;
URDIALES;0.041;;;
JANE;0.041;;;
HOYO;0.041;;;
RABANAL;0.041;;;
OCON;0.041;;;
DIOP;0.041;;;
NEGRETE;0.041;;;
CALA;0.041;;;
MONLEON;0.041;;;
CORUJO;0.041;;;
RODES;0.041;;;
TALENS;0.041;;;
MANZANERO;0.041;;;
NIEVA;0.041;;;
PIRIZ;0.040;;;
TUBIO;0.040;;;
JORQUERA;0.040;;;
COLINO;0.040;;;
MOLINO;0.040;;;
CULEBRAS;0.040;;;
ROBAINA;0.040;;;
RASCON;0.040;;;
MONFORTE;0.040;;;
CARBALLIDO;0.040;;;
CIDONCHA;0.040;;;
HONRUBIA;0.040;;;
MAZO;0.040;;;
MASIA;0.040;;;
VALOR;0.040;;;
RECASENS;0.040;;;
TRAVER;0.040;;;
MEZA;0.040;;;
BENEITEZ;0.040;;;
COTS;0.040;;;
FEMENIA;0.040;;;
MURGA;0.040;;;
TUÑON;0.040;;;
NOVA;0.040;;;
SUÑE;0.040;;;
CENTELLES;0.040;;;
BALSALOBRE;0.040;;;
DE SANTOS;0.040;;;
SERANTES;0.040;;;
PORTAS;0.040;;;
REMON;0.040;;;
GASTON;0.040;;;
SUÑER;0.040;;;
BASTOS;0.040;;;
VILLARINO;0.040;;;
PEGUERO;0.040;;;
MUDARRA;0.040;;;
FLORIT;0.040;;;
SORRIBES;0.040;;;
LUZON;0.040;;;
FIGUEREDO;0.040;;;
PISA;0.040;;;
CLAVER;0.040;;;
BORRAJO;0.040;;;
BORDON;0.040;;;
BALADO;0.040;;;
ESPIÑEIRA;0.040;;;
MORUNO;0.040;;;
LIÑARES;0.040;;;
FENOLL;0.040;;;
TRIAS;0.040;;;
GARAU;0.039;;;
PESCADOR;0.039;;;
OLAIZOLA;0.039;;;
MADRAZO;0.039;;;
CABALLE;0.039;;;
YEBENES;0.039;;;
MIRET;0.039;;;
CUERVA;0.039;;;
ABAJO;0.039;;;
VELO;0.039;;;
JUNCAL;0.039;;;
CEVALLOS;0.039;;;
ORTOLA;0.039;;;
TERRONES;0.039;;;
FUSTE;0.039;;;
VILLAMOR;0.039;;;
DEL PRADO;0.039;;;
CORCHADO;0.039;;;
PRIMO;0.039;;;
BLAY;0.039;;;
RIU;0.039;;;
LLOMPART;0.039;;;
BLEDA;0.039;;;
ESTUPIÑAN;0.039;;;
MALLEN;0.039;;;
QUIROZ;0.039;;;
TASCON;0.039;;;
MONTOLIU;0.039;;;
IRIBARREN;0.039;;;
VELOSO;0.039;;;
ORTEGO;0.039;;;
MOLDES;0.039;;;
TARRES;0.039;;;
GANCEDO;0.039;;;
BENGOECHEA;0.039;;;
MUNAR;0.039;;;
CADENA;0.039;;;
TARRAGO;0.039;;;
PALOP;0.039;;;
FONS;0.039;;;
CASTIÑEIRAS;0.039;;;
OGANDO;0.039;;;
CASQUERO;0.039;;;
GUIJO;0.039;;;
MANTECON;0.039;;;
PIRES;0.039;;;
GATO;0.039;;;
BEDMAR;0.039;;;
URQUIJO;0.039;;;
GOMAR;0.039;;;
ESTUDILLO;0.038;;;
CESAR;0.038;;;
SENA;0.038;;;
APARICI;0.038;;;
HORRILLO;0.038;;;
CASTRILLON;0.038;;;
VILLAGRASA;0.038;;;
PASTORIZA;0.038;;;
MEGIA;0.038;;;
CERVILLA;0.038;;;
PECO;0.038;;;
BANDERA;0.038;;;
SOCIAS;0.038;;;
RUIBAL;0.038;;;
CASO;0.038;;;
QUINTANS;0.038;;;
OLVERA;0.038;;;
SALINERO;0.038;;;
MOREY;0.038;;;
CARLOS;0.038;;;
TORT;0.038;;;
LODEIRO;0.038;;;
PERAZA;0.038;;;
LARRINAGA;0.038;;;
CANELA;0.038;;;
GAYO;0.038;;;
CARBALLEIRA;0.038;;;
BARRIUSO;0.038;;;
MADERO;0.038;;;
SUBIRANA;0.038;;;
CALVETE;0.038;;;
QUEZADA;0.038;;;
PORTOLES;0.038;;;
DE LA RIVA;0.038;;;
BRICEÑO;0.038;;;
CARCELEN;0.038;;;
TARDIO;0.038;;;
ESPINAL;0.038;;;
NISTAL;0.038;;;
SEGADO;0.038;;;
LERA;0.038;;;
ZABALZA;0.038;;;
CORCUERA;0.038;;;
SAN PEDRO;0.038;;;
CERVERO;0.038;;;
CARDO;0.038;;;
VILLAFRANCA;0.038;;;
ACHA;0.038;;;
TORREBLANCA;0.038;;;
MENDES;0.038;;;
ESCRIBA;0.038;;;
ARGENTE;0.038;;;
FONTENLA;0.038;;;
PORTALES;0.038;;;
NAVEIRA;0.038;;;
DOÑATE;0.038;;;
JUSTE;0.038;;;
ORDUÑA;0.038;;;
AUÑON;0.038;;;
ABENZA;0.038;;;
OCHANDO;0.038;;;
ASIN;0.038;;;
MASEDA;0.037;;;
CARRIZO;0.037;;;
FEBRER;0.037;;;
LAPUENTE;0.037;;;
AZCARATE;0.037;;;
TAMARGO;0.037;;;
SENRA;0.037;;;
IVORRA;0.037;;;
SOBRADO;0.037;;;
VAQUER;0.037;;;
FIGUEIRA;0.037;;;
OJEA;0.037;;;
MARSAL;0.037;;;
PLANELLES;0.037;;;
MENDO;0.037;;;
FENOY;0.037;;;
PREGO;0.037;;;
SAN MILLAN;0.037;;;
CABA;0.037;;;
TEMPRANO;0.037;;;
MORRO;0.037;;;
MEJUTO;0.037;;;
REBOREDO;0.037;;;
FEBLES;0.037;;;
ALBERTOS;0.037;;;
AYMERICH;0.037;;;
BERZAL;0.037;;;
MARICHAL;0.037;;;
FURIO;0.037;;;
LAZO;0.037;;;
CARBONERO;0.037;;;
LADO;0.037;;;
EIZAGUIRRE;0.037;;;
RISUEÑO;0.037;;;
MINAYA;0.037;;;
CARAMES;0.037;;;
PERDIGUERO;0.037;;;
VITORIA;0.037;;;
BASCON;0.037;;;
LLULL;0.037;;;
HERNAIZ;0.037;;;
LLINAS;0.037;;;
CELIS;0.037;;;
ANGLES;0.037;;;
TEIXIDOR;0.037;;;
RAJA;0.037;;;
LARIO;0.037;;;
CARLES;0.037;;;
OÑA;0.037;;;
GALMES;0.037;;;
MOSCARDO;0.037;;;
FELICES;0.037;;;
HERCE;0.037;;;
MARZAL;0.037;;;
VILLACORTA;0.037;;;
ASTUDILLO;0.037;;;
SERRADILLA;0.037;;;
MONTEJANO;0.037;;;
FELIP;0.037;;;
PLIEGO;0.037;;;
HIGUERO;0.037;;;
OSA;0.037;;;
ARA;0.037;;;
SELMA;0.037;;;
MADERA;0.037;;;
MOLINOS;0.036;;;
GILI;0.036;;;
ESCALADA;0.036;;;
ORIOL;0.036;;;
SARASOLA;0.036;;;
RIPOLLES;0.036;;;
MORETA;0.036;;;
RIBOT;0.036;;;
MESQUIDA;0.036;;;
RUBI;0.036;;;
CASTELLVI;0.036;;;
ORDAS;0.036;;;
BARCALA;0.036;;;
TARIFA;0.036;;;
CELA;0.036;;;
CRESPILLO;0.036;;;
NAVIO;0.036;;;
COLLADOS;0.036;;;
CARPENA;0.036;;;
DE LA FLOR;0.036;;;
ARMARIO;0.036;;;
CAPOTE;0.036;;;
GARIN;0.036;;;
BUGALLO;0.036;;;
SERENA;0.036;;;
SIGNES;0.036;;;
SARDA;0.036;;;
SORDO;0.036;;;
CERRADA;0.036;;;
FAURA;0.036;;;
LOAIZA;0.036;;;
PERIAÑEZ;0.036;;;
CEDRES;0.036;;;
CELMA;0.036;;;
VALLEJOS;0.036;;;
CAMBRONERO;0.036;;;
OSTOS;0.036;;;
LOPES;0.036;;;
ARRUTI;0.036;;;
BUJALANCE;0.036;;;
MARRON;0.036;;;
ROZALEN;0.036;;;
REYERO;0.036;;;
FULLANA;0.036;;;
ALAVA;0.036;;;
MARGALEF;0.036;;;
BARQUILLA;0.036;;;
CARIDE;0.036;;;
RENGEL;0.036;;;
PARRONDO;0.036;;;
TEJADO;0.036;;;
CALATRAVA;0.036;;;
CASAMAYOR;0.036;;;
JORNET;0.036;;;
LUACES;0.036;;;
TARANCON;0.036;;;
SOLDADO;0.036;;;
MAGALLON;0.036;;;
ZARZUELA;0.036;;;
BUTRON;0.036;;;
ANDRADA;0.036;;;
LANZAS;0.035;;;
ZUBILLAGA;0.035;;;
GUARDADO;0.035;;;
ANGUERA;0.035;;;
ALFEREZ;0.035;;;
MELGUIZO;0.035;;;
POLONIO;0.035;;;
GARNICA;0.035;;;
BOTELLO;0.035;;;
ALBALAT;0.035;;;
VALERIO;0.035;;;
PINOS;0.035;;;
LAGOS;0.035;;;
SOTOS;0.035;;;
ALCOVER;0.035;;;
CASCO;0.035;;;
MURIAS;0.035;;;
PARRON;0.035;;;
CORTEZ;0.035;;;
BENEDI;0.035;;;
ALLUE;0.035;;;
ELORRIAGA;0.035;;;
SOLAZ;0.035;;;
BAIXAULI;0.035;;;
BARRASA;0.035;;;
ROSENDO;0.035;;;
ENCARNACION;0.035;;;
COLOMO;0.035;;;
BANEGAS;0.035;;;
PALOS;0.035;;;
CAMPANARIO;0.035;;;
MANTILLA;0.035;;;
PASCUA;0.035;;;
SANCHA;0.035;;;
ROMAY;0.035;;;
PANCORBO;0.035;;;
SETIEN;0.035;;;
PARICIO;0.035;;;
LLOPART;0.035;;;
VERCHER;0.035;;;
RICHART;0.035;;;
INSA;0.035;;;
ESCUDER;0.035;;;
CLADERA;0.035;;;
FERRAGUT;0.035;;;
NODA;0.035;;;
GALVE;0.035;;;
ORMAZABAL;0.035;;;
TIZON;0.035;;;
COLINA;0.035;;;
SOTILLO;0.035;;;
PEDREGOSA;0.035;;;
OLCINA;0.035;;;
SIXTO;0.035;;;
NARBONA;0.035;;;
VARON;0.035;;;
BERRUEZO;0.035;;;
VILLODRES;0.035;;;
BARRA;0.035;;;
UCLES;0.035;;;
CABOT;0.035;;;
SANTISO;0.035;;;
ARENAL;0.035;;;
SESE;0.035;;;
BALSA;0.035;;;
PINEL;0.034;;;
CREGO;0.034;;;
VISO;0.034;;;
TOBAR;0.034;;;
RISQUEZ;0.034;;;
VELIZ;0.034;;;
BARONA;0.034;;;
CUSTODIO;0.034;;;
CANTALAPIEDRA;0.034;;;
MUNERA;0.034;;;
FRAU;0.034;;;
CORDOBES;0.034;;;
VALLADOLID;0.034;;;
QUETGLAS;0.034;;;
GUADALUPE;0.034;;;
ZORNOZA;0.034;;;
NAVAL;0.034;;;
ALEJOS;0.034;;;
COVES;0.034;;;
PENADES;0.034;;;
HERNAEZ;0.034;;;
LOURIDO;0.034;;;
CIRERA;0.034;;;
DAMAS;0.034;;;
PEDRAJAS;0.034;;;
SOLAR;0.034;;;
CEPERO;0.034;;;
CUBELLS;0.034;;;
IRAOLA;0.034;;;
ESCRICHE;0.034;;;
CARDENAL;0.034;;;
VILLORIA;0.034;;;
DOS ANJOS;0.034;;;
CASAIS;0.034;;;
MILIAN;0.034;;;
SUTIL;0.034;;;
PUCHOL;0.034;;;
TALLON;0.034;;;
NEBREDA;0.034;;;
COMPTE;0.034;;;
LAVILLA;0.034;;;
COMELLAS;0.034;;;
BODAS;0.034;;;
LORO;0.034;;;
HERMOSA;0.034;;;
TEVAR;0.034;;;
RECALDE;0.034;;;
BURON;0.034;;;
PETIT;0.034;;;
CURRAS;0.034;;;
CERVIÑO;0.034;;;
TABERNER;0.034;;;
COMES;0.034;;;
COUCEIRO;0.034;;;
OUBIÑA;0.034;;;
BARANDIARAN;0.034;;;
MONDRAGON;0.034;;;
SOLANS;0.034;;;
ARTES;0.034;;;
ESCOLA;0.034;;;
BIBILONI;0.034;;;
IGNACIO;0.034;;;
BLANQUEZ;0.034;;;
AIBAR;0.034;;;
CHIVA;0.034;;;
DE ANTONIO;0.034;;;
MENDIA;0.034;;;
PULGAR;0.034;;;
BESADA;0.034;;;
LLARENA;0.034;;;
ECHARRI;0.034;;;
MANZANEQUE;0.034;;;
ESCAÑO;0.034;;;
PAVIA;0.034;;;
DAVID;0.034;;;
FORTEZA;0.034;;;
ILLANA;0.033;;;
MORIANA;0.033;;;
CABREJAS;0.033;;;
CEGARRA;0.033;;;
CATALINA;0.033;;;
RUEDAS;0.033;;;
ROBLEDILLO;0.033;;;
CANEDO;0.033;;;
LASSO;0.033;;;
BALBAS;0.033;;;
SAFONT;0.033;;;
BARNES;0.033;;;
BARRULL;0.033;;;
SANTA CRUZ;0.033;;;
CARCEL;0.033;;;
USERO;0.033;;;
ARTAL;0.033;;;
COTELO;0.033;;;
TORRA;0.033;;;
MESONERO;0.033;;;
FRAGOSO;0.033;;;
ESCARTIN;0.033;;;
EGUIA;0.033;;;
RONDON;0.033;;;
HERRERIAS;0.033;;;
LADRON DE GUEVARA;0.033;;;
VALL;0.033;;;
ABELLO;0.033;;;
MONFERRER;0.033;;;
ELIZONDO;0.033;;;
ALEIXANDRE;0.033;;;
VIEITEZ;0.033;;;
PACHO;0.033;;;
REUS;0.033;;;
SAZ;0.033;;;
FANJUL;0.033;;;
LEIS;0.033;;;
MARCHAN;0.033;;;
CARNERERO;0.033;;;
NOVAL;0.033;;;
FEREZ;0.033;;;
BACA;0.033;;;
UMPIERREZ;0.033;;;
CARBALLAL;0.033;;;
VALES;0.033;;;
PECES;0.033;;;
SAGREDO;0.033;;;
ALMARCHA;0.033;;;
MERAYO;0.033;;;
ALGAR;0.033;;;
BISBAL;0.033;;;
PEÑARRUBIA;0.033;;;
ARANEGA;0.033;;;
MIELGO;0.033;;;
AMEZCUA;0.033;;;
LEMUS;0.033;;;
DEL SAZ;0.033;;;
RIVILLA;0.033;;;
ALMENDRO;0.033;;;
BRETON;0.033;;;
ORTIZ DE ZARATE;0.033;;;
DE ARMAS;0.033;;;
ZUBELDIA;0.033;;;
HORCAJO;0.033;;;
ISASI;0.033;;;
DE LA HERA;0.033;;;
IRASTORZA;0.033;;;
GUILLERMO;0.033;;;
ARRUFAT;0.033;;;
AGUT;0.033;;;
LLERENA;0.033;;;
PELLEJERO;0.033;;;
ARGIBAY;0.033;;;
CERNADAS;0.033;;;
MOREDA;0.033;;;
GALEOTE;0.033;;;
PORRES;0.033;;;
BASANTA;0.033;;;
ONIEVA;0.033;;;
MELLA;0.033;;;
MAYANS;0.033;;;
REDON;0.033;;;
JARILLO;0.033;;;
TOUS;0.033;;;
PAYO;0.032;;;
CAMPRUBI;0.032;;;
PROL;0.032;;;
OYARZABAL;0.032;;;
LOMBARDO;0.032;;;
BENNASAR;0.032;;;
MARCILLA;0.032;;;
VALLECILLO;0.032;;;
ARBOLEDA;0.032;;;
MORIN;0.032;;;
MEANA;0.032;;;
BRETONES;0.032;;;
CHAVERO;0.032;;;
BAILEN;0.032;;;
TOCINO;0.032;;;
BEDIA;0.032;;;
DE SOUSA;0.032;;;
MOROCHO;0.032;;;
BARCENILLA;0.032;;;
DE LA CASA;0.032;;;
BARRANQUERO;0.032;;;
AHUMADA;0.032;;;
GABARRON;0.032;;;
GRUESO;0.032;;;
JAVIER;0.032;;;
SIVERIO;0.032;;;
ESNAOLA;0.032;;;
BARRON;0.032;;;
CASCON;0.032;;;
TELLECHEA;0.032;;;
CARDENES;0.032;;;
CEBOLLA;0.032;;;
CABALLER;0.032;;;
ARROCHA;0.032;;;
BERNARDINO;0.032;;;
VIUDEZ;0.032;;;
MARAVER;0.032;;;
GURREA;0.032;;;
BETETA;0.032;;;
BOLAÑO;0.032;;;
ROTGER;0.032;;;
FORTE;0.032;;;
LANCHO;0.032;;;
PARDAL;0.032;;;
DE LAMO;0.032;;;
MOR;0.032;;;
CANTERA;0.032;;;
PUERTOLAS;0.032;;;
DEL FRESNO;0.032;;;
SANTAMARINA;0.032;;;
CORELLA;0.032;;;
LOBERA;0.032;;;
SANTACREU;0.032;;;
GISPERT;0.032;;;
BRUN;0.032;;;
SANCHIZ;0.032;;;
SANSANO;0.032;;;
VILLATORO;0.032;;;
CHILLON;0.032;;;
BETANCOURT;0.032;;;
MURUA;0.032;;;
ALBIÑANA;0.032;;;
COSTALES;0.032;;;
JUNCO;0.032;;;
GUALDA;0.032;;;
ALHAMBRA;0.032;;;
PINAZO;0.032;;;
SANTOME;0.032;;;
ARBONA;0.032;;;
LUDEÑA;0.032;;;
MANTECA;0.032;;;
YANGUAS;0.032;;;
BALAGUE;0.032;;;
SANTONJA;0.032;;;
VALDIVIELSO;0.032;;;
MIGUENS;0.032;;;
BADILLO;0.032;;;
MONTOLIO;0.032;;;
DARRIBA;0.032;;;
YAGO;0.032;;;
PALOMEQUE;0.032;;;
CASASOLA;0.032;;;
TERRERO;0.032;;;
HERMO;0.032;;;
RAFAEL;0.031;;;
CHICANO;0.031;;;
CARNICER;0.031;;;
BASTANTE;0.031;;;
CALO;0.031;;;
MORAIS;0.031;;;
NEGRE;0.031;;;
FONTECHA;0.031;;;
NOMBELA;0.031;;;
CARRALERO;0.031;;;
CAÑAVERAS;0.031;;;
CIRIA;0.031;;;
ZAMUDIO;0.031;;;
LLAURADO;0.031;;;
BADENES;0.031;;;
MILLET;0.031;;;
HOMS;0.031;;;
SANTANDREU;0.031;;;
RACERO;0.031;;;
TINEO;0.031;;;
PALANCA;0.031;;;
APONTE;0.031;;;
MELON;0.031;;;
JESUS;0.031;;;
RESINA;0.031;;;
HORCAJADA;0.031;;;
CATENA;0.031;;;
TURON;0.031;;;
GUIMERA;0.031;;;
MADROÑAL;0.031;;;
CAMPANO;0.031;;;
COLADO;0.031;;;
HERRADA;0.031;;;
CASANUEVA;0.031;;;
VILARDELL;0.031;;;
MACEIRAS;0.031;;;
CASTAÑER;0.031;;;
PENEDO;0.031;;;
ALMIÑANA;0.031;;;
ALCOBA;0.031;;;
TORNER;0.031;;;
CHIMENO;0.031;;;
DE ALBA;0.031;;;
URETA;0.031;;;
TARRIO;0.031;;;
BUCETA;0.031;;;
UNANUE;0.031;;;
LLANEZA;0.031;;;
GUIL;0.031;;;
VILLAMAYOR;0.031;;;
MUNARRIZ;0.031;;;
FRAGUAS;0.031;;;
CASTEL;0.031;;;
MUT;0.031;;;
RIESTRA;0.031;;;
CAMPAYO;0.031;;;
TRISTAN;0.031;;;
COBACHO;0.031;;;
ALBERTI;0.031;;;
PIÑAR;0.031;;;
DESCALZO;0.031;;;
GALIAN;0.031;;;
PANIZO;0.031;;;
MASEGOSA;0.031;;;
CARMENA;0.031;;;
ALBURQUERQUE;0.031;;;
IZA;0.031;;;
MASDEU;0.031;;;
RESA;0.031;;;
CISCAR;0.031;;;
VILARO;0.031;;;
CABEZUDO;0.030;;;
CUERDA;0.030;;;
BONNIN;0.030;;;
HORTAL;0.030;;;
GIRO;0.030;;;
NEILA;0.030;;;
LOMBA;0.030;;;
VIQUEIRA;0.030;;;
ROLLAN;0.030;;;
FORNIELES;0.030;;;
COLOMAR;0.030;;;
ARAN;0.030;;;
FREIXAS;0.030;;;
AYORA;0.030;;;
TERNERO;0.030;;;
SAN NICOLAS;0.030;;;
CAMINERO;0.030;;;
VENTOSA;0.030;;;
TREVIÑO;0.030;;;
POSADAS;0.030;;;
CARNEIRO;0.030;;;
CIVICO;0.030;;;
LESTON;0.030;;;
MONCLUS;0.030;;;
TRAVIESO;0.030;;;
MONLLOR;0.030;;;
RASERO;0.030;;;
ZALDIVAR;0.030;;;
MOLAS;0.030;;;
SANTALLA;0.030;;;
MERCADE;0.030;;;
POUS;0.030;;;
ARTECHE;0.030;;;
SIMBAÑA;0.030;;;
DE GREGORIO;0.030;;;
BAHAMONDE;0.030;;;
DE LA OSA;0.030;;;
RUBIRA;0.030;;;
LEIRA;0.030;;;
GORRIN;0.030;;;
ESTELLER;0.030;;;
RAMAJO;0.030;;;
DIAS;0.030;;;
FORNOS;0.030;;;
LUCIA;0.030;;;
MULLOR;0.030;;;
TADEO;0.030;;;
LEGAZ;0.030;;;
AZURMENDI;0.030;;;
BARRENO;0.030;;;
CAÑERO;0.030;;;
CASELLES;0.030;;;
LAGUNAS;0.030;;;
ABALO;0.030;;;
USON;0.030;;;
RUZAFA;0.030;;;
DONIZ;0.030;;;
AJA;0.030;;;
CONCHA;0.030;;;
RABASCO;0.030;;;
LERIDA;0.030;;;
CAL;0.030;;;
MONTERRUBIO;0.030;;;
EGUREN;0.030;;;
TORRO;0.030;;;
BARJA;0.030;;;
PARRO;0.030;;;
ALDAMA;0.030;;;
MUJICA;0.030;;;
ALACID;0.030;;;
CORTIZO;0.030;;;
RIEGO;0.030;;;
LIAÑO;0.030;;;
CANDELAS;0.030;;;
GONÇALVES;0.030;;;
DAPENA;0.030;;;
SEGADE;0.030;;;
FARIAS;0.030;;;
CHICOTE;0.030;;;
ESPARCIA;0.030;;;
CALDERA;0.030;;;
CAMIÑA;0.030;;;
DE LA LLAVE;0.030;;;
BOSCA;0.030;;;
CAMPELLO;0.030;;;
LOZOYA;0.030;;;
EGUILUZ;0.030;;;
CANCHO;0.030;;;
OLIVERO;0.030;;;
MAIZ;0.030;;;
CANCIO;0.030;;;
BLANQUER;0.030;;;
IMBERNON;0.030;;;
FARFAN;0.030;;;
PAU;0.030;;;
GRIÑAN;0.030;;;
BONMATI;0.030;;;
ALFAGEME;0.030;;;
GOITIA;0.030;;;
ONTIVEROS;0.030;;;
IRISARRI;0.030;;;
ENCABO;0.030;;;
URBANEJA;0.030;;;
CAMBA;0.029;;;
MORATILLA;0.029;;;
UROZ;0.029;;;
CABANA;0.029;;;
LIZARRALDE;0.029;;;
VALCARCE;0.029;;;
OROZ;0.029;;;
CANALEJO;0.029;;;
ISABEL;0.029;;;
HELLIN;0.029;;;
SEQUERA;0.029;;;
EUGENIO;0.029;;;
HORNERO;0.029;;;
SILVEIRA;0.029;;;
LOOR;0.029;;;
MOROS;0.029;;;
ABALOS;0.029;;;
CALAVIA;0.029;;;
BUESO;0.029;;;
SAN VICENTE;0.029;;;
CLARO;0.029;;;
JIMENA;0.029;;;
PATRICIO;0.029;;;
DE CELIS;0.029;;;
OBRADOR;0.029;;;
RASO;0.029;;;
PLATAS;0.029;;;
BELCHI;0.029;;;
AZPIAZU;0.029;;;
CANDAL;0.029;;;
ALEDO;0.029;;;
BARANDA;0.029;;;
CORDEIRO;0.029;;;
PARTIDA;0.029;;;
FANDOS;0.029;;;
MONTAGUT;0.029;;;
SANROMAN;0.029;;;
ASCANIO;0.029;;;
SERRET;0.029;;;
FERRADAS;0.029;;;
BESCOS;0.029;;;
REBOLLEDO;0.029;;;
IGLESIA;0.029;;;
JACOME;0.029;;;
SARASA;0.029;;;
PLANES;0.029;;;
MERLOS;0.029;;;
FITO;0.029;;;
JANEIRO;0.029;;;
PULGARIN;0.029;;;
BALTASAR;0.029;;;
ANIORTE;0.029;;;
BORDAS;0.029;;;
BALDO;0.029;;;
BEAS;0.029;;;
PEÑUELA;0.029;;;
ARRIERO;0.029;;;
URBIETA;0.029;;;
PICADO;0.029;;;
ROBERT;0.029;;;
ALQUEZAR;0.029;;;
CABEDO;0.029;;;
CARACUEL;0.029;;;
REVERTER;0.029;;;
OLARTE;0.029;;;
RODILLA;0.029;;;
COS;0.029;;;
BOYERO;0.029;;;
OLIAS;0.029;;;
QUINTO;0.029;;;
MULAS;0.029;;;
ESPESO;0.029;;;
CHOQUE;0.029;;;
VERGEL;0.029;;;
BOLEA;0.029;;;
GUAITA;0.029;;;
MONTESINO;0.029;;;
SOARES;0.029;;;
SAN SEBASTIAN;0.029;;;
HILARIO;0.029;;;
CORTAZAR;0.029;;;
BAÑUELOS;0.029;;;
JORDANA;0.029;;;
BARCELONA;0.029;;;
ALZATE;0.029;;;
URQUIZA;0.029;;;
MODREGO;0.029;;;
DOLS;0.029;;;
CAMERO;0.029;;;
BRULL;0.029;;;
SALVAT;0.029;;;
FERRIS;0.029;;;
MARQUINEZ;0.029;;;
ARZA;0.029;;;
MENCHON;0.028;;;
PIZA;0.028;;;
AUSIN;0.028;;;
TORRERO;0.028;;;
GOENAGA;0.028;;;
VILLASANTE;0.028;;;
MARCE;0.028;;;
SEARA;0.028;;;
LISTE;0.028;;;
PINDADO;0.028;;;
COSTOYA;0.028;;;
SABARIEGO;0.028;;;
PEREYRA;0.028;;;
MONTOTO;0.028;;;
ROMAGUERA;0.028;;;
BECERRO;0.028;;;
LEIRO;0.028;;;
CAÑAVATE;0.028;;;
ESTEVAN;0.028;;;
BELMAR;0.028;;;
SILVAN;0.028;;;
PEDROCHE;0.028;;;
MATURANA;0.028;;;
NIEVAS;0.028;;;
PUNZANO;0.028;;;
DEZA;0.028;;;
TIMON;0.028;;;
REBOLLAR;0.028;;;
BURGUERA;0.028;;;
POUSA;0.028;;;
PRETEL;0.028;;;
MARTE;0.028;;;
BRUNA;0.028;;;
CALDERIN;0.028;;;
MELENDO;0.028;;;
TITOS;0.028;;;
CEDILLO;0.028;;;
MOHAND;0.028;;;
BOO;0.028;;;
MANTEROLA;0.028;;;
LASERNA;0.028;;;
VIZOSO;0.028;;;
LANA;0.028;;;
PORRO;0.028;;;
BOULLOSA;0.028;;;
REIXACH;0.028;;;
BARRENECHEA;0.028;;;
CHUMILLAS;0.028;;;
ALMARAZ;0.028;;;
GRIMALT;0.028;;;
MARMOLEJO;0.028;;;
SANTAMARTA;0.028;;;
CARRILERO;0.028;;;
DE LA CONCEPCION;0.028;;;
GRELA;0.028;;;
TOBAJAS;0.028;;;
ROSAL;0.028;;;
ARQUERO;0.028;;;
SANSO;0.028;;;
AJENJO;0.028;;;
REVENGA;0.028;;;
ZORITA;0.028;;;
JOYA;0.028;;;
ARMIJOS;0.028;;;
ROSERO;0.028;;;
ANEIROS;0.028;;;
ABELLEIRA;0.028;;;
CARDIEL;0.028;;;
DE MARCOS;0.028;;;
ALFAYA;0.028;;;
BASTIDAS;0.028;;;
VICH;0.028;;;
MOLEDO;0.028;;;
CORTIÑAS;0.028;;;
OLIVAR;0.028;;;
ECIJA;0.028;;;
TRIANA;0.028;;;
FORERO;0.028;;;
BOFILL;0.028;;;
URRA;0.028;;;
LLOBERA;0.028;;;
BASTERRA;0.028;;;
OLIVELLA;0.028;;;
BERRAL;0.028;;;
VALLVERDU;0.028;;;
CAMPA;0.028;;;
OREA;0.028;;;
SANTILLAN;0.028;;;
RELAÑO;0.028;;;
OSMA;0.028;;;
ALCONCHEL;0.028;;;
MONTEIRO;0.028;;;
GAVALDA;0.028;;;
SARRIO;0.028;;;
BESTARD;0.028;;;
SERRATO;0.028;;;
ALABAU;0.028;;;
SERROUKH;0.028;;;
HUIDOBRO;0.027;;;
PACIOS;0.027;;;
CORTADA;0.027;;;
VILLACAMPA;0.027;;;
CABALLO;0.027;;;
HERRUZO;0.027;;;
PEÑALBA;0.027;;;
ZULUAGA;0.027;;;
GALEA;0.027;;;
ARRONDO;0.027;;;
CANDON;0.027;;;
PUYOL;0.027;;;
URBAN;0.027;;;
TORIJA;0.027;;;
SANTOLARIA;0.027;;;
BOVER;0.027;;;
GATA;0.027;;;
VELAYOS;0.027;;;
LIARTE;0.027;;;
MONTE;0.027;;;
BALLARIN;0.027;;;
ZABALLOS;0.027;;;
ARRAEZ;0.027;;;
MAHIQUES;0.027;;;
ALIA;0.027;;;
RANZ;0.027;;;
DIESTE;0.027;;;
SAA;0.027;;;
CAMPELO;0.027;;;
ABELENDA;0.027;;;
BOTIA;0.027;;;
ALAPONT;0.027;;;
GILA;0.027;;;
ALOY;0.027;;;
GALVAÑ;0.027;;;
MARTINO;0.027;;;
RAEZ;0.027;;;
MORANO;0.027;;;
BELLA;0.027;;;
ACEBO;0.027;;;
GANUZA;0.027;;;
ZUAZO;0.027;;;
MONEO;0.027;;;
LUPION;0.027;;;
ABALDE;0.027;;;
NOGUEROL;0.027;;;
TABOAS;0.027;;;
LIRIA;0.027;;;
LAIN;0.027;;;
COLMENAR;0.027;;;
ANGUIANO;0.027;;;
EL AMRANI;0.027;;;
SANTA;0.027;;;
CORBELLA;0.027;;;
ANADON;0.027;;;
CASADEVALL;0.027;;;
CERDEIRA;0.027;;;
MANZANEDO;0.027;;;
SANTILLANA;0.027;;;
LIZCANO;0.027;;;
NOLASCO;0.027;;;
CARABIAS;0.027;;;
TORRANO;0.027;;;
LANDETE;0.027;;;
BUIGUES;0.027;;;
SILLA;0.027;;;
AMBROSIO;0.027;;;
VERDES;0.027;;;
JACINTO;0.027;;;
CAGIGAS;0.027;;;
TOCA;0.027;;;
GONCALVES;0.027;;;
GENE;0.027;;;
EL IDRISSI;0.027;;;
LIMONES;0.027;;;
SAORIN;0.027;;;
MORET;0.027;;;
VIÑUALES;0.027;;;
ENTRENA;0.027;;;
TAVIO;0.027;;;
LINERO;0.027;;;
RETAMERO;0.027;;;
PERICAS;0.027;;;
UCHA;0.027;;;
CAPELLAN;0.027;;;
BAQUEDANO;0.027;;;
CHICAIZA;0.027;;;
BROCAL;0.027;;;
ROSSI;0.027;;;
CARCEDO;0.027;;;
MENGIBAR;0.027;;;
QUILIS;0.027;;;
NORTES;0.027;;;
BEGINES;0.027;;;
CALIZ;0.027;;;
ZANON;0.027;;;
IPARRAGUIRRE;0.027;;;
PINZON;0.027;;;
IBARZ;0.027;;;
LORENZANA;0.027;;;
OCA;0.027;;;
SENDIN;0.027;;;
AIZPURU;0.027;;;
GAREA;0.027;;;
GABARRO;0.027;;;
GALLASTEGUI;0.027;;;
CHARRO;0.027;;;
GARI;0.026;;;
TEBA;0.026;;;
JULVE;0.026;;;
VIDALES;0.026;;;
TRAVE;0.026;;;
MAÑE;0.026;;;
GRILLO;0.026;;;
BRAOJOS;0.026;;;
VILLADA;0.026;;;
BUADES;0.026;;;
BARCA;0.026;;;
RIBELLES;0.026;;;
VAAMONDE;0.026;;;
PUBILL;0.026;;;
ROSES;0.026;;;
PIQUERO;0.026;;;
MONTANE;0.026;;;
ANGOSTO;0.026;;;
DEL BARCO;0.026;;;
CALZON;0.026;;;
MASERO;0.026;;;
BORRULL;0.026;;;
GUEROLA;0.026;;;
LASARTE;0.026;;;
ENCINAR;0.026;;;
ARAUZ;0.026;;;
OSSORIO;0.026;;;
BOVEDA;0.026;;;
CARDOZO;0.026;;;
COPADO;0.026;;;
PESQUERA;0.026;;;
QUINTEIRO;0.026;;;
NARRO;0.026;;;
CHAFER;0.026;;;
EIRAS;0.026;;;
TACORONTE;0.026;;;
AGREDA;0.026;;;
CAYON;0.026;;;
MARHUENDA;0.026;;;
RIVES;0.026;;;
IBARROLA;0.026;;;
TAUSTE;0.026;;;
BOUZON;0.026;;;
JUSTINIANO;0.026;;;
CROS;0.026;;;
CORBI;0.026;;;
AISA;0.026;;;
BENALI;0.026;;;
ADAMUZ;0.026;;;
ECHANIZ;0.026;;;
RUBERT;0.026;;;
BARDAJI;0.026;;;
DASI;0.026;;;
REVIRIEGO;0.026;;;
MONTES DE OCA;0.026;;;
BENEDITO;0.026;;;
BUISAN;0.026;;;
SARANGO;0.026;;;
SANGUESA;0.026;;;
ARCA;0.026;;;
DE SOUZA;0.026;;;
PADROS;0.026;;;
LIRIO;0.026;;;
MALLOL;0.026;;;
JOFRE;0.026;;;
RADA;0.026;;;
ALDEGUER;0.026;;;
CERECEDA;0.026;;;
FERREIROS;0.026;;;
CAMPOVERDE;0.026;;;
BAO;0.026;;;
ACEBAL;0.026;;;
OLAZABAL;0.026;;;
NOLLA;0.026;;;
DEL SOL;0.026;;;
BELANDO;0.026;;;
MURIANA;0.026;;;
TARREGA;0.026;;;
CARDEÑOSA;0.026;;;
GALLEN;0.026;;;
AGENJO;0.026;;;
CORRERO;0.026;;;
MON;0.026;;;
CAMBEIRO;0.026;;;
ZURERA;0.026;;;
DE LA CAL;0.026;;;
LARRAURI;0.026;;;
DOCE;0.026;;;
BORDES;0.026;;;
HOYAS;0.026;;;
BAUTE;0.026;;;
PAUL;0.026;;;
COLLAZOS;0.026;;;
VERANO;0.026;;;
ORO;0.026;;;
ALTES;0.026;;;
FRESCO;0.026;;;
FABRE;0.026;;;
VIRGILI;0.026;;;
BARCIELA;0.026;;;
ASUNCION;0.026;;;
SORROCHE;0.026;;;
GINE;0.026;;;
ALMONTE;0.026;;;
LIZASO;0.026;;;
CIURANA;0.026;;;
LUZ;0.026;;;
SOLDEVILLA;0.026;;;
ESTELA;0.026;;;
ALDAZ;0.026;;;
SUCH;0.026;;;
MARCELO;0.026;;;
MUSTAFA;0.026;;;
CASIMIRO;0.026;;;
GARRIGUES;0.026;;;
CHULIA;0.026;;;
TAPIADOR;0.026;;;
GALARRAGA;0.026;;;
SUBIRA;0.026;;;
GUEMES;0.026;;;
CASAÑ;0.026;;;
AROSTEGUI;0.025;;;
ASTIGARRAGA;0.025;;;
CABRA;0.025;;;
GAMO;0.025;;;
CERCOS;0.025;;;
FRADE;0.025;;;
RIBALTA;0.025;;;
HERENCIA;0.025;;;
LECUONA;0.025;;;
CURADO;0.025;;;
BOTO;0.025;;;
CALPE;0.025;;;
LOURO;0.025;;;
PERPIÑA;0.025;;;
DEL REAL;0.025;;;
MACIAN;0.025;;;
ORTELLS;0.025;;;
PELLON;0.025;;;
TIERNO;0.025;;;
FREITAS;0.025;;;
MEMBRIVES;0.025;;;
RON;0.025;;;
MICHELENA;0.025;;;
VICIOSO;0.025;;;
NADALES;0.025;;;
BELLOT;0.025;;;
JAIMEZ;0.025;;;
JORBA;0.025;;;
MONTAGUD;0.025;;;
RUBIÑO;0.025;;;
FREIRIA;0.025;;;
CABAL;0.025;;;
MOUZO;0.025;;;
ALBIZU;0.025;;;
CAÑON;0.025;;;
ALBORS;0.025;;;
JUANOLA;0.025;;;
COPETE;0.025;;;
CAMBERO;0.025;;;
FERRES;0.025;;;
CARNEROS;0.025;;;
RABOSO;0.025;;;
FIBLA;0.025;;;
ENRICH;0.025;;;
TAJUELO;0.025;;;
CENDON;0.025;;;
SIMANCAS;0.025;;;
OLIVENCIA;0.025;;;
FERRIOL;0.025;;;
BURGUETE;0.025;;;
PERA;0.025;;;
ENGUIDANOS;0.025;;;
LAMARCA;0.025;;;
PAULINO;0.025;;;
ALCEDO;0.025;;;
CORONIL;0.025;;;
CHORRO;0.025;;;
RONDAN;0.025;;;
PARADELA;0.025;;;
CANSECO;0.025;;;
AMER;0.025;;;
ROYUELA;0.025;;;
DEL PUERTO;0.025;;;
DE GEA;0.025;;;
FORNELL;0.025;;;
MOGOLLON;0.025;;;
LOUZAO;0.025;;;
SANFELIX;0.025;;;
BERGA;0.025;;;
VILLAMARIN;0.025;;;
LIROLA;0.025;;;
FEO;0.025;;;
LARRAZABAL;0.025;;;
SOTOCA;0.025;;;
ANTONA;0.025;;;
IBARS;0.025;;;
ABRANTE;0.025;;;
SEGUNDO;0.025;;;
TURPIN;0.025;;;
NAVIA;0.025;;;
MAGARIÑOS;0.025;;;
ARASA;0.025;;;
FARRAS;0.025;;;
BARGALLO;0.025;;;
RENAU;0.025;;;
GARCIA MORENO;0.025;;;
ETXABE;0.025;;;
NAVASCUES;0.025;;;
GARCIAS;0.025;;;
VILLASEÑOR;0.025;;;
CANSINO;0.025;;;
LERIN;0.025;;;
TIENDA;0.025;;;
INSAUSTI;0.025;;;
VALENTI;0.025;;;
CAYETANO;0.025;;;
TERRAZAS;0.025;;;
ZAPLANA;0.025;;;
OTEGUI;0.025;;;
JAÑEZ;0.025;;;
OLVEIRA;0.025;;;
PILAR;0.025;;;
AZOR;0.025;;;
MILA;0.025;;;
ARBIZU;0.025;;;
LOMBARDIA;0.025;;;
DE LARA;0.025;;;
BALDE;0.025;;;
IRUELA;0.025;;;
DEL CURA;0.025;;;
CHAVARRI;0.025;;;
DEL BLANCO;0.025;;;
GALDOS;0.025;;;
VEGARA;0.025;;;
ERAZO;0.025;;;
CASTILLERO;0.025;;;
ITURRIOZ;0.025;;;
DAVO;0.025;;;
ESPERT;0.025;;;
TOBOSO;0.025;;;
POUSO;0.025;;;
RUBIANO;0.025;;;
BASCONES;0.025;;;
CANTILLO;0.024;;;
ESTEVA;0.024;;;
LOSILLA;0.024;;;
SAIDI;0.024;;;
COCERA;0.024;;;
CASTRESANA;0.024;;;
HASSAN;0.024;;;
ESPASANDIN;0.024;;;
CAMPILLOS;0.024;;;
FOLGUEIRA;0.024;;;
FRIGOLA;0.024;;;
LARRAZ;0.024;;;
MANTEIGA;0.024;;;
VOZMEDIANO;0.024;;;
ANIDO;0.024;;;
PELEGRI;0.024;;;
GINARD;0.024;;;
MARGARIT;0.024;;;
ALMENAR;0.024;;;
ARMIJO;0.024;;;
TORICES;0.024;;;
DONAT;0.024;;;
EL MOUSSAOUI;0.024;;;
POUSADA;0.024;;;
MENCHERO;0.024;;;
PLANTON;0.024;;;
ROCH;0.024;;;
OREJA;0.024;;;
ILLA;0.024;;;
CALVACHE;0.024;;;
ARRUABARRENA;0.024;;;
FRANCOS;0.024;;;
GASCA;0.024;;;
ABASOLO;0.024;;;
AIRA;0.024;;;
ARAMENDI;0.024;;;
SALAR;0.024;;;
PATERNA;0.024;;;
SENTIS;0.024;;;
TOAPANTA;0.024;;;
FERRAZ;0.024;;;
MOMPEAN;0.024;;;
BORDOY;0.024;;;
RESINO;0.024;;;
BOMBIN;0.024;;;
CUBILLAS;0.024;;;
BETANZOS;0.024;;;
LEMES;0.024;;;
SANMIGUEL;0.024;;;
BERASATEGUI;0.024;;;
LANCHA;0.024;;;
RIVADULLA;0.024;;;
TRILLA;0.024;;;
HABA;0.024;;;
ALVARIÑO;0.024;;;
COVELO;0.024;;;
BARRERAS;0.024;;;
SOLANES;0.024;;;
CUÑAT;0.024;;;
BENGOETXEA;0.024;;;
DUCH;0.024;;;
PICHEL;0.024;;;
GASSO;0.024;;;
FLORENCIO;0.024;;;
PARAMIO;0.024;;;
ADAM;0.024;;;
FARO;0.024;;;
CAJA;0.024;;;
ALEN;0.024;;;
MASSANET;0.024;;;
RICA;0.024;;;
NOGUERO;0.024;;;
RIBO;0.024;;;
LANUZA;0.024;;;
BACH;0.024;;;
ALBERICH;0.024;;;
EIROA;0.024;;;
AMORIN;0.024;;;
INGELMO;0.024;;;
LAREDO;0.024;;;
ESCLAPEZ;0.024;;;
BARCOS;0.024;;;
LLUIS;0.024;;;
NOGUEIRAS;0.024;;;
ENGUIX;0.024;;;
MARIANO;0.024;;;
GRANADA;0.024;;;
ALMARZA;0.024;;;
BUIZA;0.024;;;
MARES;0.024;;;
ALBUIXECH;0.024;;;
CEREIJO;0.024;;;
BARBADO;0.024;;;
DENGRA;0.024;;;
EMBID;0.024;;;
ARTIGUES;0.024;;;
CANEDA;0.024;;;
HERRERAS;0.024;;;
CORRALIZA;0.024;;;
ABADIAS;0.024;;;
BIEDMA;0.023;;;
RAMIL;0.023;;;
VILLOSLADA;0.023;;;
PAGOLA;0.023;;;
ARAUZO;0.023;;;
COSSIO;0.023;;;
ARRONIZ;0.023;;;
VILLANOVA;0.023;;;
MORCUENDE;0.023;;;
ECHAVARRI;0.023;;;
RAÑA;0.023;;;
MORIANO;0.023;;;
PIÑAS;0.023;;;
ALBELDA;0.023;;;
CHIA;0.023;;;
CINTADO;0.023;;;
COUÑAGO;0.023;;;
DEL HIERRO;0.023;;;
AMIL;0.023;;;
CASAUS;0.023;;;
CALDENTEY;0.023;;;
BALMASEDA;0.023;;;
CIENFUEGOS;0.023;;;
FREIXA;0.023;;;
ESTESO;0.023;;;
PEDRERA;0.023;;;
DEL CORRAL;0.023;;;
ZULUETA;0.023;;;
CORIA;0.023;;;
CARRIZOSA;0.023;;;
FARRAN;0.023;;;
TABUENCA;0.023;;;
CAMPINS;0.023;;;
PALLEJA;0.023;;;
SUBIAS;0.023;;;
MASFERRER;0.023;;;
CARRERES;0.023;;;
ALAMILLO;0.023;;;
TORREMOCHA;0.023;;;
CANTADOR;0.023;;;
TORMOS;0.023;;;
CARRASQUILLA;0.023;;;
ELICES;0.023;;;
COTAN;0.023;;;
ABDEL LAH;0.023;;;
ACEÑA;0.023;;;
GUERREIRO;0.023;;;
OLID;0.023;;;
LEONARDO;0.023;;;
SOLIÑO;0.023;;;
MOLPECERES;0.023;;;
CEBRIA;0.023;;;
VILLAPLANA;0.023;;;
SALTO;0.023;;;
CAYUELAS;0.023;;;
CALAFAT;0.023;;;
CALAFELL;0.023;;;
RABAL;0.023;;;
MONTELONGO;0.023;;;
ARAMENDIA;0.023;;;
FLORENSA;0.023;;;
SALOMON;0.023;;;
DAMIAN;0.023;;;
CASTANEDO;0.023;;;
VILLORA;0.023;;;
AROCHA;0.023;;;
CORREIA;0.023;;;
SAN ANDRES;0.023;;;
PECHARROMAN;0.023;;;
DIONISIO;0.023;;;
ALMENA;0.023;;;
HERGUEDAS;0.023;;;
ALDA;0.023;;;
AZOFRA;0.023;;;
MUNICIO;0.023;;;
SEISDEDOS;0.023;;;
CASARRUBIOS;0.023;;;
ALAYON;0.023;;;
REALES;0.023;;;
COTILLAS;0.023;;;
PRENDES;0.023;;;
ALOMAR;0.023;;;
RUFINO;0.023;;;
LEANDRO;0.023;;;
MAGRANER;0.023;;;
ONRUBIA;0.023;;;
GUILLOT;0.023;;;
FERNANDEZ PACHECO;0.023;;;
PELLITERO;0.023;;;
FORCADELL;0.023;;;
ROSENDE;0.023;;;
GERPE;0.023;;;
BUSTELO;0.023;;;
GALCERAN;0.023;;;
ADALID;0.023;;;
PESO;0.023;;;
JUARISTI;0.023;;;
CAIZA;0.023;;;
VICIANA;0.023;;;
MOVILLA;0.023;;;
VILLACAÑAS;0.023;;;
REYNES;0.023;;;
NOGUER;0.023;;;
MORENA;0.023;;;
ALVITE;0.023;;;
PAYERAS;0.023;;;
GINESTA;0.023;;;
TERRES;0.023;;;
TOQUERO;0.023;;;
GANDULLO;0.023;;;
OLIVO;0.023;;;
ARTIME;0.023;;;
SOMOLINOS;0.023;;;
DORRONSORO;0.023;;;
LINDO;0.023;;;
ARAGONESES;0.023;;;
SOTERAS;0.023;;;
CHAPELA;0.023;;;
AÑO;0.023;;;
PLEGUEZUELOS;0.023;;;
TRIANO;0.023;;;
EGUIZABAL;0.023;;;
SOLARES;0.023;;;
PORTUGUES;0.023;;;
LECUMBERRI;0.023;;;
CALAHORRO;0.023;;;
ILLANES;0.023;;;
GAVIÑO;0.023;;;
YUSTA;0.023;;;
ALBALA;0.023;;;
RIAZA;0.023;;;
LACAMBRA;0.023;;;
CERVELLO;0.023;;;
SOBRAL;0.023;;;
JARDON;0.023;;;
TOURIÑO;0.023;;;
DUVAL;0.023;;;
CABELLOS;0.023;;;
CUÑADO;0.023;;;
DRIS;0.023;;;
QUIÑONEZ;0.023;;;
POLA;0.023;;;
ZUBIETA;0.023;;;
SOL;0.023;;;
SERENO;0.023;;;
CALLADO;0.023;;;
AGUINAGA;0.023;;;
SIEIRA;0.023;;;
PIJUAN;0.023;;;
SEVA;0.023;;;
AZPIROZ;0.023;;;
SOSPEDRA;0.023;;;
KAUR;0.023;;;
BRONCANO;0.023;;;
ARROJO;0.023;;;
BRINGAS;0.023;;;
HIJANO;0.023;;;
TORA;0.023;;;
BAGUENA;0.023;;;
AL LAL;0.023;;;
BORGE;0.023;;;
CERPA;0.023;;;
ROCES;0.022;;;
TAIBO;0.022;;;
LEBRERO;0.022;;;
OTEO;0.022;;;
IQBAL;0.022;;;
SORRIBAS;0.022;;;
MOCHOLI;0.022;;;
LIBERAL;0.022;;;
ARILLA;0.022;;;
MADRUGA;0.022;;;
NEGREIRA;0.022;;;
GUISASOLA;0.022;;;
CAÑIBANO;0.022;;;
MIÑAMBRES;0.022;;;
LOBON;0.022;;;
RAMBLA;0.022;;;
NIEBLA;0.022;;;
LLOVERAS;0.022;;;
ALMIRALL;0.022;;;
MASSANA;0.022;;;
HORNOS;0.022;;;
ENSEÑAT;0.022;;;
BURGUILLOS;0.022;;;
MORE;0.022;;;
MARZA;0.022;;;
ARDURA;0.022;;;
SUAU;0.022;;;
SERVAN;0.022;;;
CANDELARIO;0.022;;;
CASASNOVAS;0.022;;;
ARBOS;0.022;;;
MUNNE;0.022;;;
UNZUETA;0.022;;;
MAICAS;0.022;;;
RUBIN;0.022;;;
URIBARRI;0.022;;;
BARRIL;0.022;;;
ARVELO;0.022;;;
PORTAL;0.022;;;
COGOLLUDO;0.022;;;
FALAGAN;0.022;;;
SIMAL;0.022;;;
VIZCAYA;0.022;;;
BEIRO;0.022;;;
AHMAD;0.022;;;
LISON;0.022;;;
ARGEMI;0.022;;;
COLETO;0.022;;;
FUEYO;0.022;;;
ERASO;0.022;;;
COSME;0.022;;;
OYA;0.022;;;
HINOJO;0.022;;;
CALDAS;0.022;;;
LAMELAS;0.022;;;
BERTOLIN;0.022;;;
ARAÑA;0.022;;;
RODADO;0.022;;;
SAMPAYO;0.022;;;
ANDIA;0.022;;;
GESTO;0.022;;;
CONDORI;0.022;;;
ALCIVAR;0.022;;;
PARRALES;0.022;;;
ARCHILLA;0.022;;;
BOBADILLA;0.022;;;
GUALLAR;0.022;;;
HONRADO;0.022;;;
GARVI;0.022;;;
DEL ROSAL;0.022;;;
FENOLLOSA;0.022;;;
CHIRIVELLA;0.022;;;
LANDEIRA;0.022;;;
RIOBO;0.022;;;
DASILVA;0.022;;;
PONCE DE LEON;0.022;;;
ALMIRON;0.022;;;
REINO;0.022;;;
OREJUELA;0.022;;;
CORROTO;0.022;;;
GRASA;0.022;;;
BENAGES;0.022;;;
RAFOLS;0.022;;;
MEIJIDE;0.022;;;
RAMO;0.022;;;
GILES;0.022;;;
VILLUENDAS;0.022;;;
BONASTRE;0.022;;;
HORTA;0.022;;;
ALBAREDA;0.022;;;
ERRASTI;0.022;;;
DE LA CUESTA;0.022;;;
BAÑEZ;0.022;;;
DACAL;0.022;;;
ALCORTA;0.022;;;
JAVALOYES;0.022;;;
ZEA;0.022;;;
BAILO;0.022;;;
LUZARDO;0.022;;;
REJON;0.022;;;
MARINO;0.022;;;
SILVENTE;0.022;;;
MONTEALEGRE;0.022;;;
PALOMERA;0.022;;;
MECO;0.022;;;
BERNALDEZ;0.022;;;
COLINAS;0.022;;;
JAPON;0.022;;;
ITURRIAGA;0.022;;;
JOAQUIN;0.022;;;
CLOTET;0.022;;;
MARCET;0.022;;;
BARBANCHO;0.022;;;
REMACHA;0.022;;;
VALADES;0.022;;;
JUNCOSA;0.022;;;
PLACERES;0.022;;;
CIA;0.022;;;
OBIOLS;0.022;;;
COUSELO;0.022;;;
CUNILL;0.022;;;
GARZA;0.022;;;
SANCHIDRIAN;0.022;;;
LAJARA;0.022;;;
BAH;0.022;;;
ZAS;0.022;;;
REOLID;0.022;;;
MOSTAZO;0.022;;;
VILLAMIL;0.022;;;
MADRONA;0.022;;;
REMESAL;0.022;;;
CAÑABATE;0.022;;;
MATAIX;0.022;;;
LLOBREGAT;0.022;;;
ALAEZ;0.022;;;
DENIA;0.022;;;
ABELEDO;0.022;;;
CLAPES;0.022;;;
OBANDO;0.022;;;
HIPOLITO;0.022;;;
CERNUDA;0.022;;;
ILLERA;0.022;;;
ORRIOLS;0.022;;;
ROSON;0.022;;;
DE LA SERNA;0.022;;;
GOROSTIZA;0.022;;;
FRANCIA;0.022;;;
THOMAS;0.022;;;
ACIN;0.022;;;
GAVILANES;0.022;;;
CARVALHO;0.022;;;
ESPINEL;0.022;;;
CLUA;0.022;;;
GENOVES;0.022;;;
MASANA;0.022;;;
SMITH;0.022;;;
AYESTARAN;0.022;;;
IRAZABAL;0.022;;;
GALI;0.022;;;
BERNARDOS;0.022;;;
YEPEZ;0.022;;;
GARRUCHO;0.022;;;
TAHIRI;0.022;;;
MAQUIEIRA;0.022;;;
DEL CAÑO;0.021;;;
COUCE;0.021;;;
ARANBURU;0.021;;;
IRIZAR;0.021;;;
RICHARTE;0.021;;;
AZUAGA;0.021;;;
ORMEÑO;0.021;;;
GOMA;0.021;;;
ZUBIA;0.021;;;
MARCELINO;0.021;;;
ORBEGOZO;0.021;;;
GUILLO;0.021;;;
DEL CANTO;0.021;;;
MARBAN;0.021;;;
OBRERO;0.021;;;
PRADILLO;0.021;;;
BARRAJON;0.021;;;
VIGUERA;0.021;;;
TENREIRO;0.021;;;
ACEBEDO;0.021;;;
SUESCUN;0.021;;;
CERQUEIRA;0.021;;;
GALILEA;0.021;;;
ATIENZAR;0.021;;;
GARCIA CONSUEGRA;0.021;;;
AGEA;0.021;;;
YOLDI;0.021;;;
BELLMUNT;0.021;;;
TISCAR;0.021;;;
LAS HERAS;0.021;;;
NOGUE;0.021;;;
CANCELO;0.021;;;
ESPINOS;0.021;;;
PLANS;0.021;;;
FENOLLAR;0.021;;;
GALICIA;0.021;;;
GOMEZ CALCERRADA;0.021;;;
LLAVERO;0.021;;;
CALDUCH;0.021;;;
RANCHAL;0.021;;;
CLARAMONTE;0.021;;;
BULLON;0.021;;;
MARCOTE;0.021;;;
SERON;0.021;;;
AGUNDEZ;0.021;;;
RENGIFO;0.021;;;
PARENTE;0.021;;;
TORAN;0.021;;;
DONET;0.021;;;
MOURELLE;0.021;;;
LINO;0.021;;;
ARRILLAGA;0.021;;;
CASTAÑOS;0.021;;;
FUNEZ;0.021;;;
MARDONES;0.021;;;
CUBO;0.021;;;
ARLANDIS;0.021;;;
ZALDUA;0.021;;;
JUNYENT;0.021;;;
CAMUS;0.021;;;
ALBO;0.021;;;
BERISTAIN;0.021;;;
ORAMAS;0.021;;;
GAVIN;0.021;;;
BRAÑAS;0.021;;;
AGUILELLA;0.021;;;
MATAMALA;0.021;;;
JAUREGI;0.021;;;
IRLES;0.021;;;
LARUMBE;0.021;;;
RACIONERO;0.021;;;
IBEAS;0.021;;;
PERIBAÑEZ;0.021;;;
FERRA;0.021;;;
ESMORIS;0.021;;;
SARRIAS;0.021;;;
ESCUDE;0.021;;;
ESCUER;0.021;;;
ALCAINA;0.021;;;
PACO;0.021;;;
FALL;0.021;;;
MONTAVEZ;0.021;;;
MIRAVET;0.021;;;
BADA;0.021;;;
COSIN;0.021;;;
LEPE;0.021;;;
ESCABIAS;0.021;;;
AZPEITIA;0.021;;;
BURRIEL;0.021;;;
FORONDA;0.021;;;
GULLON;0.021;;;
COMIN;0.021;;;
ARGOTE;0.021;;;
ROCHER;0.021;;;
OVALLE;0.021;;;
CARCAMO;0.021;;;
MAÑES;0.021;;;
ESCORIHUELA;0.021;;;
ZUGASTI;0.021;;;
EL OUAHABI;0.021;;;
TATAY;0.021;;;
GAVIRIA;0.021;;;
BALSEIRO;0.021;;;
GABILONDO;0.021;;;
LOZADA;0.021;;;
EVANGELISTA;0.021;;;
ROSSELL;0.021;;;
PERDIGON;0.021;;;
RUESCAS;0.021;;;
BONACHE;0.021;;;
WANG;0.021;;;
EZCURRA;0.021;;;
BORREGA;0.021;;;
VERGE;0.021;;;
BUJ;0.021;;;
DANIEL;0.021;;;
BONED;0.021;;;
RENTERIA;0.021;;;
HUELAMO;0.021;;;
ARREGI;0.021;;;
FEAL;0.021;;;
BAZO;0.021;;;
CORBERA;0.021;;;
VILLAVICENCIO;0.021;;;
VIA;0.021;;;
ZARRAGA;0.021;;;
LLOBELL;0.021;;;
OTEIZA;0.021;;;
OTAL;0.021;;;
AYERBE;0.021;;;
ALCAINE;0.021;;;
DIAZ MAROTO;0.021;;;
GRAN;0.021;;;
IBARRONDO;0.021;;;
PODADERA;0.021;;;
GUARDEÑO;0.021;;;
ROBAYNA;0.021;;;
LAX;0.021;;;
ETXANIZ;0.021;;;
PERDIGONES;0.021;;;
BENAIGES;0.021;;;
TURRADO;0.021;;;
DEL AMOR;0.021;;;
CHICON;0.021;;;
MISA;0.021;;;
FONTANA;0.021;;;
PERTUSA;0.021;;;
MARROQUIN;0.021;;;
GRANDAL;0.021;;;
DE LA PLAZA;0.021;;;
CAÑADILLAS;0.021;;;
CAROL;0.021;;;
ALBIACH;0.021;;;
LECHON;0.021;;;
TOBIAS;0.021;;;
AROCAS;0.021;;;
TAVIRA;0.021;;;
BURGUILLO;0.021;;;
VILLAJOS;0.021;;;
ZAMARREÑO;0.021;;;
MACEIRA;0.021;;;
MAIQUEZ;0.021;;;
BESTEIRO;0.021;;;
BANDA;0.021;;;
QUIRANTE;0.021;;;
SANTOLAYA;0.021;;;
SALHI;0.021;;;
PRESAS;0.021;;;
CALLAU;0.021;;;
CORREDOIRA;0.021;;;
TENZA;0.021;;;
OTAMENDI;0.021;;;
LLANA;0.021;;;
GRAELLS;0.021;;;
SANTOYO;0.021;;;
HUESCA;0.021;;;
INTRIAGO;0.021;;;
PEQUEÑO;0.021;;;
ERRO;0.021;;;
LOPE;0.021;;;
TORTOLA;0.021;;;
SARDON;0.021;;;
BASURTO;0.021;;;
RICOTE;0.021;;;
GRAO;0.021;;;
BENEITO;0.021;;;
ZAVALA;0.021;;;
CANAS;0.021;;;
VERNET;0.020;;;
ALLEGUE;0.020;;;
JOVEN;0.020;;;
PARRES;0.020;;;
MUNTANER;0.020;;;
BAILE;0.020;;;
BOX;0.020;;;
CANDIL;0.020;;;
MAINAR;0.020;;;
QUER;0.020;;;
SENDINO;0.020;;;
LAGAR;0.020;;;
CAMBON;0.020;;;
PENIN;0.020;;;
ECHAVE;0.020;;;
PERIÑAN;0.020;;;
AGREDANO;0.020;;;
ESQUIVA;0.020;;;
MUROS;0.020;;;
REVERON;0.020;;;
BECEIRO;0.020;;;
CARULLA;0.020;;;
EL HARRAK;0.020;;;
REJAS;0.020;;;
ZUDAIRE;0.020;;;
ETAYO;0.020;;;
NAJARRO;0.020;;;
MUNGUIA;0.020;;;
ROMANOS;0.020;;;
PALAZUELOS;0.020;;;
BERNET;0.020;;;
ALCACER;0.020;;;
TERROBA;0.020;;;
ABEIJON;0.020;;;
LANCHAS;0.020;;;
BELTRE;0.020;;;
RABANEDA;0.020;;;
JANER;0.020;;;
MOZOS;0.020;;;
RAMILO;0.020;;;
TOURAY;0.020;;;
DOLERA;0.020;;;
MORENILLA;0.020;;;
TORNEL;0.020;;;
PUÑAL;0.020;;;
BOJ;0.020;;;
VIVERO;0.020;;;
HUESCAR;0.020;;;
PLANELLA;0.020;;;
FRASQUET;0.020;;;
RIUTORT;0.020;;;
GRANIZO;0.020;;;
PUYUELO;0.020;;;
ARRUE;0.020;;;
AHEDO;0.020;;;
FERRERUELA;0.020;;;
BASTERRECHEA;0.020;;;
BULNES;0.020;;;
CARDEÑA;0.020;;;
MIRETE;0.020;;;
BAU;0.020;;;
LLEO;0.020;;;
PAJARO;0.020;;;
BRUGUERA;0.020;;;
MONTERROSO;0.020;;;
VICTORIO;0.020;;;
MEDINILLA;0.020;;;
RODIL;0.020;;;
AYATS;0.020;;;
LISTA;0.020;;;
SAMBLAS;0.020;;;
GALDO;0.020;;;
SANDIN;0.020;;;
BALDA;0.020;;;
COSIO;0.020;;;
JAMBRINA;0.020;;;
BEN;0.020;;;
SENENT;0.020;;;
PUMAR;0.020;;;
FLECHA;0.020;;;
RETAMAL;0.020;;;
VERDEGUER;0.020;;;
BIZCOCHO;0.020;;;
CAMBLOR;0.020;;;
SELFA;0.020;;;
PELAZ;0.020;;;
SIRERA;0.020;;;
SOPEÑA;0.020;;;
GUEYE;0.020;;;
MONTOSA;0.020;;;
GARDUÑO;0.020;;;
MERINERO;0.020;;;
PUIGVERT;0.020;;;
VALLECILLOS;0.020;;;
MOLIST;0.020;;;
SOROLLA;0.020;;;
ENCINA;0.020;;;
VIOQUE;0.020;;;
LEGARRETA;0.020;;;
VASALLO;0.020;;;
MUGURUZA;0.020;;;
TEJON;0.020;;;
ROLLON;0.020;;;
DE LA ASUNCION;0.020;;;
MONTAÑANA;0.020;;;
GOZALBO;0.020;;;
TRIBALDOS;0.020;;;
TAJES;0.020;;;
ARROBA;0.020;;;
PEDREGAL;0.020;;;
MARTA;0.020;;;
SABIDO;0.020;;;
SARAVIA;0.020;;;
LERENA;0.020;;;
ESCRIHUELA;0.020;;;
ANDRINO;0.020;;;
AROCENA;0.020;;;
FERRETE;0.020;;;
CASTELAO;0.020;;;
URCELAY;0.020;;;
BABIANO;0.020;;;
HORTIGUELA;0.020;;;
MUNIESA;0.020;;;
CODES;0.020;;;
MELGOSA;0.020;;;
SABORIT;0.020;;;
ZUMAQUERO;0.020;;;
GASULLA;0.020;;;
LONGO;0.020;;;
ZAHONERO;0.020;;;
SACO;0.020;;;
OUTEIRAL;0.020;;;
BARTUAL;0.020;;;
QUEIPO;0.020;;;
GUITIAN;0.020;;;
ALZOLA;0.020;;;
TROITIÑO;0.020;;;
ALIJA;0.020;;;
SESMERO;0.020;;;
VILORIA;0.020;;;
CASTREJON;0.020;;;
ANILLO;0.020;;;
DE PRADA;0.020;;;
PORTUGAL;0.020;;;
URRACA;0.020;;;
ABIA;0.020;;;
MIÑO;0.020;;;
REMIRO;0.020;;;
ANTOÑANZAS;0.020;;;
OLIVES;0.020;;;
ROGEL;0.020;;;
LLEIXA;0.020;;;
BATUECAS;0.020;;;
OLMEDILLA;0.020;;;
LAMEIRO;0.020;;;
MONTESERIN;0.020;;;
SOLTERO;0.020;;;
AGRAMUNT;0.020;;;
ALLO;0.020;;;
BATET;0.020;;;
GALVIN;0.020;;;
GURRUCHAGA;0.020;;;
VIGUERAS;0.020;;;
CLAVEL;0.020;;;
COLMENAREJO;0.020;;;
GOMARA;0.020;;;
JARABA;0.020;;;
OLABARRIA;0.020;;;
PIN;0.020;;;
RODIÑO;0.020;;;
FRANQUESA;0.020;;;
DE LA NUEZ;0.020;;;
BRAZA;0.020;;;
AZNAREZ;0.020;;;
MARCEN;0.020;;;
MORALEJO;0.020;;;
IGARTUA;0.020;;;
BAIGORRI;0.020;;;
LANCHARRO;0.020;;;
PUJALTE;0.020;;;
BOQUETE;0.020;;;
PUY;0.020;;;
DE CABO;0.020;;;
ESTARLICH;0.020;;;
GRIMALDI;0.019;;;
ARAGO;0.019;;;
MOLINE;0.019;;;
LIN;0.019;;;
LLOVERA;0.019;;;
BATANERO;0.019;;;
QUINTANO;0.019;;;
BALSELLS;0.019;;;
ALZAMORA;0.019;;;
AMBROS;0.019;;;
CHOZAS;0.019;;;
PICOS;0.019;;;
BERGUA;0.019;;;
GALBIS;0.019;;;
FONTANALS;0.019;;;
ARIZMENDI;0.019;;;
EZPELETA;0.019;;;
ALCANTUD;0.019;;;
SOLIZ;0.019;;;
SEGUROLA;0.019;;;
PADRO;0.019;;;
SISO;0.019;;;
CIVIT;0.019;;;
MIRAVETE;0.019;;;
ZABALLA;0.019;;;
GARRETA;0.019;;;
AVIÑO;0.019;;;
URUEÑA;0.019;;;
BARDON;0.019;;;
LORIENTE;0.019;;;
LIRA;0.019;;;
YELAMOS;0.019;;;
COMENDADOR;0.019;;;
HERRANDO;0.019;;;
VITERI;0.019;;;
TERRASA;0.019;;;
CAPELO;0.019;;;
YARZA;0.019;;;
LLEONART;0.019;;;
SANTACANA;0.019;;;
MENDIVIL;0.019;;;
FELGUERA;0.019;;;
MEMBRILLA;0.019;;;
INES;0.019;;;
RONCAL;0.019;;;
CLAR;0.019;;;
RIDAO;0.019;;;
VIDA;0.019;;;
BAZAGA;0.019;;;
CILLERO;0.019;;;
CASTEDO;0.019;;;
MOZAS;0.019;;;
BRIZUELA;0.019;;;
ALBALATE;0.019;;;
BARGUEÑO;0.019;;;
VANRELL;0.019;;;
URIZAR;0.019;;;
TRIPIANA;0.019;;;
BERNAUS;0.019;;;
MANZANAS;0.019;;;
CAPA;0.019;;;
UZAL;0.019;;;
ENGUITA;0.019;;;
ANTOLI;0.019;;;
TOJO;0.019;;;
REMEDIOS;0.019;;;
BOVE;0.019;;;
GOYANES;0.019;;;
TELLADO;0.019;;;
GROS;0.019;;;
MALIA;0.019;;;
TORREÑO;0.019;;;
TORRUBIA;0.019;;;
PENSADO;0.019;;;
ESPASA;0.019;;;
ORFILA;0.019;;;
DE VERA;0.019;;;
CORTELL;0.019;;;
PENALBA;0.019;;;
VENTOSO;0.019;;;
PINTEÑO;0.019;;;
EJARQUE;0.019;;;
HINAREJOS;0.019;;;
CELDA;0.019;;;
URIZ;0.019;;;
ALMANZA;0.019;;;
GRIJALBA;0.019;;;
PANADES;0.019;;;
ROMERAL;0.019;;;
ALCOBENDAS;0.019;;;
ARGILES;0.019;;;
BUCH;0.019;;;
CALCERRADA;0.019;;;
RIOFRIO;0.019;;;
LABELLA;0.019;;;
TORIO;0.019;;;
ROMANI;0.019;;;
CORRO;0.019;;;
PELEGRINA;0.019;;;
LANAU;0.019;;;
CLOS;0.019;;;
SADABA;0.019;;;
FERMIN;0.019;;;
ROMERO DE AVILA;0.019;;;
GROBA;0.019;;;
PARRAMON;0.019;;;
ALDAY;0.019;;;
BALADA;0.019;;;
GIRBES;0.019;;;
SANTAFE;0.019;;;
BERAZA;0.019;;;
MURGUI;0.019;;;
ARISTIZABAL;0.019;;;
ALCANTARILLA;0.019;;;
MINGUET;0.019;;;
LLORACH;0.019;;;
REPULLO;0.019;;;
LAHERA;0.019;;;
OBISPO;0.019;;;
CES;0.019;;;
BURGUES;0.019;;;
SAUGAR;0.019;;;
OROSA;0.019;;;
CALZADILLA;0.019;;;
PURAS;0.019;;;
MIMUN;0.019;;;
MANZANEDA;0.019;;;
MORLA;0.019;;;
VISIEDO;0.019;;;
ROEL;0.019;;;
LACUEVA;0.019;;;
ZARZOSO;0.019;;;
BALTANAS;0.019;;;
ROSET;0.019;;;
GABAS;0.019;;;
BORDA;0.019;;;
GRANDIO;0.019;;;
DEL BOSQUE;0.019;;;
CANGA;0.019;;;
MARINAS;0.019;;;
MEIZOSO;0.019;;;
PILA;0.019;;;
PEIDRO;0.019;;;
BRUÑA;0.019;;;
MUNTANE;0.019;;;
HERVIAS;0.019;;;
HUELVA;0.019;;;
ALMEDA;0.019;;;
MENCHEN;0.019;;;
CEACERO;0.019;;;
PONTES;0.019;;;
RILO;0.019;;;
BELLAS;0.019;;;
RUMBO;0.019;;;
SANROMA;0.019;;;
TRUJILLANO;0.019;;;
URDA;0.019;;;
CARTON;0.019;;;
DE CARLOS;0.019;;;
ALANIS;0.019;;;
MOHAMMAD;0.019;;;
CARROZA;0.019;;;
LARRIBA;0.019;;;
COTE;0.019;;;
CEBOLLADA;0.019;;;
URTASUN;0.019;;;
ARRATIBEL;0.019;;;
PORCUNA;0.019;;;
MARIJUAN;0.019;;;
HUAMAN;0.019;;;
DURANGO;0.019;;;
TORVISCO;0.019;;;
SANTIBAÑEZ;0.019;;;
LLOVET;0.019;;;
SAMPOL;0.019;;;
CAMPON;0.019;;;
DIESTRO;0.019;;;
FERRUS;0.019;;;
MANTAS;0.019;;;
SOLBES;0.019;;;
MARINE;0.019;;;
RIBE;0.019;;;
BARBON;0.019;;;
FRADEJAS;0.019;;;
CAPELL;0.019;;;
GARVIN;0.019;;;
DELTELL;0.019;;;
ESCRICH;0.019;;;
ORERO;0.019;;;
ROIZ;0.019;;;
LABARTA;0.019;;;
ADELANTADO;0.019;;;
ALISEDA;0.019;;;
SOW;0.019;;;
BUA;0.019;;;
SANTESTEBAN;0.019;;;
ORUE;0.019;;;
DE COS;0.019;;;
SELLARES;0.019;;;
TORREIRO;0.018;;;
TOYOS;0.018;;;
JUST;0.018;;;
BODI;0.018;;;
BLANC;0.018;;;
VILLAGRA;0.018;;;
BERGILLOS;0.018;;;
TUSET;0.018;;;
RAMAL;0.018;;;
YUS;0.018;;;
FIGUERES;0.018;;;
TOSTADO;0.018;;;
CUQUERELLA;0.018;;;
GUIX;0.018;;;
MACHIO;0.018;;;
CANA;0.018;;;
SANCHEZ MIGALLON;0.018;;;
COLLAR;0.018;;;
CARNE;0.018;;;
BERJANO;0.018;;;
CASTELLET;0.018;;;
GOROSTIAGA;0.018;;;
CASTELLAR;0.018;;;
VANEGAS;0.018;;;
FONTES;0.018;;;
PRUDENCIO;0.018;;;
FACAL;0.018;;;
COY;0.018;;;
CHIVITE;0.018;;;
TERESA;0.018;;;
RUSO;0.018;;;
REMIREZ;0.018;;;
CALABRIA;0.018;;;
CANOS;0.018;;;
PAZMIÑO;0.018;;;
CLARA;0.018;;;
TALON;0.018;;;
PERAN;0.018;;;
PIMIENTA;0.018;;;
AGRELO;0.018;;;
SOUZA;0.018;;;
JOSA;0.018;;;
PEDRON;0.018;;;
ROZA;0.018;;;
ANDALUZ;0.018;;;
CAÑEDO;0.018;;;
MIRAGAYA;0.018;;;
VILLAGRAN;0.018;;;
TUREGANO;0.018;;;
GIGANTE;0.018;;;
PABON;0.018;;;
SECADES;0.018;;;
GARCERAN;0.018;;;
CALAHORRA;0.018;;;
BANDRES;0.018;;;
DE LA CHICA;0.018;;;
PUJOLS;0.018;;;
RUFIAN;0.018;;;
UBACH;0.018;;;
BENAYAS;0.018;;;
PEREIRAS;0.018;;;
RUIZ DE AZUA;0.018;;;
LUZURIAGA;0.018;;;
AZKUE;0.018;;;
LIJO;0.018;;;
RUFETE;0.018;;;
GUIO;0.018;;;
SANFELIU;0.018;;;
NIUBO;0.018;;;
ARTETA;0.018;;;
DEL CID;0.018;;;
BAHILLO;0.018;;;
BORQUE;0.018;;;
BLASI;0.018;;;
FELEZ;0.018;;;
NIN;0.018;;;
CALVAR;0.018;;;
VAYA;0.018;;;
CANDO;0.018;;;
LAIZ;0.018;;;
BERRAQUERO;0.018;;;
VILLAFAÑE;0.018;;;
SALMON;0.018;;;
FARGAS;0.018;;;
TORRUELLA;0.018;;;
PARDILLO;0.018;;;
CARRICONDO;0.018;;;
ROALES;0.018;;;
MUNILLA;0.018;;;
HUALDE;0.018;;;
ANTICH;0.018;;;
SAMPERE;0.018;;;
QUINTANAR;0.018;;;
CORTE;0.018;;;
DONADO;0.018;;;
AMUEDO;0.018;;;
VENTEO;0.018;;;
UTRERO;0.018;;;
GALVIS;0.018;;;
MAGALLANES;0.018;;;
FERRARI;0.018;;;
MATARRANZ;0.018;;;
FORTUÑO;0.018;;;
LLONA;0.018;;;
CASTAÑE;0.018;;;
VIÑOLO;0.018;;;
TORREZ;0.018;;;
RECUENCO;0.018;;;
ESPERON;0.018;;;
FEMENIAS;0.018;;;
SAHAGUN;0.018;;;
GARBAYO;0.018;;;
RASTROJO;0.018;;;
CALDERO;0.018;;;
REVUELTO;0.018;;;
MIRAVALLES;0.018;;;
ARGUESO;0.018;;;
JARABO;0.018;;;
CONCA;0.018;;;
ARBIOL;0.018;;;
DEVORA;0.018;;;
CALVA;0.018;;;
GAMA;0.018;;;
TORRESANO;0.018;;;
BALTAR;0.018;;;
ORTE;0.018;;;
PERUJO;0.018;;;
BONA;0.018;;;
LASIERRA;0.018;;;
VALDEPEÑAS;0.018;;;
MANGADO;0.018;;;
BALLESTE;0.018;;;
ARCONADA;0.018;;;
AHIJADO;0.018;;;
SIEIRO;0.018;;;
CLOQUELL;0.018;;;
ZERPA;0.018;;;
MINA;0.018;;;
YERGA;0.018;;;
PIEDRAFITA;0.018;;;
NOGAL;0.018;;;
BAÑA;0.018;;;
ZAMBUDIO;0.018;;;
SEGADOR;0.018;;;
BAZTAN;0.018;;;
BELTRA;0.018;;;
ALLOZA;0.018;;;
ARDANAZ;0.018;;;
FILGUEIRAS;0.018;;;
MAROÑO;0.018;;;
DIAZ DE CERIO;0.018;;;
MENARGUEZ;0.018;;;
ALEPUZ;0.018;;;
FERNANDO;0.018;;;
PAINO;0.018;;;
COLLELL;0.018;;;
BRIOSO;0.018;;;
SAURI;0.018;;;
TERES;0.018;;;
SUSO;0.018;;;
SAGUES;0.018;;;
IBARGUREN;0.018;;;
AMIEVA;0.018;;;
BES;0.018;;;
RAGEL;0.018;;;
GUMIEL;0.018;;;
DARDER;0.018;;;
MORAGON;0.018;;;
LLAGOSTERA;0.018;;;
DEL MONTE;0.018;;;
LLAMBRICH;0.018;;;
ALVEAR;0.018;;;
NIANG;0.018;;;
DE FELIPE;0.018;;;
FIGUERA;0.018;;;
CANELO;0.018;;;
HERGUETA;0.018;;;
FRONTERA;0.018;;;
JALON;0.018;;;
LOPETEGUI;0.018;;;
BARCENAS;0.018;;;
CIVANTOS;0.018;;;
CAÑESTRO;0.018;;;
GUNDIN;0.018;;;
AMARILLA;0.018;;;
LEZA;0.018;;;
CABADO;0.018;;;
CASTELLOTE;0.018;;;
CAMESELLE;0.018;;;
CANADELL;0.018;;;
;;;;
;;;;
;;;;
;;;;
